pin,office_name,district_id,state_id,district_name,state_name,delivery_status,division,region,circle
233001,Ghazipur HO,UP-Ghazipur,UP,Ghazipur,Uttar Pradesh,Delivery,Ghazipur Division,Varanasi Region,Uttar Pradesh Circle
231001,Mirzapur HO,UP-Mirzapur,UP,Mirzapur,Uttar Pradesh,Delivery,Mirzapur Division,Prayagraj Regional Office,Uttar Pradesh Circle
230001,Pratapgarh HO,UP-Pratapgarh,UP,Pratapgarh,Uttar Pradesh,Delivery,Pratapgarh Division,Prayagraj Regional Office,Uttar Pradesh Circle
246701,Bijnor HO,UP-Bijnor,UP,Bijnor,Uttar Pradesh,Delivery,Bijnor Division,Bareilly Region,Uttar Pradesh Circle
241001,Hardoi HO,UP-Hardoi,UP,Hardoi,Uttar Pradesh,Delivery,Hardoi Division,Bareilly Region,Uttar Pradesh Circle
262701,Kheri HO,UP-Kheri,UP,Kheri,Uttar Pradesh,Delivery,Kheri Division,Bareilly Region,Uttar Pradesh Circle
250611,Baraut HO,UP-Baghpat,UP,Baghpat,Uttar Pradesh,Delivery,Baghpat Division,Bareilly Region,Uttar Pradesh Circle
275101,Mau HO,UP-Mau,UP,Mau,Uttar Pradesh,Delivery,Azamgarh Division,Gorakhpur Region,Uttar Pradesh Circle
272207,SIDDHARTH NAGAR H.O,UP-Siddharth Nagar,UP,Siddharth Nagar,Uttar Pradesh,Delivery,Basti Division,Gorakhpur Region,Uttar Pradesh Circle
210001,Banda HO,UP-Banda,UP,Banda,Uttar Pradesh,Delivery,Banda Division,Kanpur Region,Uttar Pradesh Circle
224001,Faizabad HO,UP-Ayodhya,UP,Ayodhya,Uttar Pradesh,Delivery,Faizabad Division,Lucknow  HQ Region,Uttar Pradesh Circle
246149,Kotdwara HO,UK-Pauri Garhwal,UK,Pauri Garhwal,Uttarakhand,Delivery,Pauri Division,DivReportingCircle,Uttarakhand Circle
246001,Pauri HO,UK-Pauri Garhwal,UK,Pauri Garhwal,Uttarakhand,Delivery,Pauri Division,DivReportingCircle,Uttarakhand Circle
700124,Barasat HO,WB-24 Paraganas North,WB,24 Paraganas North,West Bengal,Delivery,Barasat Division,Kolkata Region,West Bengal Circle
742137,Kandi HO,WB-Murshidabad,WB,Murshidabad,West Bengal,Delivery,Murshidabad Division,Kolkata Region,West Bengal Circle
734101,Darjeeling HO,WB-Darjeeling,WB,Darjeeling,West Bengal,Delivery,Darjeeling Division,North Bengal Region,West Bengal Circle
737101,Gangtok HO,SK-East District,SK,East District,Sikkim,Delivery,Sikkim Division,DivReportingCircle,West Bengal Circle
713301,Asansol HO,WB-Paschim Bardhaman,WB,Paschim Bardhaman,West Bengal,Delivery,Asansol Division,South Bengal Region,West Bengal Circle
711106,Salkia HO,WB-Howrah,WB,Howrah,West Bengal,Delivery,Howrah Division,South Bengal Region,West Bengal Circle
504001,Adilabad Collectorate S.O,TS-Adilabad,TS,Adilabad,Telangana,Non Delivery,Adilabad Division,Hyderabad Region,Telangana Circle
504101,Basar S.O,TS-Nirmal,TS,Nirmal,Telangana,Delivery,Adilabad Division,Hyderabad Region,Telangana Circle
504304,Boath S.O,TS-Adilabad,TS,Adilabad,Telangana,Delivery,Adilabad Division,Hyderabad Region,Telangana Circle
504110,Chincholi  S.O,TS-Nirmal,TS,Nirmal,Telangana,Delivery,Adilabad Division,Hyderabad Region,Telangana Circle
504313,Jainoor S.O,TS-Kumuram Bheem Asifabad,TS,Kumuram Bheem Asifabad,Telangana,Delivery,Adilabad Division,Hyderabad Region,Telangana Circle
504106,Kasba S.O,TS-Nirmal,TS,Nirmal,Telangana,Non Delivery,Adilabad Division,Hyderabad Region,Telangana Circle
504107,RGU IIIT Campus Basar S.O,TS-Nirmal,TS,Nirmal,Telangana,Delivery,Adilabad Division,Hyderabad Region,Telangana Circle
504251,Bellampalli S.O,TS-Mancherial,TS,Mancherial,Telangana,Delivery,Adilabad Division,Hyderabad Region,Telangana Circle
504201,Chinnoor S.O,TS-Mancherial,TS,Mancherial,Telangana,Delivery,Adilabad Division,Hyderabad Region,Telangana Circle
504205,Jannaram S.O,TS-Mancherial,TS,Mancherial,Telangana,Delivery,Adilabad Division,Hyderabad Region,Telangana Circle
504292,Rebbena S.O,TS-Kumuram Bheem Asifabad,TS,Kumuram Bheem Asifabad,Telangana,Delivery,Adilabad Division,Hyderabad Region,Telangana Circle
504303,Srirampur Colony S.O,TS-Mancherial,TS,Mancherial,Telangana,Delivery,Adilabad Division,Hyderabad Region,Telangana Circle
506151,Peddapendyal S.O,TS-Hanumakonda,TS,Hanumakonda,Telangana,Delivery,Hanamkonda Division,Hyderabad Region,Telangana Circle
506011,Reddicolony S.O,TS-Hanumakonda,TS,Hanumakonda,Telangana,Non Delivery,Hanamkonda Division,Hyderabad Region,Telangana Circle
506001,Subedari S.O,TS-Hanumakonda,TS,Hanumakonda,Telangana,Non Delivery,Hanamkonda Division,Hyderabad Region,Telangana Circle
506175,Jangaon Bazar S.O,TS-Jangoan,TS,Jangoan,Telangana,Delivery,Hanamkonda Division,Hyderabad Region,Telangana Circle
506367,Maddur S.O,TS-Siddipet,TS,Siddipet,Telangana,Delivery,Hanamkonda Division,Hyderabad Region,Telangana Circle
506165,Eturunagaram S.O,TS-Mulugu,TS,Mulugu,Telangana,Delivery,Hanamkonda Division,Hyderabad Region,Telangana Circle
506349,Mallampalli S.O,TS-Mulugu,TS,Mulugu,Telangana,Delivery,Hanamkonda Division,Hyderabad Region,Telangana Circle
506343,Mulug S.O,TS-Mulugu,TS,Mulugu,Telangana,Delivery,Hanamkonda Division,Hyderabad Region,Telangana Circle
506391,Nadikuda S.O,TS-Warangal,TS,Warangal,Telangana,Delivery,Hanamkonda Division,Hyderabad Region,Telangana Circle
505330,Ailapur S.O,TS-Jagitial,TS,Jagitial,Telangana,Delivery,Karimnagar Division,Hyderabad Region,Telangana Circle
505455,Pochampad Project Colony S.O,TS-Jagitial,TS,Jagitial,Telangana,Delivery,Karimnagar Division,Hyderabad Region,Telangana Circle
505529,Polas S.O,TS-Jagitial,TS,Jagitial,Telangana,Delivery,Karimnagar Division,Hyderabad Region,Telangana Circle
505001,Collectorate Complex S.O,TS-Karimnagar,TS,Karimnagar,Telangana,Non Delivery,Karimnagar Division,Hyderabad Region,Telangana Circle
505451,Kothapalli S.O,TS-Karimnagar,TS,Karimnagar,Telangana,Delivery,Karimnagar Division,Hyderabad Region,Telangana Circle
505002,Mukharampura S.O,TS-Karimnagar,TS,Karimnagar,Telangana,Delivery,Karimnagar Division,Hyderabad Region,Telangana Circle
505481,Nustulapur S.O,TS-Karimnagar,TS,Karimnagar,Telangana,Delivery,Karimnagar Division,Hyderabad Region,Telangana Circle
505530,Thotapalli S.O,TS-Siddipet,TS,Siddipet,Telangana,Delivery,Karimnagar Division,Hyderabad Region,Telangana Circle
509152,Alampur S.O,TS-Jogulamba Gadwal,TS,Jogulamba Gadwal,Telangana,Delivery,Mahabubnagar Division,Hyderabad Region,Telangana Circle
509130,Amerchinta S.O,TS-Wanaparthy,TS,Wanaparthy,Telangana,Delivery,Mahabubnagar Division,Hyderabad Region,Telangana Circle
509128,Manavapad S.O,TS-Jogulamba Gadwal,TS,Jogulamba Gadwal,Telangana,Delivery,Mahabubnagar Division,Hyderabad Region,Telangana Circle
509153,Undavelly S.O,TS-Jogulamba Gadwal,TS,Jogulamba Gadwal,Telangana,Delivery,Mahabubnagar Division,Hyderabad Region,Telangana Circle
509382,Bhutpur S.O,TS-Mahabubnagar,TS,Mahabubnagar,Telangana,Delivery,Mahabubnagar Division,Hyderabad Region,Telangana Circle
509204,Devarkadra S.O,TS-Mahabubnagar,TS,Mahabubnagar,Telangana,Delivery,Mahabubnagar Division,Hyderabad Region,Telangana Circle
509001,Hanumanpura S.O,TS-Mahabubnagar,TS,Mahabubnagar,Telangana,Non Delivery,Mahabubnagar Division,Hyderabad Region,Telangana Circle
509002,Ind. Estate S.O,TS-Mahabubnagar,TS,Mahabubnagar,Telangana,Delivery,Mahabubnagar Division,Hyderabad Region,Telangana Circle
509411,Maddur S.O,TS-Narayanpet,TS,Narayanpet,Telangana,Delivery,Mahabubnagar Division,Hyderabad Region,Telangana Circle
509351,Marrikal S.O,TS-Narayanpet,TS,Narayanpet,Telangana,Delivery,Mahabubnagar Division,Hyderabad Region,Telangana Circle
509340,Nawabpet S.O,TS-Mahabubnagar,TS,Mahabubnagar,Telangana,Delivery,Mahabubnagar Division,Hyderabad Region,Telangana Circle
509001,Osmangunj S.O,TS-Mahabubnagar,TS,Mahabubnagar,Telangana,Non Delivery,Mahabubnagar Division,Hyderabad Region,Telangana Circle
502335,Masaipet S.O,TS-Medak,TS,Medak,Telangana,Delivery,Medak Division,Hyderabad City Region,Telangana Circle
502110,Medak Buss stand S.O,TS-Medak,TS,Medak,Telangana,Non Delivery,Medak Division,Hyderabad City Region,Telangana Circle
502110,Medak Town S.O,TS-Medak,TS,Medak,Telangana,Non Delivery,Medak Division,Hyderabad City Region,Telangana Circle
502125,Podichanpally S.O,TS-Medak,TS,Medak,Telangana,Delivery,Medak Division,Hyderabad City Region,Telangana Circle
502103,Bharathnagar Town S.O,TS-Siddipet,TS,Siddipet,Telangana,Non Delivery,Medak Division,Hyderabad City Region,Telangana Circle
502108,Dubbak S.O,TS-Siddipet,TS,Siddipet,Telangana,Delivery,Medak Division,Hyderabad City Region,Telangana Circle
508248,Devarakonda S.O,TS-Nalgonda,TS,Nalgonda,Telangana,Delivery,Nalgonda Division,Hyderabad Region,Telangana Circle
508243,Kondamallepalli S.O,TS-Nalgonda,TS,Nalgonda,Telangana,Delivery,Nalgonda Division,Hyderabad Region,Telangana Circle
508256,Gurrampode S.O,TS-Nalgonda,TS,Nalgonda,Telangana,Delivery,Nalgonda Division,Hyderabad Region,Telangana Circle
503174,APSP Camp S.O,TS-Nizamabad,TS,Nizamabad,Telangana,Delivery,Nizamabad Division,Hyderabad Region,Telangana Circle
503218,Kissannagar S.O,TS-Nizamabad,TS,Nizamabad,Telangana,Delivery,Nizamabad Division,Hyderabad Region,Telangana Circle
503225,Modtad S.O,TS-Nizamabad,TS,Nizamabad,Telangana,Delivery,Nizamabad Division,Hyderabad Region,Telangana Circle
503124,Lingampet S.O,TS-Kamareddy,TS,Kamareddy,Telangana,Delivery,Nizamabad Division,Hyderabad Region,Telangana Circle
503185,Bodhan S.O,TS-Nizamabad,TS,Nizamabad,Telangana,Delivery,Nizamabad Division,Hyderabad Region,Telangana Circle
503001,Kotagalli S.O,TS-Nizamabad,TS,Nizamabad,Telangana,Non Delivery,Nizamabad Division,Hyderabad Region,Telangana Circle
505122,Jammikunta S.O,TS-Karimnagar,TS,Karimnagar,Telangana,Delivery,Peddapalli Division,Hyderabad Region,Telangana Circle
505153,Kalvasrirampur S.O,TS-Peddapalli,TS,Peddapalli,Telangana,Delivery,Peddapalli Division,Hyderabad Region,Telangana Circle
505129,Khadeemabadi S.O,TS-Karimnagar,TS,Karimnagar,Telangana,Delivery,Peddapalli Division,Hyderabad Region,Telangana Circle
505471,Mulkunur S.O,TS-Hanumakonda,TS,Hanumakonda,Telangana,Delivery,Peddapalli Division,Hyderabad Region,Telangana Circle
505505,Ootur S.O,TS-Karimnagar,TS,Karimnagar,Telangana,Delivery,Peddapalli Division,Hyderabad Region,Telangana Circle
505101,Uppal S.O,TS-Hanumakonda,TS,Hanumakonda,Telangana,Delivery,Peddapalli Division,Hyderabad Region,Telangana Circle
505480,Vangara S.O,TS-Hanumakonda,TS,Hanumakonda,Telangana,Delivery,Peddapalli Division,Hyderabad Region,Telangana Circle
505476,Yelkathurthi S.O,TS-Hanumakonda,TS,Hanumakonda,Telangana,Delivery,Peddapalli Division,Hyderabad Region,Telangana Circle
505209,Godavarikhani S.O,TS-Peddapalli,TS,Peddapalli,Telangana,Delivery,Peddapalli Division,Hyderabad Region,Telangana Circle
505172,Peddapalli R.S S.O,TS-Peddapalli,TS,Peddapalli,Telangana,Non Delivery,Peddapalli Division,Hyderabad Region,Telangana Circle
502032,A.I.E. R.C.puram S.O,TS-Sangareddy,TS,Sangareddy,Telangana,Non Delivery,Sangareddy Division,Hyderabad City Region,Telangana Circle
502325,Aie Bollaram S.O,TS-Sangareddy,TS,Sangareddy,Telangana,Delivery,Sangareddy Division,Hyderabad City Region,Telangana Circle
502345,Kamkole S.O,TS-Sangareddy,TS,Sangareddy,Telangana,Delivery,Sangareddy Division,Hyderabad City Region,Telangana Circle
502285,Kandi S.O,TS-Sangareddy,TS,Sangareddy,Telangana,Delivery,Sangareddy Division,Hyderabad City Region,Telangana Circle
502032,Mig Colony S.O,TS-Sangareddy,TS,Sangareddy,Telangana,Non Delivery,Sangareddy Division,Hyderabad City Region,Telangana Circle
502205,O.F.Yeddumailaram S.O,TS-Sangareddy,TS,Sangareddy,Telangana,Delivery,Sangareddy Division,Hyderabad City Region,Telangana Circle
502293,Singoor Project S.O,TS-Sangareddy,TS,Sangareddy,Telangana,Delivery,Sangareddy Division,Hyderabad City Region,Telangana Circle
502034,Tellapur S.O,TS-Sangareddy,TS,Sangareddy,Telangana,Delivery,Sangareddy Division,Hyderabad City Region,Telangana Circle
508204,Huzurnagar S.O,TS-Suryapet,TS,Suryapet,Telangana,Delivery,Suryapet Division,Hyderabad Region,Telangana Circle
508247,Thipparthi S.O,TS-Nalgonda,TS,Nalgonda,Telangana,Delivery,Suryapet Division,Hyderabad Region,Telangana Circle
508213,Bank Street S.O,TS-Suryapet,TS,Suryapet,Telangana,Non Delivery,Suryapet Division,Hyderabad Region,Telangana Circle
508214,I.E.Suryapet S.O,TS-Suryapet,TS,Suryapet,Telangana,Delivery,Suryapet Division,Hyderabad Region,Telangana Circle
508205,Kattangur S.O,TS-Nalgonda,TS,Nalgonda,Telangana,Delivery,Suryapet Division,Hyderabad Region,Telangana Circle
508233,Munagala S.O,TS-Suryapet,TS,Suryapet,Telangana,Delivery,Suryapet Division,Hyderabad Region,Telangana Circle
509202,Balanagar S.O,TS-Mahabubnagar,TS,Mahabubnagar,Telangana,Delivery,Wanaparthy Division,Hyderabad Region,Telangana Circle
509358,Kadthal S.O,TS-Ranga Reddy,TS,Ranga Reddy,Telangana,Delivery,Wanaparthy Division,Hyderabad Region,Telangana Circle
509206,Gopalpet S.O,TS-Wanaparthy,TS,Wanaparthy,Telangana,Delivery,Wanaparthy Division,Hyderabad Region,Telangana Circle
509235,Thoodukurthy S.O,TS-Nagarkurnool,TS,Nagarkurnool,Telangana,Delivery,Wanaparthy Division,Hyderabad Region,Telangana Circle
509376,Uppununthala S.O,TS-Nagarkurnool,TS,Nagarkurnool,Telangana,Delivery,Wanaparthy Division,Hyderabad Region,Telangana Circle
506135,Kothaguda S.O,TS-Mahabubabad,TS,Mahabubabad,Telangana,Delivery,Warangal Division,Hyderabad Region,Telangana Circle
506104,Neerada S.O,TS-Mahabubabad,TS,Mahabubabad,Telangana,Delivery,Warangal Division,Hyderabad Region,Telangana Circle
506369,Redlawada S.O,TS-Warangal,TS,Warangal,Telangana,Delivery,Warangal Division,Hyderabad Region,Telangana Circle
506007,K.M.College S.O,TS-Hanumakonda,TS,Hanumakonda,Telangana,Delivery,Warangal Division,Hyderabad Region,Telangana Circle
506002,Kasibugga S.O,TS-Hanumakonda,TS,Hanumakonda,Telangana,Non Delivery,Warangal Division,Hyderabad Region,Telangana Circle
506310,Panthani S.O,TS-Hanumakonda,TS,Hanumakonda,Telangana,Delivery,Warangal Division,Hyderabad Region,Telangana Circle
506005,Rangshaipet S.O,TS-Hanumakonda,TS,Hanumakonda,Telangana,Delivery,Warangal Division,Hyderabad Region,Telangana Circle
500018,Bharat Nagar Colony S.O,TS-Medchal–Malkajgiri,TS,Medchal–Malkajgiri,Telangana,Non Delivery,Hyderabad City Division,Hyderabad City Region,Telangana Circle
500033,Jubilee Hills S.O,TS-Hyderabad,TS,Hyderabad,Telangana,Delivery,Hyderabad City Division,Hyderabad City Region,Telangana Circle
500008,Kakatiya Nagar S.O,TS-Hyderabad,TS,Hyderabad,Telangana,Non Delivery,Hyderabad City Division,Hyderabad City Region,Telangana Circle
500038,Vengal Rao Nagar S.O,TS-Hyderabad,TS,Hyderabad,Telangana,Non Delivery,Hyderabad City Division,Hyderabad City Region,Telangana Circle
500008,Golconda S.O,TS-Hyderabad,TS,Hyderabad,Telangana,Delivery,Hyderabad City Division,Hyderabad City Region,Telangana Circle
500006,Kulsumpura S.O,TS-Hyderabad,TS,Hyderabad,Telangana,Non Delivery,Hyderabad City Division,Hyderabad City Region,Telangana Circle
500001,Moazzampura S.O,TS-Hyderabad,TS,Hyderabad,Telangana,Non Delivery,Hyderabad City Division,Hyderabad City Region,Telangana Circle
500001,Putlibowli S.O,TS-Hyderabad,TS,Hyderabad,Telangana,Non Delivery,Hyderabad City Division,Hyderabad City Region,Telangana Circle
500004,Vidhan Sabha S.O,TS-Hyderabad,TS,Hyderabad,Telangana,Non Delivery,Hyderabad City Division,Hyderabad City Region,Telangana Circle
500064,Bahadurpura S.O,TS-Hyderabad,TS,Hyderabad,Telangana,Delivery,Hyderabad South East Division,Hyderabad City Region,Telangana Circle
500066,High Court S.O,TS-Hyderabad,TS,Hyderabad,Telangana,Delivery,Hyderabad South East Division,Hyderabad City Region,Telangana Circle
500048,Hyderguda S.O,TS-Ranga Reddy,TS,Ranga Reddy,Telangana,Delivery,Hyderabad South East Division,Hyderabad City Region,Telangana Circle
500069,Research Centre Imarat S.O,TS-Ranga Reddy,TS,Ranga Reddy,Telangana,Delivery,Hyderabad South East Division,Hyderabad City Region,Telangana Circle
500052,S.V.P.N.P.A. S.O,TS-Ranga Reddy,TS,Ranga Reddy,Telangana,Delivery,Hyderabad South East Division,Hyderabad City Region,Telangana Circle
500023,Yakutpura S.O,TS-Hyderabad,TS,Hyderabad,Telangana,Delivery,Hyderabad South East Division,Hyderabad City Region,Telangana Circle
500108,R.G.I. Airport S.O,TS-Ranga Reddy,TS,Ranga Reddy,Telangana,Delivery,Hyderabad South East Division,Hyderabad City Region,Telangana Circle
500113,Kandukur S.O,TS-Ranga Reddy,TS,Ranga Reddy,Telangana,Delivery,Hyderabad South East Division,Hyderabad City Region,Telangana Circle
500027,Barkatpura S.O,TS-Hyderabad,TS,Hyderabad,Telangana,Non Delivery,Hyderabad South East Division,Hyderabad City Region,Telangana Circle
500092,Boduppal S.O,TS-Medchal–Malkajgiri,TS,Medchal–Malkajgiri,Telangana,Delivery,Hyderabad South East Division,Hyderabad City Region,Telangana Circle
500060,Dilsukhnagar Colony S.O,TS-Ranga Reddy,TS,Ranga Reddy,Telangana,Non Delivery,Hyderabad South East Division,Hyderabad City Region,Telangana Circle
501505,Hayatnagar S.O,TS-Ranga Reddy,TS,Ranga Reddy,Telangana,Delivery,Hyderabad South East Division,Hyderabad City Region,Telangana Circle
500051,Hindustan Cables S.O,TS-Medchal–Malkajgiri,TS,Medchal–Malkajgiri,Telangana,Delivery,Hyderabad South East Division,Hyderabad City Region,Telangana Circle
500074,Lal Bahadurnagar S.O,TS-Ranga Reddy,TS,Ranga Reddy,Telangana,Delivery,Hyderabad South East Division,Hyderabad City Region,Telangana Circle
500098,Medipalli S.O,TS-Medchal–Malkajgiri,TS,Medchal–Malkajgiri,Telangana,Delivery,Hyderabad South East Division,Hyderabad City Region,Telangana Circle
500044,Nallakunta S.O,TS-Hyderabad,TS,Hyderabad,Telangana,Non Delivery,Hyderabad South East Division,Hyderabad City Region,Telangana Circle
500102,Rama Krishnapuram S.O,TS-Ranga Reddy,TS,Ranga Reddy,Telangana,Delivery,Hyderabad South East Division,Hyderabad City Region,Telangana Circle
500079,Vaishalinagar S.O,TS-Ranga Reddy,TS,Ranga Reddy,Telangana,Delivery,Hyderabad South East Division,Hyderabad City Region,Telangana Circle
501509,Yacharam S.O,TS-Ranga Reddy,TS,Ranga Reddy,Telangana,Delivery,Hyderabad South East Division,Hyderabad City Region,Telangana Circle
500079,Hasthinapuram S.O,TS-Ranga Reddy,TS,Ranga Reddy,Telangana,Non Delivery,Hyderabad South East Division,Hyderabad City Region,Telangana Circle
500080,Gandhinagar S.O,TS-Hyderabad,TS,Hyderabad,Telangana,Delivery,Secunderabad Division,Hyderabad City Region,Telangana Circle
500061,Sitaphalmandi S.O,TS-Hyderabad,TS,Hyderabad,Telangana,Delivery,Secunderabad Division,Hyderabad City Region,Telangana Circle
501302,RAMPALLY SO,TS-Medchal–Malkajgiri,TS,Medchal–Malkajgiri,Telangana,Delivery,Secunderabad Division,Hyderabad City Region,Telangana Circle
500043,Airforce Academy S.O,TS-Medchal–Malkajgiri,TS,Medchal–Malkajgiri,Telangana,Delivery,Secunderabad Division,Hyderabad City Region,Telangana Circle
500047,Anandbagh S.O,TS-Hyderabad,TS,Hyderabad,Telangana,Non Delivery,Secunderabad Division,Hyderabad City Region,Telangana Circle
500015,EME Records S.O,TS-Hyderabad,TS,Hyderabad,Telangana,Non Delivery,Secunderabad Division,Hyderabad City Region,Telangana Circle
500014,Hakimpet S.O,TS-Hyderabad,TS,Hyderabad,Telangana,Delivery,Secunderabad Division,Hyderabad City Region,Telangana Circle
500054,HMT Township S.O,TS-Medchal–Malkajgiri,TS,Medchal–Malkajgiri,Telangana,Delivery,Secunderabad Division,Hyderabad City Region,Telangana Circle
501401,Medchal S.O,TS-Medchal–Malkajgiri,TS,Medchal–Malkajgiri,Telangana,Delivery,Secunderabad Division,Hyderabad City Region,Telangana Circle
501106,Kotpalli S.O,TS-Vikarabad,TS,Vikarabad,Telangana,Delivery,Secunderabad Division,Hyderabad City Region,Telangana Circle
501111,Nawabpet S.O,TS-Vikarabad,TS,Vikarabad,Telangana,Delivery,Secunderabad Division,Hyderabad City Region,Telangana Circle
515413,Bhogasamudram Project S.O,AP-Anantapur,AP,Anantapur,Andhra Pradesh,Delivery,Anantapur Division,Kurnool Region,Andhra Pradesh Circle
515701,Bukkarayasamudram S.O,AP-Anantapur,AP,Anantapur,Andhra Pradesh,Delivery,Anantapur Division,Kurnool Region,Andhra Pradesh Circle
515004,Georgepet S.O,AP-Anantapur,AP,Anantapur,Andhra Pradesh,Delivery,Anantapur Division,Kurnool Region,Andhra Pradesh Circle
515722,Jayalakshmipuram S.O (Ananthapur),AP-Anantapur,AP,Anantapur,Andhra Pradesh,Delivery,Anantapur Division,Kurnool Region,Andhra Pradesh Circle
515761,Kalyandurg Bazar S.O,AP-Anantapur,AP,Anantapur,Andhra Pradesh,Non Delivery,Anantapur Division,Kurnool Region,Andhra Pradesh Circle
515765,Kambadur S.O,AP-Anantapur,AP,Anantapur,Andhra Pradesh,Delivery,Anantapur Division,Kurnool Region,Andhra Pradesh Circle
515721,Kandukur S.O,AP-Anantapur,AP,Anantapur,Andhra Pradesh,Delivery,Anantapur Division,Kurnool Region,Andhra Pradesh Circle
515004,Motilal Street S.O,AP-Anantapur,AP,Anantapur,Andhra Pradesh,Non Delivery,Anantapur Division,Kurnool Region,Andhra Pradesh Circle
515001,Satyanandanagar S.O,AP-Anantapur,AP,Anantapur,Andhra Pradesh,Non Delivery,Anantapur Division,Kurnool Region,Andhra Pradesh Circle
515435,Singanamala S.O,AP-Anantapur,AP,Anantapur,Andhra Pradesh,Delivery,Anantapur Division,Kurnool Region,Andhra Pradesh Circle
515411,Tadpatri Extension S.O,AP-Anantapur,AP,Anantapur,Andhra Pradesh,Non Delivery,Anantapur Division,Kurnool Region,Andhra Pradesh Circle
515465,Yellanur S.O,AP-Anantapur,AP,Anantapur,Andhra Pradesh,Delivery,Anantapur Division,Kurnool Region,Andhra Pradesh Circle
515401,Gooty Bazaar S.O,AP-Anantapur,AP,Anantapur,Andhra Pradesh,Non Delivery,Anantapur Division,Kurnool Region,Andhra Pradesh Circle
515801,Guntakal Market S.O,AP-Anantapur,AP,Anantapur,Andhra Pradesh,Non Delivery,Anantapur Division,Kurnool Region,Andhra Pradesh Circle
515842,Konakondla S.O,AP-Anantapur,AP,Anantapur,Andhra Pradesh,Delivery,Anantapur Division,Kurnool Region,Andhra Pradesh Circle
515801,Timmanacharla S.O,AP-Anantapur,AP,Anantapur,Andhra Pradesh,Non Delivery,Anantapur Division,Kurnool Region,Andhra Pradesh Circle
515870,Vidapanakal S.O,AP-Anantapur,AP,Anantapur,Andhra Pradesh,Delivery,Anantapur Division,Kurnool Region,Andhra Pradesh Circle
517416,Bangarupalem S.O,AP-Chittoor,AP,Chittoor,Andhra Pradesh,Delivery,Chittoor Division,Kurnool Region,Andhra Pradesh Circle
517127,Murukambattu S.O,AP-Chittoor,AP,Chittoor,Andhra Pradesh,Delivery,Chittoor Division,Kurnool Region,Andhra Pradesh Circle
517599,Vengalrajukuppam S.O,AP-Chittoor,AP,Chittoor,Andhra Pradesh,Delivery,Chittoor Division,Kurnool Region,Andhra Pradesh Circle
516163,Cuddapah Coop Sugars S.O,AP-Y.S.R.,AP,Y.S.R.,Andhra Pradesh,Delivery,Cuddapah Division,Kurnool Region,Andhra Pradesh Circle
516002,Jayanagar S.O (Cuddapah),AP-Y.S.R.,AP,Y.S.R.,Andhra Pradesh,Non Delivery,Cuddapah Division,Kurnool Region,Andhra Pradesh Circle
516203,Khajipet S.O,AP-Y.S.R.,AP,Y.S.R.,Andhra Pradesh,Delivery,Cuddapah Division,Kurnool Region,Andhra Pradesh Circle
516257,Lakkireddy Palli S.O,AP-Y.S.R.,AP,Y.S.R.,Andhra Pradesh,Delivery,Cuddapah Division,Kurnool Region,Andhra Pradesh Circle
516001,Sunnapuralla Palli S.O,AP-Y.S.R.,AP,Y.S.R.,Andhra Pradesh,Non Delivery,Cuddapah Division,Kurnool Region,Andhra Pradesh Circle
516501,Atlur S.O,AP-Y.S.R.,AP,Y.S.R.,Andhra Pradesh,Delivery,Cuddapah Division,Kurnool Region,Andhra Pradesh Circle
516247,Madhavaram S.O (Cuddapah),AP-Y.S.R.,AP,Y.S.R.,Andhra Pradesh,Delivery,Cuddapah Division,Kurnool Region,Andhra Pradesh Circle
516115,Rajampet Rs S.O,AP-Y.S.R.,AP,Y.S.R.,Andhra Pradesh,Non Delivery,Cuddapah Division,Kurnool Region,Andhra Pradesh Circle
516129,Rayavaram S.O (Cuddapah),AP-Y.S.R.,AP,Y.S.R.,Andhra Pradesh,Delivery,Cuddapah Division,Kurnool Region,Andhra Pradesh Circle
515521,Gandlapenta S.O,AP-Sri Sathya Sai,AP,Sri Sathya Sai,Andhra Pradesh,Delivery,Hindupur Division,Kurnool Region,Andhra Pradesh Circle
515591,Kadiri S.O,AP-Sri Sathya Sai,AP,Sri Sathya Sai,Andhra Pradesh,Delivery,Hindupur Division,Kurnool Region,Andhra Pradesh Circle
515159,Krishnapuram S.O (Ananthapur),AP-Sri Sathya Sai,AP,Sri Sathya Sai,Andhra Pradesh,Delivery,Hindupur Division,Kurnool Region,Andhra Pradesh Circle
515154,Pamudurthi S.O,AP-Sri Sathya Sai,AP,Sri Sathya Sai,Andhra Pradesh,Delivery,Hindupur Division,Kurnool Region,Andhra Pradesh Circle
515101,Chennekothapalli S.O,AP-Sri Sathya Sai,AP,Sri Sathya Sai,Andhra Pradesh,Delivery,Hindupur Division,Kurnool Region,Andhra Pradesh Circle
515303,Kallumarri S.O,AP-Anantapur,AP,Anantapur,Andhra Pradesh,Delivery,Hindupur Division,Kurnool Region,Andhra Pradesh Circle
515301,Madakasira S.O,AP-Sri Sathya Sai,AP,Sri Sathya Sai,Andhra Pradesh,Delivery,Hindupur Division,Kurnool Region,Andhra Pradesh Circle
515124,Peddamanthur S.O,AP-Sri Sathya Sai,AP,Sri Sathya Sai,Andhra Pradesh,Delivery,Hindupur Division,Kurnool Region,Andhra Pradesh Circle
515110,Penukonda S.O,AP-Sri Sathya Sai,AP,Sri Sathya Sai,Andhra Pradesh,Delivery,Hindupur Division,Kurnool Region,Andhra Pradesh Circle
518301,Bhar Peta Adoni S.O,AP-Kurnool,AP,Kurnool,Andhra Pradesh,Non Delivery,Kurnool Division,Kurnool Region,Andhra Pradesh Circle
518345,Mantralaya S.O (Kurnool),AP-Kurnool,AP,Kurnool,Andhra Pradesh,Delivery,Kurnool Division,Kurnool Region,Andhra Pradesh Circle
518323,Peddakadubur S.O,AP-Kurnool,AP,Kurnool,Andhra Pradesh,Delivery,Kurnool Division,Kurnool Region,Andhra Pradesh Circle
518301,S.K.D.Nagar S.O,AP-Kurnool,AP,Kurnool,Andhra Pradesh,Non Delivery,Kurnool Division,Kurnool Region,Andhra Pradesh Circle
518360,Yemmiganur bazar S.O,AP-Kurnool,AP,Kurnool,Andhra Pradesh,Non Delivery,Kurnool Division,Kurnool Region,Andhra Pradesh Circle
518004,Bhagya Nagar kurnool S.O,AP-Kurnool,AP,Kurnool,Andhra Pradesh,Non Delivery,Kurnool Division,Kurnool Region,Andhra Pradesh Circle
518222,Dhone S.O,AP-Nandyal,AP,Nandyal,Andhra Pradesh,Delivery,Kurnool Division,Kurnool Region,Andhra Pradesh Circle
518466,Gudur S.O (Kurnool),AP-Kurnool,AP,Kurnool,Andhra Pradesh,Delivery,Kurnool Division,Kurnool Region,Andhra Pradesh Circle
518004,N R Peta KNL S.O,AP-Kurnool,AP,Kurnool,Andhra Pradesh,Delivery,Kurnool Division,Kurnool Region,Andhra Pradesh Circle
518401,Nandikotkur S.O,AP-Nandyal,AP,Nandyal,Andhra Pradesh,Delivery,Nandyal Division,Kurnool Region,Andhra Pradesh Circle
518442,Pamulapadu S.O,AP-Nandyal,AP,Nandyal,Andhra Pradesh,Delivery,Nandyal Division,Kurnool Region,Andhra Pradesh Circle
518102,S.S.Dam East S.O,AP-Nandyal,AP,Nandyal,Andhra Pradesh,Delivery,Nandyal Division,Kurnool Region,Andhra Pradesh Circle
518218,Ulindakonda S.O,AP-Kurnool,AP,Kurnool,Andhra Pradesh,Delivery,Kurnool Division,Kurnool Region,Andhra Pradesh Circle
523334,Besthavari  Peta S.O,AP-Prakasam,AP,Prakasam,Andhra Pradesh,Delivery,Markapur  Division,Vijayawada Region,Andhra Pradesh Circle
523315,Gajjalakonda S.O,AP-Prakasam,AP,Prakasam,Andhra Pradesh,Delivery,Markapur  Division,Vijayawada Region,Andhra Pradesh Circle
523316,Markapur Bazar S.O,AP-Prakasam,AP,Prakasam,Andhra Pradesh,Non Delivery,Markapur  Division,Vijayawada Region,Andhra Pradesh Circle
523332,Tarlupadu S.O,AP-Prakasam,AP,Prakasam,Andhra Pradesh,Delivery,Markapur  Division,Vijayawada Region,Andhra Pradesh Circle
523326,Tripurantakam S.O,AP-Prakasam,AP,Prakasam,Andhra Pradesh,Delivery,Markapur  Division,Vijayawada Region,Andhra Pradesh Circle
518543,Allagadda MDG S.O,AP-Nandyal,AP,Nandyal,Andhra Pradesh,Delivery,Nandyal Division,Kurnool Region,Andhra Pradesh Circle
518124,Banaganapalle South S.O,AP-Nandyal,AP,Nandyal,Andhra Pradesh,Non Delivery,Nandyal Division,Kurnool Region,Andhra Pradesh Circle
518135,Dornipadu S.O,AP-Nandyal,AP,Nandyal,Andhra Pradesh,Delivery,Nandyal Division,Kurnool Region,Andhra Pradesh Circle
518186,Illuri Kotha Peta S.O,AP-Nandyal,AP,Nandyal,Andhra Pradesh,Delivery,Nandyal Division,Kurnool Region,Andhra Pradesh Circle
518145,Nossam S.O,AP-Nandyal,AP,Nandyal,Andhra Pradesh,Delivery,Nandyal Division,Kurnool Region,Andhra Pradesh Circle
518122,Owk S.O,AP-Nandyal,AP,Nandyal,Andhra Pradesh,Delivery,Nandyal Division,Kurnool Region,Andhra Pradesh Circle
518594,Rudravaram S.O,AP-Nandyal,AP,Nandyal,Andhra Pradesh,Delivery,Nandyal Division,Kurnool Region,Andhra Pradesh Circle
518513,Santajutur S.O,AP-Nandyal,AP,Nandyal,Andhra Pradesh,Delivery,Nandyal Division,Kurnool Region,Andhra Pradesh Circle
518501,Tekke S.O,AP-Nandyal,AP,Nandyal,Andhra Pradesh,Non Delivery,Nandyal Division,Kurnool Region,Andhra Pradesh Circle
516434,Jammalamadugu East S.O,AP-Y.S.R.,AP,Y.S.R.,Andhra Pradesh,Non Delivery,Proddatur Division,Kurnool Region,Andhra Pradesh Circle
516359,Korrapadu S.O,AP-Y.S.R.,AP,Y.S.R.,Andhra Pradesh,Delivery,Proddatur Division,Kurnool Region,Andhra Pradesh Circle
516432,Vaddirala S.O,AP-Y.S.R.,AP,Y.S.R.,Andhra Pradesh,Delivery,Proddatur Division,Kurnool Region,Andhra Pradesh Circle
516312,Vv Reddy Nagar S.O,AP-Y.S.R.,AP,Y.S.R.,Andhra Pradesh,Delivery,Proddatur Division,Kurnool Region,Andhra Pradesh Circle
516464,Lavanur S.O,AP-Y.S.R.,AP,Y.S.R.,Andhra Pradesh,Delivery,Proddatur Division,Kurnool Region,Andhra Pradesh Circle
516454,Simhadripuram S.O,AP-Y.S.R.,AP,Y.S.R.,Andhra Pradesh,Delivery,Proddatur Division,Kurnool Region,Andhra Pradesh Circle
516350,Tallapalle S.O,AP-Y.S.R.,AP,Y.S.R.,Andhra Pradesh,Delivery,Proddatur Division,Kurnool Region,Andhra Pradesh Circle
516330,Idupulapaya(IIIT) S.O,AP-Y.S.R.,AP,Y.S.R.,Andhra Pradesh,Delivery,Proddatur Division,Kurnool Region,Andhra Pradesh Circle
517101,Chandragiri Fort S.O,AP-Chittoor,AP,Chittoor,Andhra Pradesh,Non Delivery,Tirupati Division,Kurnool Region,Andhra Pradesh Circle
517193,Chinnagottigallu S.O,AP-Tirupati,AP,Tirupati,Andhra Pradesh,Delivery,Tirupati Division,Kurnool Region,Andhra Pradesh Circle
517297,Gurramkonda S.O,AP-Annamayya,AP,Annamayya,Andhra Pradesh,Delivery,Tirupati Division,Kurnool Region,Andhra Pradesh Circle
517291,Tarigonda S.O,AP-Annamayya,AP,Annamayya,Andhra Pradesh,Delivery,Tirupati Division,Kurnool Region,Andhra Pradesh Circle
517592,Ekambarakuppam S.O,AP-Chittoor,AP,Chittoor,Andhra Pradesh,Delivery,Tirupati Division,Kurnool Region,Andhra Pradesh Circle
517583,Puttur South S.O,AP-Tirupati,AP,Tirupati,Andhra Pradesh,Non Delivery,Tirupati Division,Kurnool Region,Andhra Pradesh Circle
517571,Sri Bommarajapuram S.O,AP-Tirupati,AP,Tirupati,Andhra Pradesh,Delivery,Tirupati Division,Kurnool Region,Andhra Pradesh Circle
517561,Kattakindavenkatapuram S.O,AP-Tirupati,AP,Tirupati,Andhra Pradesh,Delivery,Tirupati Division,Kurnool Region,Andhra Pradesh Circle
517569,Pachikapallam S.O,AP-Chittoor,AP,Chittoor,Andhra Pradesh,Delivery,Tirupati Division,Kurnool Region,Andhra Pradesh Circle
517507,S.V.Medical College S.O,AP-Chittoor,AP,Chittoor,Andhra Pradesh,Non Delivery,Tirupati Division,Kurnool Region,Andhra Pradesh Circle
517502,S.V.University S.O,AP-Tirupati,AP,Tirupati,Andhra Pradesh,Delivery,Tirupati Division,Kurnool Region,Andhra Pradesh Circle
517509,Mangalam S.O,AP-Chittoor,AP,Chittoor,Andhra Pradesh,Delivery,Tirupati Division,Kurnool Region,Andhra Pradesh Circle
534201,Bhimavaram Railway Colony S.O,AP-West Godavari,AP,West Godavari,Andhra Pradesh,Non Delivery,Bhimavaram Division,Vijayawada Region,Andhra Pradesh Circle
534202,D.N.R.College S.O,AP-West Godavari,AP,West Godavari,Andhra Pradesh,Non Delivery,Bhimavaram Division,Vijayawada Region,Andhra Pradesh Circle
534237,Kalla S.O,AP-West Godavari,AP,West Godavari,Andhra Pradesh,Delivery,Bhimavaram Division,Vijayawada Region,Andhra Pradesh Circle
534208,Rayalam S.O,AP-West Godavari,AP,West Godavari,Andhra Pradesh,Delivery,Bhimavaram Division,Vijayawada Region,Andhra Pradesh Circle
534207,Tundurru S.O,AP-West Godavari,AP,West Godavari,Andhra Pradesh,Delivery,Bhimavaram Division,Vijayawada Region,Andhra Pradesh Circle
534245,Viravasaram S.O,AP-West Godavari,AP,West Godavari,Andhra Pradesh,Delivery,Bhimavaram Division,Vijayawada Region,Andhra Pradesh Circle
534250,Lankalakoderu S.O,AP-West Godavari,AP,West Godavari,Andhra Pradesh,Delivery,Bhimavaram Division,Vijayawada Region,Andhra Pradesh Circle
534122,Maruteru S.O,AP-West Godavari,AP,West Godavari,Andhra Pradesh,Delivery,Bhimavaram Division,Vijayawada Region,Andhra Pradesh Circle
534275,Narsapur Bazar S.O,AP-West Godavari,AP,West Godavari,Andhra Pradesh,Non Delivery,Bhimavaram Division,Vijayawada Region,Andhra Pradesh Circle
534211,Hanumantharaopeta S.O,AP-West Godavari,AP,West Godavari,Andhra Pradesh,Non Delivery,Bhimavaram Division,Vijayawada Region,Andhra Pradesh Circle
534211,Sajjapuram S.O,AP-West Godavari,AP,West Godavari,Andhra Pradesh,Non Delivery,Bhimavaram Division,Vijayawada Region,Andhra Pradesh Circle
534326,Sidhantam S.O,AP-West Godavari,AP,West Godavari,Andhra Pradesh,Delivery,Bhimavaram Division,Vijayawada Region,Andhra Pradesh Circle
534432,Denduluru S.O,AP-Eluru,AP,Eluru,Andhra Pradesh,Delivery,Eluru Division,Vijayawada Region,Andhra Pradesh Circle
534006,Eluru Collectorate S.O,AP-Eluru,AP,Eluru,Andhra Pradesh,Non Delivery,Eluru Division,Vijayawada Region,Andhra Pradesh Circle
534442,Kovvali S.O,AP-Eluru,AP,Eluru,Andhra Pradesh,Delivery,Eluru Division,Vijayawada Region,Andhra Pradesh Circle
534002,Power Peta S.O,AP-Eluru,AP,Eluru,Andhra Pradesh,Non Delivery,Eluru Division,Vijayawada Region,Andhra Pradesh Circle
534003,Sanivarapu Peta S.O,AP-Eluru,AP,Eluru,Andhra Pradesh,Delivery,Eluru Division,Vijayawada Region,Andhra Pradesh Circle
534002,Venkata Rao Peta S.O,AP-Eluru,AP,Eluru,Andhra Pradesh,Delivery,Eluru Division,Vijayawada Region,Andhra Pradesh Circle
534475,Vijayarai S.O,AP-Eluru,AP,Eluru,Andhra Pradesh,Delivery,Eluru Division,Vijayawada Region,Andhra Pradesh Circle
534435,Pedavegi,AP-Eluru,AP,Eluru,Andhra Pradesh,Delivery,Eluru Division,Vijayawada Region,Andhra Pradesh Circle
534406,Chebrole S.O (West Godavari),AP-West Godavari,AP,West Godavari,Andhra Pradesh,Delivery,Eluru Division,Vijayawada Region,Andhra Pradesh Circle
534455,Gowrisankara Puram S.O,AP-Eluru,AP,Eluru,Andhra Pradesh,Delivery,Eluru Division,Vijayawada Region,Andhra Pradesh Circle
534416,Kaikaram S.O,AP-West Godavari,AP,West Godavari,Andhra Pradesh,Delivery,Eluru Division,Vijayawada Region,Andhra Pradesh Circle
534311,Kannapuram S.O,AP-Eluru,AP,Eluru,Andhra Pradesh,Delivery,Eluru Division,Vijayawada Region,Andhra Pradesh Circle
534451,Lakkavaram S.O (West Godavari),AP-Eluru,AP,Eluru,Andhra Pradesh,Delivery,Eluru Division,Vijayawada Region,Andhra Pradesh Circle
534461,Pragadavaram S.O,AP-Eluru,AP,Eluru,Andhra Pradesh,Delivery,Eluru Division,Vijayawada Region,Andhra Pradesh Circle
534401,Pulla S.O,AP-Eluru,AP,Eluru,Andhra Pradesh,Delivery,Eluru Division,Vijayawada Region,Andhra Pradesh Circle
521321,Janardhanapuram S.O,AP-Krishna,AP,Krishna,Andhra Pradesh,Delivery,Gudivada Division,Vijayawada Region,Andhra Pradesh Circle
521329,Pedagonnuru S.O,AP-Eluru,AP,Eluru,Andhra Pradesh,Delivery,Gudivada Division,Vijayawada Region,Andhra Pradesh Circle
521326,Rudrapaka S.O,AP-Krishna,AP,Krishna,Andhra Pradesh,Delivery,Gudivada Division,Vijayawada Region,Andhra Pradesh Circle
521320,Kruthivennu SO,AP-Krishna,AP,Krishna,Andhra Pradesh,Delivery,Gudivada Division,Vijayawada Region,Andhra Pradesh Circle
521105,Hanuman Junction S.O,AP-Krishna,AP,Krishna,Andhra Pradesh,Delivery,Gudivada Division,Vijayawada Region,Andhra Pradesh Circle
521312,Vunguturu S.O (Krishna),AP-Eluru,AP,Eluru,Andhra Pradesh,Delivery,Gudivada Division,Vijayawada Region,Andhra Pradesh Circle
521110,Veeravalli S.O,AP-Krishna,AP,Krishna,Andhra Pradesh,Delivery,Vijayawada Division,Vijayawada Region,Andhra Pradesh Circle
524409,Kalichedu S.O,AP-Spsr Nellore,AP,Spsr Nellore,Andhra Pradesh,Delivery,Gudur Division,Vijayawada Region,Andhra Pradesh Circle
524123,Kotapolur S.O,AP-Tirupati,AP,Tirupati,Andhra Pradesh,Delivery,Gudur Division,Vijayawada Region,Andhra Pradesh Circle
524101,Malavyanagar S.O,AP-Spsr Nellore,AP,Spsr Nellore,Andhra Pradesh,Non Delivery,Gudur Division,Vijayawada Region,Andhra Pradesh Circle
524129,Pellakur S.O,AP-Tirupati,AP,Tirupati,Andhra Pradesh,Delivery,Gudur Division,Vijayawada Region,Andhra Pradesh Circle
524408,Rapur S.O,AP-Spsr Nellore,AP,Spsr Nellore,Andhra Pradesh,Delivery,Gudur Division,Vijayawada Region,Andhra Pradesh Circle
524415,Vakadu S.O,AP-Tirupati,AP,Tirupati,Andhra Pradesh,Delivery,Gudur Division,Vijayawada Region,Andhra Pradesh Circle
522004,A.T.Agraharam(Guntur) S.O,AP-Guntur,AP,Guntur,Andhra Pradesh,Non Delivery,Guntur Division,Vijayawada Region,Andhra Pradesh Circle
522007,Chandramoulinagar S.O,AP-Guntur,AP,Guntur,Andhra Pradesh,Delivery,Guntur Division,Vijayawada Region,Andhra Pradesh Circle
522001,College Road(Guntur) S.O,AP-Guntur,AP,Guntur,Andhra Pradesh,Non Delivery,Guntur Division,Vijayawada Region,Andhra Pradesh Circle
522003,Guntur Bazar S.O,AP-Guntur,AP,Guntur,Andhra Pradesh,Delivery,Guntur Division,Vijayawada Region,Andhra Pradesh Circle
522005,Nallapadu S.O,AP-Guntur,AP,Guntur,Andhra Pradesh,Delivery,Guntur Division,Vijayawada Region,Andhra Pradesh Circle
522006,Pattabhipuram(Guntur) S.O,AP-Guntur,AP,Guntur,Andhra Pradesh,Delivery,Guntur Division,Vijayawada Region,Andhra Pradesh Circle
522019,Prathipadu S.O (Guntur),AP-Guntur,AP,Guntur,Andhra Pradesh,Delivery,Guntur Division,Vijayawada Region,Andhra Pradesh Circle
522008,NDC Guntur,AP-Guntur,AP,Guntur,Andhra Pradesh,Delivery,Guntur Division,Vijayawada Region,Andhra Pradesh Circle
522502,K.C.Works S.O,AP-Guntur,AP,Guntur,Andhra Pradesh,Delivery,Guntur Division,Vijayawada Region,Andhra Pradesh Circle
522508,Namburu S.O,AP-Guntur,AP,Guntur,Andhra Pradesh,Delivery,Guntur Division,Vijayawada Region,Andhra Pradesh Circle
522503,Old Mangalagiri S.O,AP-Guntur,AP,Guntur,Andhra Pradesh,Non Delivery,Guntur Division,Vijayawada Region,Andhra Pradesh Circle
522509,Pedakakani S.O,AP-Guntur,AP,Guntur,Andhra Pradesh,Delivery,Guntur Division,Vijayawada Region,Andhra Pradesh Circle
507133,Charla S.O,TS-Mulugu,TS,Mulugu,Telangana,Delivery,Khammam Division,Hyderabad Region,Telangana Circle
533348,Donkarayi S.O,AP-Alluri Sitharama Raju,AP,Alluri Sitharama Raju,Andhra Pradesh,Delivery,Rajahmundry Division,Visakhapatnam Region,Andhra Pradesh Circle
507137,Dummagudem S.O,TS-Bhadradri Kothagudem,TS,Bhadradri Kothagudem,Telangana,Delivery,Khammam Division,Hyderabad Region,Telangana Circle
507116,Hwp Aswapur Colony S.O,TS-Bhadradri Kothagudem,TS,Bhadradri Kothagudem,Telangana,Delivery,Khammam Division,Hyderabad Region,Telangana Circle
507125,P.V.Township S.O,TS-Bhadradri Kothagudem,TS,Bhadradri Kothagudem,Telangana,Delivery,Khammam Division,Hyderabad Region,Telangana Circle
507115,Paloncha S.O,TS-Bhadradri Kothagudem,TS,Bhadradri Kothagudem,Telangana,Delivery,Khammam Division,Hyderabad Region,Telangana Circle
507128,Sarapaka S.O,TS-Bhadradri Kothagudem,TS,Bhadradri Kothagudem,Telangana,Delivery,Khammam Division,Hyderabad Region,Telangana Circle
507001,Burhanpuram S.O,TS-Khammam,TS,Khammam,Telangana,Non Delivery,Khammam Division,Hyderabad Region,Telangana Circle
507001,Bus Station S.O,TS-Khammam,TS,Khammam,Telangana,Non Delivery,Khammam Division,Hyderabad Region,Telangana Circle
507169,Cheruvumadharam S.O,TS-Khammam,TS,Khammam,Telangana,Delivery,Khammam Division,Hyderabad Region,Telangana Circle
507122,Karepalli S.O,TS-Khammam,TS,Khammam,Telangana,Delivery,Khammam Division,Hyderabad Region,Telangana Circle
507159,Kusumanchi S.O,TS-Khammam,TS,Khammam,Telangana,Delivery,Khammam Division,Hyderabad Region,Telangana Circle
507002,Nsc Campus S.O,TS-Khammam,TS,Khammam,Telangana,Non Delivery,Khammam Division,Hyderabad Region,Telangana Circle
507183,Pindipolu S.O,TS-Khammam,TS,Khammam,Telangana,Delivery,Khammam Division,Hyderabad Region,Telangana Circle
507306,Dammapeta S.O,TS-Bhadradri Kothagudem,TS,Bhadradri Kothagudem,Telangana,Delivery,Khammam Division,Hyderabad Region,Telangana Circle
507119,Rudrampur S.O,TS-Bhadradri Kothagudem,TS,Bhadradri Kothagudem,Telangana,Delivery,Khammam Division,Hyderabad Region,Telangana Circle
507101,Sca Bldg S.O,TS-Bhadradri Kothagudem,TS,Bhadradri Kothagudem,Telangana,Non Delivery,Khammam Division,Hyderabad Region,Telangana Circle
507164,Vemsur S.O,TS-Khammam,TS,Khammam,Telangana,Delivery,Khammam Division,Hyderabad Region,Telangana Circle
507124,Yellandu Colls S.O,TS-Bhadradri Kothagudem,TS,Bhadradri Kothagudem,Telangana,Delivery,Khammam Division,Hyderabad Region,Telangana Circle
521150,Kaja S.O,AP-Krishna,AP,Krishna,Andhra Pradesh,Delivery,Machilipatnam Division,Vijayawada Region,Andhra Pradesh Circle
521328,Koduru S.O,AP-Krishna,AP,Krishna,Andhra Pradesh,Delivery,Machilipatnam Division,Vijayawada Region,Andhra Pradesh Circle
521157,Pamarru S.O (Krishna),AP-Krishna,AP,Krishna,Andhra Pradesh,Delivery,Machilipatnam Division,Vijayawada Region,Andhra Pradesh Circle
521366,Brahmapuram S.O,AP-Krishna,AP,Krishna,Andhra Pradesh,Non Delivery,Machilipatnam Division,Vijayawada Region,Andhra Pradesh Circle
522658,Ipuru S.O,AP-Palnadu,AP,Palnadu,Andhra Pradesh,Delivery,Narasaraopet Division,Vijayawada Region,Andhra Pradesh Circle
522616,Komaravallipadu S.O,AP-Palnadu,AP,Palnadu,Andhra Pradesh,Non Delivery,Narasaraopet Division,Vijayawada Region,Andhra Pradesh Circle
522601,N.S.C.Colony S.O,AP-Palnadu,AP,Palnadu,Andhra Pradesh,Non Delivery,Narasaraopet Division,Vijayawada Region,Andhra Pradesh Circle
522234,Nadendla S.O,AP-Palnadu,AP,Palnadu,Andhra Pradesh,Delivery,Narasaraopet Division,Vijayawada Region,Andhra Pradesh Circle
522649,Pedakancherla S.O,AP-Palnadu,AP,Palnadu,Andhra Pradesh,Delivery,Narasaraopet Division,Vijayawada Region,Andhra Pradesh Circle
522617,Rompicherla S.O (Guntur),AP-Palnadu,AP,Palnadu,Andhra Pradesh,Delivery,Narasaraopet Division,Vijayawada Region,Andhra Pradesh Circle
522646,Savalyapuram S.O,AP-Palnadu,AP,Palnadu,Andhra Pradesh,Delivery,Narasaraopet Division,Vijayawada Region,Andhra Pradesh Circle
522616,Subbaiah Thota S.O,AP-Palnadu,AP,Palnadu,Andhra Pradesh,Non Delivery,Narasaraopet Division,Vijayawada Region,Andhra Pradesh Circle
522439,Vijayapuri South S.O,AP-Palnadu,AP,Palnadu,Andhra Pradesh,Delivery,Narasaraopet Division,Vijayawada Region,Andhra Pradesh Circle
524223,Jaladanki S.O,AP-Spsr Nellore,AP,Spsr Nellore,Andhra Pradesh,Delivery,Nellore Division,Vijayawada Region,Andhra Pradesh Circle
524002,Balajinagar S.O,AP-Spsr Nellore,AP,Spsr Nellore,Andhra Pradesh,Non Delivery,Nellore Division,Vijayawada Region,Andhra Pradesh Circle
524003,Fathekhanpeta S.O,AP-Spsr Nellore,AP,Spsr Nellore,Andhra Pradesh,Non Delivery,Nellore Division,Vijayawada Region,Andhra Pradesh Circle
524234,Gumparlapadu S.O,AP-Spsr Nellore,AP,Spsr Nellore,Andhra Pradesh,Delivery,Nellore Division,Vijayawada Region,Andhra Pradesh Circle
524314,Indukurpeta S.O,AP-Spsr Nellore,AP,Spsr Nellore,Andhra Pradesh,Delivery,Nellore Division,Vijayawada Region,Andhra Pradesh Circle
524002,Lakshmipuram S.O,AP-Spsr Nellore,AP,Spsr Nellore,Andhra Pradesh,Non Delivery,Nellore Division,Vijayawada Region,Andhra Pradesh Circle
524313,Mypadu S.O,AP-Spsr Nellore,AP,Spsr Nellore,Andhra Pradesh,Delivery,Nellore Division,Vijayawada Region,Andhra Pradesh Circle
524002,Stonehousepet S.O,AP-Spsr Nellore,AP,Spsr Nellore,Andhra Pradesh,Delivery,Nellore Division,Vijayawada Region,Andhra Pradesh Circle
523135,Chinaganjam S.O,AP-Bapatla,AP,Bapatla,Andhra Pradesh,Delivery,Prakasam Division,Vijayawada Region,Andhra Pradesh Circle
523166,Ipurupalem S.O,AP-Bapatla,AP,Bapatla,Andhra Pradesh,Delivery,Prakasam Division,Vijayawada Region,Andhra Pradesh Circle
523181,Kadavakuduru S.O,AP-Bapatla,AP,Bapatla,Andhra Pradesh,Delivery,Prakasam Division,Vijayawada Region,Andhra Pradesh Circle
523157,Prasad Nagar So (C ) S.O,AP-Bapatla,AP,Bapatla,Andhra Pradesh,Non Delivery,Prakasam Division,Vijayawada Region,Andhra Pradesh Circle
523101,S.Konda S.O,AP-Prakasam,AP,Prakasam,Andhra Pradesh,Delivery,Prakasam Division,Vijayawada Region,Andhra Pradesh Circle
523274,Tanguturu Bus Stand S.O,AP-Prakasam,AP,Prakasam,Andhra Pradesh,Non Delivery,Prakasam Division,Vijayawada Region,Andhra Pradesh Circle
523112,C.S.Puram S.O,AP-Prakasam,AP,Prakasam,Andhra Pradesh,Delivery,Markapur  Division,Vijayawada Region,Andhra Pradesh Circle
523241,Konakana Metla S.O,AP-Prakasam,AP,Prakasam,Andhra Pradesh,Delivery,Markapur  Division,Vijayawada Region,Andhra Pradesh Circle
523254,Sankavaram S.O,AP-Prakasam,AP,Prakasam,Andhra Pradesh,Delivery,Markapur  Division,Vijayawada Region,Andhra Pradesh Circle
523224,Veligandla S.O,AP-Prakasam,AP,Prakasam,Andhra Pradesh,Delivery,Markapur  Division,Vijayawada Region,Andhra Pradesh Circle
523001,Addanki Gate S.O,AP-Prakasam,AP,Prakasam,Andhra Pradesh,Non Delivery,Prakasam Division,Vijayawada Region,Andhra Pradesh Circle
523303,Kommalapadu S.O,AP-Bapatla,AP,Bapatla,Andhra Pradesh,Delivery,Prakasam Division,Vijayawada Region,Andhra Pradesh Circle
523211,Maddipadu S.O,AP-Prakasam,AP,Prakasam,Andhra Pradesh,Delivery,Prakasam Division,Vijayawada Region,Andhra Pradesh Circle
523001,Thurupupalem S.O,AP-Prakasam,AP,Prakasam,Andhra Pradesh,Non Delivery,Prakasam Division,Vijayawada Region,Andhra Pradesh Circle
523186,Uppugundur S.O,AP-Prakasam,AP,Prakasam,Andhra Pradesh,Delivery,Prakasam Division,Vijayawada Region,Andhra Pradesh Circle
534301,Basivireddipeta S.O,AP-West Godavari,AP,West Godavari,Andhra Pradesh,Non Delivery,Tadepalligudem Division,Vijayawada Region,Andhra Pradesh Circle
534315,Polavaram S.O,AP-West Godavari,AP,West Godavari,Andhra Pradesh,Delivery,Tadepalligudem Division,Vijayawada Region,Andhra Pradesh Circle
534156,Duvva S.O,AP-West Godavari,AP,West Godavari,Andhra Pradesh,Delivery,Tadepalligudem Division,Vijayawada Region,Andhra Pradesh Circle
534195,P.N.Kolanu S.O,AP-Eluru,AP,Eluru,Andhra Pradesh,Delivery,Tadepalligudem Division,Vijayawada Region,Andhra Pradesh Circle
534166,Pentapadu S.O,AP-West Godavari,AP,West Godavari,Andhra Pradesh,Delivery,Tadepalligudem Division,Vijayawada Region,Andhra Pradesh Circle
534176,Pothavaram S.O,AP-West Godavari,AP,West Godavari,Andhra Pradesh,Delivery,Tadepalligudem Division,Vijayawada Region,Andhra Pradesh Circle
522102,Bapatla Engg College S.O,AP-Bapatla,AP,Bapatla,Andhra Pradesh,Delivery,Tenali Division,Vijayawada Region,Andhra Pradesh Circle
522113,Cheruvu S.O,AP-Bapatla,AP,Bapatla,Andhra Pradesh,Delivery,Tenali Division,Vijayawada Region,Andhra Pradesh Circle
522318,Tsunduru S.O,AP-Bapatla,AP,Bapatla,Andhra Pradesh,Delivery,Tenali Division,Vijayawada Region,Andhra Pradesh Circle
522201,Ithanagar S.O,AP-Guntur,AP,Guntur,Andhra Pradesh,Non Delivery,Tenali Division,Vijayawada Region,Andhra Pradesh Circle
522202,Morrispeta S.O,AP-Guntur,AP,Guntur,Andhra Pradesh,Delivery,Tenali Division,Vijayawada Region,Andhra Pradesh Circle
522213,Sangamjagarlamudi S.O,AP-Guntur,AP,Guntur,Andhra Pradesh,Delivery,Tenali Division,Vijayawada Region,Andhra Pradesh Circle
522257,Vellaturu S.O,AP-Bapatla,AP,Bapatla,Andhra Pradesh,Delivery,Tenali Division,Vijayawada Region,Andhra Pradesh Circle
520002,Durga Agraharam S.O,AP-NTR,AP,NTR,Andhra Pradesh,Non Delivery,Vijayawada Division,Vijayawada Region,Andhra Pradesh Circle
520007,Industrial Estate S.O (Krishna),AP-NTR,AP,NTR,Andhra Pradesh,Non Delivery,Vijayawada Division,Vijayawada Region,Andhra Pradesh Circle
520013,Krishnalanka S.O,AP-NTR,AP,NTR,Andhra Pradesh,Delivery,Vijayawada Division,Vijayawada Region,Andhra Pradesh Circle
520010,Moghalrajpuram S.O,AP-NTR,AP,NTR,Andhra Pradesh,Non Delivery,Vijayawada Division,Vijayawada Region,Andhra Pradesh Circle
520008,Vj Polytechnic S.O,AP-NTR,AP,NTR,Andhra Pradesh,Delivery,Vijayawada Division,Vijayawada Region,Andhra Pradesh Circle
521456,Ibrahimpatnam S.O (Krishna),AP-NTR,AP,NTR,Andhra Pradesh,Non Delivery,Vijayawada Division,Vijayawada Region,Andhra Pradesh Circle
521164,Katuru S.O,AP-Krishna,AP,Krishna,Andhra Pradesh,Delivery,Vijayawada Division,Vijayawada Region,Andhra Pradesh Circle
521183,Muppalla S.O (Krishna),AP-NTR,AP,NTR,Andhra Pradesh,Delivery,Vijayawada Division,Vijayawada Region,Andhra Pradesh Circle
521107,Mustabad S.O (Krishna),AP-Krishna,AP,Krishna,Andhra Pradesh,Delivery,Vijayawada Division,Vijayawada Region,Andhra Pradesh Circle
521230,Mylavaram S.O (Krishna),AP-NTR,AP,NTR,Andhra Pradesh,Delivery,Vijayawada Division,Vijayawada Region,Andhra Pradesh Circle
521212,Nunna S.O,AP-NTR,AP,NTR,Andhra Pradesh,Delivery,Vijayawada Division,Vijayawada Region,Andhra Pradesh Circle
520011,Satyanarayanapuram S.O (Vijayawada),AP-NTR,AP,NTR,Andhra Pradesh,Delivery,Vijayawada Division,Vijayawada Region,Andhra Pradesh Circle
520010,International Business Centre PO,AP-NTR,AP,NTR,Andhra Pradesh,Non Delivery,Vijayawada Division,Vijayawada Region,Andhra Pradesh Circle
533214,Ambajipeta S.O,AP-Konaseema,AP,Konaseema,Andhra Pradesh,Delivery,Amalapuram Division,Visakhapatnam Region,Andhra Pradesh Circle
533221,Bandarlanka S.O,AP-Konaseema,AP,Konaseema,Andhra Pradesh,Delivery,Amalapuram Division,Visakhapatnam Region,Andhra Pradesh Circle
533210,Bendamurlanka S.O,AP-Konaseema,AP,Konaseema,Andhra Pradesh,Delivery,Amalapuram Division,Visakhapatnam Region,Andhra Pradesh Circle
533218,Peruru S.O,AP-Konaseema,AP,Konaseema,Andhra Pradesh,Delivery,Amalapuram Division,Visakhapatnam Region,Andhra Pradesh Circle
533213,Samanasa S.O,AP-Konaseema,AP,Konaseema,Andhra Pradesh,Delivery,Amalapuram Division,Visakhapatnam Region,Andhra Pradesh Circle
533235,Atreyapuram S.O,AP-Konaseema,AP,Konaseema,Andhra Pradesh,Delivery,Amalapuram Division,Visakhapatnam Region,Andhra Pradesh Circle
533238,Ravulapalem S.O,AP-Konaseema,AP,Konaseema,Andhra Pradesh,Delivery,Amalapuram Division,Visakhapatnam Region,Andhra Pradesh Circle
533249,Tatipaka Bazar S.O,AP-Konaseema,AP,Konaseema,Andhra Pradesh,Non Delivery,Amalapuram Division,Visakhapatnam Region,Andhra Pradesh Circle
533249,Tatipaka S.O,AP-Konaseema,AP,Konaseema,Andhra Pradesh,Delivery,Amalapuram Division,Visakhapatnam Region,Andhra Pradesh Circle
533237,Vubalanka S.O,AP-Konaseema,AP,Konaseema,Andhra Pradesh,Delivery,Amalapuram Division,Visakhapatnam Region,Andhra Pradesh Circle
531149,Araku Colony S.O,AP-Visakhapatanam,AP,Visakhapatanam,Andhra Pradesh,Delivery,Anakapalle Division,Visakhapatnam Region,Andhra Pradesh Circle
531151,Araku Rs S.O,AP-Visakhapatanam,AP,Visakhapatanam,Andhra Pradesh,Delivery,Anakapalle Division,Visakhapatnam Region,Andhra Pradesh Circle
531011,Atchutapuram S.O,AP-Anakapalli,AP,Anakapalli,Andhra Pradesh,Delivery,Anakapalle Division,Visakhapatnam Region,Andhra Pradesh Circle
531034,K Kotapadu S.O,AP-Anakapalli,AP,Anakapalli,Andhra Pradesh,Delivery,Anakapalle Division,Visakhapatnam Region,Andhra Pradesh Circle
531081,Nakkapalle S.O,AP-Visakhapatanam,AP,Visakhapatanam,Andhra Pradesh,Delivery,Anakapalle Division,Visakhapatnam Region,Andhra Pradesh Circle
531020,Ntpc Simhadri S.O,AP-Visakhapatanam,AP,Visakhapatanam,Andhra Pradesh,Delivery,Anakapalle Division,Visakhapatnam Region,Andhra Pradesh Circle
531021,Paravada S.O,AP-Anakapalli,AP,Anakapalli,Andhra Pradesh,Delivery,Anakapalle Division,Visakhapatnam Region,Andhra Pradesh Circle
531126,Payakaraopeta S.O,AP-Anakapalli,AP,Anakapalli,Andhra Pradesh,Delivery,Anakapalle Division,Visakhapatnam Region,Andhra Pradesh Circle
531084,Kd Peta S.O,AP-Visakhapatanam,AP,Visakhapatanam,Andhra Pradesh,Delivery,Anakapalle Division,Visakhapatnam Region,Andhra Pradesh Circle
531024,Paderoo S.O,AP-Alluri Sitharama Raju,AP,Alluri Sitharama Raju,Andhra Pradesh,Delivery,Anakapalle Division,Visakhapatnam Region,Andhra Pradesh Circle
531133,Gudem S.O,AP-Alluri Sitharama Raju,AP,Alluri Sitharama Raju,Andhra Pradesh,Delivery,Anakapalle Division,Visakhapatnam Region,Andhra Pradesh Circle
531117,Vemulapudi S.O,AP-Visakhapatanam,AP,Visakhapatanam,Andhra Pradesh,Delivery,Anakapalle Division,Visakhapatnam Region,Andhra Pradesh Circle
533003,Bhaskarnagar S.O,AP-East Godavari,AP,East Godavari,Andhra Pradesh,Non Delivery,Kakinada Division,Visakhapatnam Region,Andhra Pradesh Circle
533461,Coringa S.O,AP-Kakinada,AP,Kakinada,Andhra Pradesh,Delivery,Kakinada Division,Visakhapatnam Region,Andhra Pradesh Circle
533344,G.Mamidada S.O,AP-Kakinada,AP,Kakinada,Andhra Pradesh,Delivery,Kakinada Division,Visakhapatnam Region,Andhra Pradesh Circle
533468,Gollapalem S.O,AP-Kakinada,AP,Kakinada,Andhra Pradesh,Delivery,Kakinada Division,Visakhapatnam Region,Andhra Pradesh Circle
533006,Indrapalem S.O,AP-Kakinada,AP,Kakinada,Andhra Pradesh,Delivery,Kakinada Division,Visakhapatnam Region,Andhra Pradesh Circle
533002,M S N Charties S.O,AP-East Godavari,AP,East Godavari,Andhra Pradesh,Non Delivery,Kakinada Division,Visakhapatnam Region,Andhra Pradesh Circle
533004,Ramaraopet S.O,AP-East Godavari,AP,East Godavari,Andhra Pradesh,Non Delivery,Kakinada Division,Visakhapatnam Region,Andhra Pradesh Circle
533401,Ammajipeta S.O,AP-East Godavari,AP,East Godavari,Andhra Pradesh,Non Delivery,Kakinada Division,Visakhapatnam Region,Andhra Pradesh Circle
533449,Chebrolu S.O,AP-Kakinada,AP,Kakinada,Andhra Pradesh,Delivery,Kakinada Division,Visakhapatnam Region,Andhra Pradesh Circle
533447,Kothapalli (U) S.O,AP-Kakinada,AP,Kakinada,Andhra Pradesh,Delivery,Kakinada Division,Visakhapatnam Region,Andhra Pradesh Circle
533437,Peddapuram S.O,AP-Kakinada,AP,Kakinada,Andhra Pradesh,Delivery,Kakinada Division,Visakhapatnam Region,Andhra Pradesh Circle
533436,Rajavommangi S.O,AP-Alluri Sitharama Raju,AP,Alluri Sitharama Raju,Andhra Pradesh,Delivery,Kakinada Division,Visakhapatnam Region,Andhra Pradesh Circle
533446,Sankhavaram S.O,AP-Kakinada,AP,Kakinada,Andhra Pradesh,Delivery,Kakinada Division,Visakhapatnam Region,Andhra Pradesh Circle
535547,Makkuva S.O,AP-Parvathipuram Manyam,AP,Parvathipuram Manyam,Andhra Pradesh,Delivery,Parvathipuram Division,Visakhapatnam Region,Andhra Pradesh Circle
535593,Mamidipalle S.O,AP-Parvathipuram Manyam,AP,Parvathipuram Manyam,Andhra Pradesh,Delivery,Parvathipuram Division,Visakhapatnam Region,Andhra Pradesh Circle
535568,Piridi S.O,AP-Vizianagaram,AP,Vizianagaram,Andhra Pradesh,Delivery,Parvathipuram Division,Visakhapatnam Region,Andhra Pradesh Circle
535591,Salur S.O,AP-Parvathipuram Manyam,AP,Parvathipuram Manyam,Andhra Pradesh,Delivery,Parvathipuram Division,Visakhapatnam Region,Andhra Pradesh Circle
535101,Shreeramnagar Ind.Colony S.O,AP-Vizianagaram,AP,Vizianagaram,Andhra Pradesh,Non Delivery,Parvathipuram Division,Visakhapatnam Region,Andhra Pradesh Circle
535126,Therlam S.O,AP-Vizianagaram,AP,Vizianagaram,Andhra Pradesh,Delivery,Parvathipuram Division,Visakhapatnam Region,Andhra Pradesh Circle
535521,Komarada S.O,AP-Parvathipuram Manyam,AP,Parvathipuram Manyam,Andhra Pradesh,Delivery,Parvathipuram Division,Visakhapatnam Region,Andhra Pradesh Circle
532462,Neelanagaram S.O,AP-Parvathipuram Manyam,AP,Parvathipuram Manyam,Andhra Pradesh,Delivery,Parvathipuram Division,Visakhapatnam Region,Andhra Pradesh Circle
535501,Parvatipuram Town S.O,AP-Parvathipuram Manyam,AP,Parvathipuram Manyam,Andhra Pradesh,Non Delivery,Parvathipuram Division,Visakhapatnam Region,Andhra Pradesh Circle
533101,Alcot Gardens S.O,AP-East Godavari,AP,East Godavari,Andhra Pradesh,Non Delivery,Rajahmundry Division,Visakhapatnam Region,Andhra Pradesh Circle
533125,Dowlaiswaram S.O,AP-East Godavari,AP,East Godavari,Andhra Pradesh,Delivery,Rajahmundry Division,Visakhapatnam Region,Andhra Pradesh Circle
533295,Maredumilli S.O,AP-Alluri Sitharama Raju,AP,Alluri Sitharama Raju,Andhra Pradesh,Delivery,Rajahmundry Division,Visakhapatnam Region,Andhra Pradesh Circle
533294,Rajanagaram S.O,AP-East Godavari,AP,East Godavari,Andhra Pradesh,Delivery,Rajahmundry Division,Visakhapatnam Region,Andhra Pradesh Circle
533101,Ramakrishna Nagar S.O,AP-East Godavari,AP,East Godavari,Andhra Pradesh,Non Delivery,Rajahmundry Division,Visakhapatnam Region,Andhra Pradesh Circle
533288,Rampachodavaram S.O,AP-Alluri Sitharama Raju,AP,Alluri Sitharama Raju,Andhra Pradesh,Delivery,Rajahmundry Division,Visakhapatnam Region,Andhra Pradesh Circle
533103,Syamalanagar S.O,AP-East Godavari,AP,East Godavari,Andhra Pradesh,Non Delivery,Rajahmundry Division,Visakhapatnam Region,Andhra Pradesh Circle
533101,Vullithota S.O,AP-East Godavari,AP,East Godavari,Andhra Pradesh,Non Delivery,Rajahmundry Division,Visakhapatnam Region,Andhra Pradesh Circle
533354,INDUKURUPETA S.O,AP-East Godavari,AP,East Godavari,Andhra Pradesh,Delivery,Rajahmundry Division,Visakhapatnam Region,Andhra Pradesh Circle
533342,Anaparthy S.O,AP-East Godavari,AP,East Godavari,Andhra Pradesh,Delivery,Rajahmundry Division,Visakhapatnam Region,Andhra Pradesh Circle
533343,Bikkavolu S.O,AP-East Godavari,AP,East Godavari,Andhra Pradesh,Delivery,Rajahmundry Division,Visakhapatnam Region,Andhra Pradesh Circle
533261,Chelluru S.O,AP-Konaseema,AP,Konaseema,Andhra Pradesh,Delivery,Rajahmundry Division,Visakhapatnam Region,Andhra Pradesh Circle
533263,Dangeru S.O,AP-Konaseema,AP,Konaseema,Andhra Pradesh,Delivery,Rajahmundry Division,Visakhapatnam Region,Andhra Pradesh Circle
533341,Dwarapudi S.O,AP-Konaseema,AP,Konaseema,Andhra Pradesh,Delivery,Rajahmundry Division,Visakhapatnam Region,Andhra Pradesh Circle
533308,Mandapeta S.O,AP-Konaseema,AP,Konaseema,Andhra Pradesh,Delivery,Rajahmundry Division,Visakhapatnam Region,Andhra Pradesh Circle
532456,Battili S.O,AP-Parvathipuram Manyam,AP,Parvathipuram Manyam,Andhra Pradesh,Delivery,Srikakulam Division,Visakhapatnam Region,Andhra Pradesh Circle
532421,Narasannapeta S.O,AP-Srikakulam,AP,Srikakulam,Andhra Pradesh,Delivery,Srikakulam Division,Visakhapatnam Region,Andhra Pradesh Circle
532426,Saravakota S.O,AP-Srikakulam,AP,Srikakulam,Andhra Pradesh,Delivery,Srikakulam Division,Visakhapatnam Region,Andhra Pradesh Circle
532474,Tilaru RS S.O,AP-Srikakulam,AP,Srikakulam,Andhra Pradesh,Delivery,Srikakulam Division,Visakhapatnam Region,Andhra Pradesh Circle
532187,Bairisingupuram S.O,AP-Srikakulam,AP,Srikakulam,Andhra Pradesh,Delivery,Srikakulam Division,Visakhapatnam Region,Andhra Pradesh Circle
532401,Arasavilli S.O,AP-Srikakulam,AP,Srikakulam,Andhra Pradesh,Delivery,Srikakulam Division,Visakhapatnam Region,Andhra Pradesh Circle
532405,Gara S.O,AP-Srikakulam,AP,Srikakulam,Andhra Pradesh,Delivery,Srikakulam Division,Visakhapatnam Region,Andhra Pradesh Circle
532001,Srikakulam Collectorate S.O,AP-Srikakulam,AP,Srikakulam,Andhra Pradesh,Non Delivery,Srikakulam Division,Visakhapatnam Region,Andhra Pradesh Circle
532001,Srikakulam District Court S.O,AP-Srikakulam,AP,Srikakulam,Andhra Pradesh,Non Delivery,Srikakulam Division,Visakhapatnam Region,Andhra Pradesh Circle
532001,Srikakulam Official Colony S.O,AP-Srikakulam,AP,Srikakulam,Andhra Pradesh,Non Delivery,Srikakulam Division,Visakhapatnam Region,Andhra Pradesh Circle
532404,Srikurmam S.O,AP-Srikakulam,AP,Srikakulam,Andhra Pradesh,Delivery,Srikakulam Division,Visakhapatnam Region,Andhra Pradesh Circle
532264,Baruva R S S.O,AP-Srikakulam,AP,Srikakulam,Andhra Pradesh,Delivery,Srikakulam Division,Visakhapatnam Region,Andhra Pradesh Circle
532312,Ichchapuram S.O,AP-Srikakulam,AP,Srikakulam,Andhra Pradesh,Delivery,Srikakulam Division,Visakhapatnam Region,Andhra Pradesh Circle
532290,Kanchili S.O,AP-Srikakulam,AP,Srikakulam,Andhra Pradesh,Delivery,Srikakulam Division,Visakhapatnam Region,Andhra Pradesh Circle
532195,Kotabommali S.O,AP-Srikakulam,AP,Srikakulam,Andhra Pradesh,Delivery,Srikakulam Division,Visakhapatnam Region,Andhra Pradesh Circle
532242,Mandasa S.O,AP-Srikakulam,AP,Srikakulam,Andhra Pradesh,Delivery,Srikakulam Division,Visakhapatnam Region,Andhra Pradesh Circle
532292,Manikyapuram S.O,AP-Srikakulam,AP,Srikakulam,Andhra Pradesh,Delivery,Srikakulam Division,Visakhapatnam Region,Andhra Pradesh Circle
532204,Nandigam SO,AP-Srikakulam,AP,Srikakulam,Andhra Pradesh,Delivery,Srikakulam Division,Visakhapatnam Region,Andhra Pradesh Circle
530040,Govt Dairy Farm S.O,AP-Visakhapatanam,AP,Visakhapatanam,Andhra Pradesh,Delivery,Visakhapatnam Division,Visakhapatnam Region,Andhra Pradesh Circle
530022,H B Colony S.O,AP-Visakhapatanam,AP,Visakhapatanam,Andhra Pradesh,Delivery,Visakhapatnam Division,Visakhapatnam Region,Andhra Pradesh Circle
530017,L B Colony S.O,AP-Visakhapatanam,AP,Visakhapatanam,Andhra Pradesh,Delivery,Visakhapatnam Division,Visakhapatnam Region,Andhra Pradesh Circle
530048,Madhurawada S.O,AP-Visakhapatanam,AP,Visakhapatanam,Andhra Pradesh,Delivery,Visakhapatnam Division,Visakhapatnam Region,Andhra Pradesh Circle
530002,Turners Choultry S.O,AP-Visakhapatanam,AP,Visakhapatanam,Andhra Pradesh,Non Delivery,Visakhapatnam Division,Visakhapatnam Region,Andhra Pradesh Circle
530041,Ratnagiri Colony S.O,AP-Visakhapatanam,AP,Visakhapatanam,Andhra Pradesh,Non Delivery,Visakhapatnam Division,Visakhapatnam Region,Andhra Pradesh Circle
530007,Industrial Estate S.O (Visakhapatnam),AP-Visakhapatanam,AP,Visakhapatanam,Andhra Pradesh,Delivery,Visakhapatnam Division,Visakhapatnam Region,Andhra Pradesh Circle
530008,IRSD Area S.O,AP-Visakhapatanam,AP,Visakhapatanam,Andhra Pradesh,Non Delivery,Visakhapatnam Division,Visakhapatnam Region,Andhra Pradesh Circle
530018,Marripalem S.O,AP-Visakhapatanam,AP,Visakhapatanam,Andhra Pradesh,Delivery,Visakhapatnam Division,Visakhapatnam Region,Andhra Pradesh Circle
530009,Marripalem Vuda Colony S.O,AP-Visakhapatanam,AP,Visakhapatanam,Andhra Pradesh,Non Delivery,Visakhapatnam Division,Visakhapatnam Region,Andhra Pradesh Circle
530044,Pedagantyada S.O,AP-Visakhapatanam,AP,Visakhapatanam,Andhra Pradesh,Delivery,Visakhapatnam Division,Visakhapatnam Region,Andhra Pradesh Circle
531173,Pendurthy S.O,AP-Visakhapatanam,AP,Visakhapatanam,Andhra Pradesh,Delivery,Visakhapatnam Division,Visakhapatnam Region,Andhra Pradesh Circle
530049,Special Economic Zone P.O,AP-Visakhapatanam,AP,Visakhapatanam,Andhra Pradesh,Delivery,Visakhapatnam Division,Visakhapatnam Region,Andhra Pradesh Circle
530051,Sujatha Nagar S.O,AP-Visakhapatanam,AP,Visakhapatanam,Andhra Pradesh,Delivery,Visakhapatnam Division,Visakhapatnam Region,Andhra Pradesh Circle
530059,Sontyam S.O,AP-Visakhapatanam,AP,Visakhapatanam,Andhra Pradesh,Delivery,Visakhapatnam Division,Visakhapatnam Region,Andhra Pradesh Circle
535160,Bonangi S.O,AP-Vizianagaram,AP,Vizianagaram,Andhra Pradesh,Delivery,Vizianagaram Division,Visakhapatnam Region,Andhra Pradesh Circle
535220,Kotagandredu S.O,AP-Vizianagaram,AP,Vizianagaram,Andhra Pradesh,Delivery,Vizianagaram Division,Visakhapatnam Region,Andhra Pradesh Circle
535580,Pedamanapuram S.O,AP-Vizianagaram,AP,Vizianagaram,Andhra Pradesh,Delivery,Vizianagaram Division,Visakhapatnam Region,Andhra Pradesh Circle
535003,Vizianagaram Collectorate S.O,AP-Vizianagaram,AP,Vizianagaram,Andhra Pradesh,Non Delivery,Vizianagaram Division,Visakhapatnam Region,Andhra Pradesh Circle
786007,Barbaruah S.O,AS-Dibrugarh,AS,Dibrugarh,Assam,Delivery,Dibrugarh Division,Dibrugarh Region,Assam Circle
786004,Dibrugarh University S.O,AS-Dibrugarh,AS,Dibrugarh,Assam,Delivery,Dibrugarh Division,Dibrugarh Region,Assam Circle
785676,Khowang Ghat S.O,AS-Dibrugarh,AS,Dibrugarh,Assam,Delivery,Dibrugarh Division,Dibrugarh Region,Assam Circle
785675,Khowang S.O,AS-Dibrugarh,AS,Dibrugarh,Assam,Delivery,Dibrugarh Division,Dibrugarh Region,Assam Circle
786611,Rajgarh (Dibrugarh) S.O,AS-Dibrugarh,AS,Dibrugarh,Assam,Delivery,Dibrugarh Division,Dibrugarh Region,Assam Circle
787026,Bordoloni S.O,AS-Dhemaji,AS,Dhemaji,Assam,Delivery,Dibrugarh Division,Dibrugarh Region,Assam Circle
784164,Dikrong S.O,AS-Lakhimpur,AS,Lakhimpur,Assam,Delivery,Dibrugarh Division,Dibrugarh Region,Assam Circle
787053,Ghilamara S.O,AS-Lakhimpur,AS,Lakhimpur,Assam,Delivery,Dibrugarh Division,Dibrugarh Region,Assam Circle
787060,Jonai S.O,AS-Dhemaji,AS,Dhemaji,Assam,Delivery,Dibrugarh Division,Dibrugarh Region,Assam Circle
784160,Laluk S.O,AS-Lakhimpur,AS,Lakhimpur,Assam,Delivery,Dibrugarh Division,Dibrugarh Region,Assam Circle
787051,Lilabari AF S.O,AS-Lakhimpur,AS,Lakhimpur,Assam,Delivery,Dibrugarh Division,Dibrugarh Region,Assam Circle
782482,Bakalighat S.O,AS-Karbi Anglong,AS,Karbi Anglong,Assam,Delivery,Nagaon Division,Dibrugarh Region,Assam Circle
782490,Bokajan C F S.O,AS-Karbi Anglong,AS,Karbi Anglong,Assam,Delivery,Nagaon Division,Dibrugarh Region,Assam Circle
782441,Dokmaka S.O,AS-Karbi Anglong,AS,Karbi Anglong,Assam,Delivery,Nagaon Division,Dibrugarh Region,Assam Circle
782481,Howraghat S.O,AS-Karbi Anglong,AS,Karbi Anglong,Assam,Delivery,Nagaon Division,Dibrugarh Region,Assam Circle
782448,Kheroni S.O,AS-West Karbi Anglong,AS,West Karbi Anglong,Assam,Delivery,Nagaon Division,Dibrugarh Region,Assam Circle
782447,Lumding S.O,AS-Hojai,AS,Hojai,Assam,Delivery,Nagaon Division,Dibrugarh Region,Assam Circle
782442,Sankardev Nagar S.O,AS-Hojai,AS,Hojai,Assam,Delivery,Nagaon Division,Dibrugarh Region,Assam Circle
782102,Barhampur S.O,AS-Nagaon,AS,Nagaon,Assam,Delivery,Nagaon Division,Dibrugarh Region,Assam Circle
782106,Charaibahi S.O,AS-Marigaon,AS,Marigaon,Assam,Delivery,Nagaon Division,Dibrugarh Region,Assam Circle
782104,Jaluguti S.O,AS-Marigaon,AS,Marigaon,Assam,Delivery,Nagaon Division,Dibrugarh Region,Assam Circle
782124,Juria S.O,AS-Nagaon,AS,Nagaon,Assam,Delivery,Nagaon Division,Dibrugarh Region,Assam Circle
782126,Moirabari S.O,AS-Marigaon,AS,Marigaon,Assam,Delivery,Nagaon Division,Dibrugarh Region,Assam Circle
782141,Puranigudam S.O,AS-Nagaon,AS,Nagaon,Assam,Delivery,Nagaon Division,Dibrugarh Region,Assam Circle
782125,Rupahi S.O,AS-Nagaon,AS,Nagaon,Assam,Delivery,Nagaon Division,Dibrugarh Region,Assam Circle
782140,Samaguri S.O,AS-Nagaon,AS,Nagaon,Assam,Delivery,Nagaon Division,Dibrugarh Region,Assam Circle
785614,Dergaon Chariali S.O,AS-Golaghat,AS,Golaghat,Assam,Non Delivery,Sibsagar Division,Dibrugarh Region,Assam Circle
785609,Kaziranga National Park S.O,AS-Golaghat,AS,Golaghat,Assam,Delivery,Sibsagar Division,Dibrugarh Region,Assam Circle
785613,Letekujaan S.O,AS-Golaghat,AS,Golaghat,Assam,Delivery,Sibsagar Division,Dibrugarh Region,Assam Circle
785104,Garmursatra S.O,AS-Majuli,AS,Majuli,Assam,Delivery,Sibsagar Division,Dibrugarh Region,Assam Circle
785105,Jengraimukh S.O,AS-Majuli,AS,Majuli,Assam,Delivery,Sibsagar Division,Dibrugarh Region,Assam Circle
785007,Jorhat Engg College S.O,AS-Jorhat,AS,Jorhat,Assam,Delivery,Sibsagar Division,Dibrugarh Region,Assam Circle
785006,Jorhat Reserch Lab S.O,AS-Jorhat,AS,Jorhat,Assam,Delivery,Sibsagar Division,Dibrugarh Region,Assam Circle
785636,Selenghat S.O,AS-Jorhat,AS,Jorhat,Assam,Delivery,Sibsagar Division,Dibrugarh Region,Assam Circle
785001,Tarajan S.O,AS-Jorhat,AS,Jorhat,Assam,Non Delivery,Sibsagar Division,Dibrugarh Region,Assam Circle
785691,Bhojo S.O,AS-Charaideo,AS,Charaideo,Assam,Delivery,Sibsagar Division,Dibrugarh Region,Assam Circle
785661,Charing S.O,AS-Sivasagar,AS,Sivasagar,Assam,Delivery,Sibsagar Division,Dibrugarh Region,Assam Circle
785689,Suffry S.O,AS-Charaideo,AS,Charaideo,Assam,Delivery,Sibsagar Division,Dibrugarh Region,Assam Circle
786192,Hijiguri S.O,AS-Tinsukia,AS,Tinsukia,Assam,Delivery,Tinsukia Division,Dibrugarh Region,Assam Circle
786171,Muliabari S.O,AS-Tinsukia,AS,Tinsukia,Assam,Non Delivery,Tinsukia Division,Dibrugarh Region,Assam Circle
786179,Tipong S.O,AS-Tinsukia,AS,Tinsukia,Assam,Delivery,Tinsukia Division,Dibrugarh Region,Assam Circle
783390,Bijni S.O,AS-Chirang,AS,Chirang,Assam,Delivery,Goalpara Division,DivReportingCircle,Assam Circle
783380,Bongaigaon S.O,AS-Bongaigaon,AS,Bongaigaon,Assam,Delivery,Goalpara Division,DivReportingCircle,Assam Circle
783135,Fekamari S.O,AS-South Salmara Mancachar,AS,South Salmara Mancachar,Assam,Delivery,Goalpara Division,DivReportingCircle,Assam Circle
783325,Jhagrarpar S.O,AS-Dhubri,AS,Dhubri,Assam,Delivery,Goalpara Division,DivReportingCircle,Assam Circle
783129,Lakhipur S.O (Goalpara),AS-Goalpara,AS,Goalpara,Assam,Delivery,Goalpara Division,DivReportingCircle,Assam Circle
783125,Matia S.O,AS-Goalpara,AS,Goalpara,Assam,Delivery,Goalpara Division,DivReportingCircle,Assam Circle
783136,Hatsingimari  S.O,AS-South Salmara Mancachar,AS,South Salmara Mancachar,Assam,Delivery,Goalpara Division,DivReportingCircle,Assam Circle
783375,Runikhata S.O,AS-Chirang,AS,Chirang,Assam,Delivery,Goalpara Division,DivReportingCircle,Assam Circle
783354,Saktiashram S.O,AS-Kokrajhar,AS,Kokrajhar,Assam,Delivery,Goalpara Division,DivReportingCircle,Assam Circle
781021,Bamunimaidan S.O,AS-Kamrup Metro,AS,Kamrup Metro,Assam,Delivery,Guwahati Division,DivReportingCircle,Assam Circle
782401,Digaru S.O,AS-Kamrup Metro,AS,Kamrup Metro,Assam,Delivery,Guwahati Division,DivReportingCircle,Assam Circle
781005,Dispur S.O,AS-Kamrup Metro,AS,Kamrup Metro,Assam,Delivery,Guwahati Division,DivReportingCircle,Assam Circle
781019,Kahilipara S.O,AS-Kamrup Metro,AS,Kamrup Metro,Assam,Delivery,Guwahati Division,DivReportingCircle,Assam Circle
781022,Khanapara S.O,AS-Kamrup Metro,AS,Kamrup Metro,Assam,Delivery,Guwahati Division,DivReportingCircle,Assam Circle
782403,Khetri S.O (Kamrup),AS-Kamrup Metro,AS,Kamrup Metro,Assam,Delivery,Guwahati Division,DivReportingCircle,Assam Circle
781026,Narangi S.O,AS-Kamrup Metro,AS,Kamrup Metro,Assam,Delivery,Guwahati Division,DivReportingCircle,Assam Circle
781020,Noonmati S.O,AS-Kamrup Metro,AS,Kamrup Metro,Assam,Delivery,Guwahati Division,DivReportingCircle,Assam Circle
781008,Paltanbazar S.O,AS-Kamrup Metro,AS,Kamrup Metro,Assam,Non Delivery,Guwahati Division,DivReportingCircle,Assam Circle
782402,Sonapur S.O,AS-Kamrup Metro,AS,Kamrup Metro,Assam,Delivery,Guwahati Division,DivReportingCircle,Assam Circle
781007,Ulubari S.O,AS-Kamrup Metro,AS,Kamrup Metro,Assam,Delivery,Guwahati Division,DivReportingCircle,Assam Circle
781121,Bezera S.O,AS-Kamrup,AS,Kamrup,Assam,Delivery,Guwahati Division,DivReportingCircle,Assam Circle
781039,I I T S.O,AS-Kamrup,AS,Kamrup,Assam,Delivery,Guwahati Division,DivReportingCircle,Assam Circle
781127,Nagarbera S.O,AS-Kamrup,AS,Kamrup,Assam,Delivery,Guwahati Division,DivReportingCircle,Assam Circle
781132,Rampur S.O (Kamrup),AS-Kamrup,AS,Kamrup,Assam,Delivery,Guwahati Division,DivReportingCircle,Assam Circle
781308,Mandia S.O,AS-Barpeta,AS,Barpeta,Assam,Delivery,Nalbari Division,DivReportingCircle,Assam Circle
781325,Pathsala S.O,AS-Bajali,AS,Bajali,Assam,Delivery,Nalbari Division,DivReportingCircle,Assam Circle
781320,Salbari S.O,AS-Baksa,AS,Baksa,Assam,Delivery,Nalbari Division,DivReportingCircle,Assam Circle
781344,Baganpara S.O,AS-Baksa,AS,Baksa,Assam,Delivery,Nalbari Division,DivReportingCircle,Assam Circle
781346,Barama S.O,AS-Baksa,AS,Baksa,Assam,Delivery,Nalbari Division,DivReportingCircle,Assam Circle
781310,Jagra S.O,AS-Nalbari,AS,Nalbari,Assam,Delivery,Nalbari Division,DivReportingCircle,Assam Circle
781351,Kalag S.O,AS-Nalbari,AS,Nalbari,Assam,Delivery,Nalbari Division,DivReportingCircle,Assam Circle
781347,Kamarkuchi S.O,AS-Nalbari,AS,Nalbari,Assam,Delivery,Nalbari Division,DivReportingCircle,Assam Circle
781367,Tambulpur S.O,AS-Baksa,AS,Baksa,Assam,Delivery,Nalbari Division,DivReportingCircle,Assam Circle
788734,Anipur S.O,AS-Karimganj,AS,Karimganj,Assam,Delivery,Cachar Division,DivReportingCircle,Assam Circle
788150,Kalibari Bazar S.O,AS-Hailakandi,AS,Hailakandi,Assam,Delivery,Cachar Division,DivReportingCircle,Assam Circle
788165,Manipur Bagan S.O,AS-Hailakandi,AS,Hailakandi,Assam,Delivery,Cachar Division,DivReportingCircle,Assam Circle
788168,Rajyeswarpur S.O,AS-Hailakandi,AS,Hailakandi,Assam,Delivery,Cachar Division,DivReportingCircle,Assam Circle
788155,Ratanpur Road S.O,AS-Hailakandi,AS,Hailakandi,Assam,Delivery,Cachar Division,DivReportingCircle,Assam Circle
788806,Badarpur Bazar S.O,AS-Karimganj,AS,Karimganj,Assam,Non Delivery,Cachar Division,DivReportingCircle,Assam Circle
788817,Behara Bazar S.O,AS-Cachar,AS,Cachar,Assam,Delivery,Cachar Division,DivReportingCircle,Assam Circle
788710,Char Bazar S.O,AS-Karimganj,AS,Karimganj,Assam,Non Delivery,Cachar Division,DivReportingCircle,Assam Circle
788728,Isabeel S.O,AS-Karimganj,AS,Karimganj,Assam,Delivery,Cachar Division,DivReportingCircle,Assam Circle
788815,Kalain S.O,AS-Cachar,AS,Cachar,Assam,Delivery,Cachar Division,DivReportingCircle,Assam Circle
788711,Sribhumi Bazar SO,AS-Karimganj,AS,Karimganj,Assam,Delivery,Cachar Division,DivReportingCircle,Assam Circle
788710,Sribhumi Court SO,AS-Karimganj,AS,Karimganj,Assam,Non Delivery,Cachar Division,DivReportingCircle,Assam Circle
788805,Katigorah S.O,AS-Cachar,AS,Cachar,Assam,Delivery,Cachar Division,DivReportingCircle,Assam Circle
788710,Subashnagar S.O,AS-Karimganj,AS,Karimganj,Assam,Non Delivery,Cachar Division,DivReportingCircle,Assam Circle
788025,Arunachal S.O,AS-Cachar,AS,Cachar,Assam,Delivery,Cachar Division,DivReportingCircle,Assam Circle
788011,Assam University S.O,AS-Cachar,AS,Cachar,Assam,Delivery,Cachar Division,DivReportingCircle,Assam Circle
788102,Dewan S.O,AS-Cachar,AS,Cachar,Assam,Delivery,Cachar Division,DivReportingCircle,Assam Circle
788001,Dewanji Bazar S.O,AS-Cachar,AS,Cachar,Assam,Non Delivery,Cachar Division,DivReportingCircle,Assam Circle
788820,Haflong Ptc S.O,AS-Dima Hasao,AS,Dima Hasao,Assam,Delivery,Cachar Division,DivReportingCircle,Assam Circle
788819,Haflong S.O,AS-Dima Hasao,AS,Dima Hasao,Assam,Delivery,Cachar Division,DivReportingCircle,Assam Circle
788107,Joypur Rajabazar S.O,AS-Cachar,AS,Cachar,Assam,Delivery,Cachar Division,DivReportingCircle,Assam Circle
788832,Langting S.O,AS-Dima Hasao,AS,Dima Hasao,Assam,Delivery,Cachar Division,DivReportingCircle,Assam Circle
788830,Mahur S.O,AS-Dima Hasao,AS,Dima Hasao,Assam,Delivery,Cachar Division,DivReportingCircle,Assam Circle
788015,Meherpur S.O,AS-Cachar,AS,Cachar,Assam,Delivery,Cachar Division,DivReportingCircle,Assam Circle
788026,Srikona S.O,AS-Cachar,AS,Cachar,Assam,Delivery,Cachar Division,DivReportingCircle,Assam Circle
784147,Deomornoi S.O,AS-Darrang,AS,Darrang,Assam,Delivery,Darrang Division,DivReportingCircle,Assam Circle
784144,Pathorighat S.O,AS-Darrang,AS,Darrang,Assam,Delivery,Darrang Division,DivReportingCircle,Assam Circle
784513,Sapangaon S.O,AS-Udalguri,AS,Udalguri,Assam,Delivery,Darrang Division,DivReportingCircle,Assam Circle
784502,Bindukuri S.O,AS-Sonitpur,AS,Sonitpur,Assam,Delivery,Darrang Division,DivReportingCircle,Assam Circle
784111,Darrang Panbari S.O,AS-Sonitpur,AS,Sonitpur,Assam,Delivery,Darrang Division,DivReportingCircle,Assam Circle
784170,Halem S.O,AS-Biswanath,AS,Biswanath,Assam,Delivery,Darrang Division,DivReportingCircle,Assam Circle
851112,Barauni SO,BR-Begusarai,BR,Begusarai,Bihar,Delivery,Begusarai Division,East Region Bhagalpur,Bihar Circle
851120,Bhagwanpur SO,BR-Begusarai,BR,Begusarai,Bihar,Delivery,Begusarai Division,East Region Bhagalpur,Bihar Circle
851135,Bihat SO,BR-Begusarai,BR,Begusarai,Bihar,Delivery,Begusarai Division,East Region Bhagalpur,Bihar Circle
851129,Mirzapur Banduar SO,BR-Begusarai,BR,Begusarai,Bihar,Delivery,Begusarai Division,East Region Bhagalpur,Bihar Circle
851212,Mohaddipur SO Khagaria,BR-Khagaria,BR,Khagaria,Bihar,Delivery,Begusarai Division,East Region Bhagalpur,Bihar Circle
851117,Refinery Township SO,BR-Begusarai,BR,Begusarai,Bihar,Delivery,Begusarai Division,East Region Bhagalpur,Bihar Circle
851132,Sripur SO,BR-Begusarai,BR,Begusarai,Bihar,Delivery,Begusarai Division,East Region Bhagalpur,Bihar Circle
847428,Bharathi SO,BR-Darbhanga,BR,Darbhanga,Bihar,Delivery,Darbhanga Division,Muzaffarpur Region,Bihar Circle
847104,Bharwara SO,BR-Darbhanga,BR,Darbhanga,Bihar,Delivery,Darbhanga Division,Muzaffarpur Region,Bihar Circle
846004,C M College SO,BR-Darbhanga,BR,Darbhanga,Bihar,Non Delivery,Darbhanga Division,Muzaffarpur Region,Bihar Circle
846004,Darbhanga Chowk SO,BR-Darbhanga,BR,Darbhanga,Bihar,Non Delivery,Darbhanga Division,Muzaffarpur Region,Bihar Circle
847303,Jogiara SO,BR-Darbhanga,BR,Darbhanga,Bihar,Delivery,Darbhanga Division,Muzaffarpur Region,Bihar Circle
846004,Kathalwari SO,BR-Darbhanga,BR,Darbhanga,Bihar,Non Delivery,Darbhanga Division,Muzaffarpur Region,Bihar Circle
846004,Kilaghat SO,BR-Darbhanga,BR,Darbhanga,Bihar,Non Delivery,Darbhanga Division,Muzaffarpur Region,Bihar Circle
847204,Bishnupur SO Darbhanga,BR-Darbhanga,BR,Darbhanga,Bihar,Delivery,Darbhanga Division,Muzaffarpur Region,Bihar Circle
847427,Ghanshyampur SO Darbhanga,BR-Darbhanga,BR,Darbhanga,Bihar,Delivery,Darbhanga Division,Muzaffarpur Region,Bihar Circle
847422,Manigachi SO,BR-Darbhanga,BR,Darbhanga,Bihar,Delivery,Darbhanga Division,Muzaffarpur Region,Bihar Circle
847423,Putai SO,BR-Darbhanga,BR,Darbhanga,Bihar,Delivery,Darbhanga Division,Muzaffarpur Region,Bihar Circle
846002,SHMC SO,BR-Darbhanga,BR,Darbhanga,Bihar,Delivery,Darbhanga Division,Muzaffarpur Region,Bihar Circle
845301,Adapur SO,BR-Purbi Champaran,BR,Purbi Champaran,Bihar,Delivery,East Champaran Division,Muzaffarpur Region,Bihar Circle
845401,Chhatauni SO,BR-Purbi Champaran,BR,Purbi Champaran,Bihar,Non Delivery,East Champaran Division,Muzaffarpur Region,Bihar Circle
845412,Bara Chakia SO,BR-Purbi Champaran,BR,Purbi Champaran,Bihar,Delivery,East Champaran Division,Muzaffarpur Region,Bihar Circle
845303,Ghora Sahan SO,BR-Purbi Champaran,BR,Purbi Champaran,Bihar,Delivery,East Champaran Division,Muzaffarpur Region,Bihar Circle
845424,Kesharia SO,BR-Purbi Champaran,BR,Purbi Champaran,Bihar,Delivery,East Champaran Division,Muzaffarpur Region,Bihar Circle
845304,Kundwa Chainpur SO,BR-Purbi Champaran,BR,Purbi Champaran,Bihar,Delivery,East Champaran Division,Muzaffarpur Region,Bihar Circle
845426,Mehsi SO,BR-Purbi Champaran,BR,Purbi Champaran,Bihar,Delivery,East Champaran Division,Muzaffarpur Region,Bihar Circle
845401,Motihari City SO,BR-Purbi Champaran,BR,Purbi Champaran,Bihar,Non Delivery,East Champaran Division,Muzaffarpur Region,Bihar Circle
845457,Patahi SO East Champaran,BR-Purbi Champaran,BR,Purbi Champaran,Bihar,Delivery,East Champaran Division,Muzaffarpur Region,Bihar Circle
845431,Raghunathpur Bazar SO,BR-Purbi Champaran,BR,Purbi Champaran,Bihar,Delivery,East Champaran Division,Muzaffarpur Region,Bihar Circle
845434,Sangrampur SO East Champaran,BR-Purbi Champaran,BR,Purbi Champaran,Bihar,Delivery,East Champaran Division,Muzaffarpur Region,Bihar Circle
847225,Basopatti SO,BR-Madhubani,BR,Madhubani,Bihar,Delivery,Madhubani Division,Muzaffarpur Region,Bihar Circle
847402,Ghoghardiha SO,BR-Madhubani,BR,Madhubani,Bihar,Delivery,Madhubani Division,Muzaffarpur Region,Bihar Circle
847228,Khajauli SO,BR-Madhubani,BR,Madhubani,Bihar,Delivery,Madhubani Division,Muzaffarpur Region,Bihar Circle
847108,Narahiya SO,BR-Madhubani,BR,Madhubani,Bihar,Delivery,Madhubani Division,Muzaffarpur Region,Bihar Circle
847409,Phulparas SO,BR-Madhubani,BR,Madhubani,Bihar,Delivery,Madhubani Division,Muzaffarpur Region,Bihar Circle
847239,Sakri Madhubani SO,BR-Madhubani,BR,Madhubani,Bihar,Delivery,Madhubani Division,Muzaffarpur Region,Bihar Circle
847424,Sarisavpahi SO,BR-Madhubani,BR,Madhubani,Bihar,Delivery,Madhubani Division,Muzaffarpur Region,Bihar Circle
843103,Bochaha SO,BR-Muzaffarpur,BR,Muzaffarpur,Bihar,Delivery,Muzaffarpur Division,Muzaffarpur Region,Bihar Circle
843104,Chandanpatti SO,BR-Muzaffarpur,BR,Muzaffarpur,Bihar,Delivery,Muzaffarpur Division,Muzaffarpur Region,Bihar Circle
842001,Chhata Bazar SO Muzaffarpur,BR-Muzaffarpur,BR,Muzaffarpur,Bihar,Non Delivery,Muzaffarpur Division,Muzaffarpur Region,Bihar Circle
842006,Kalwari SO Muzaffarpur,BR-Muzaffarpur,BR,Muzaffarpur,Bihar,Delivery,Muzaffarpur Division,Muzaffarpur Region,Bihar Circle
843112,Paroo SO,BR-Muzaffarpur,BR,Muzaffarpur,Bihar,Delivery,Muzaffarpur Division,Muzaffarpur Region,Bihar Circle
842004,Umanagar SO,BR-Muzaffarpur,BR,Muzaffarpur,Bihar,Delivery,Muzaffarpur Division,Muzaffarpur Region,Bihar Circle
843132,Manika Harikishun S.O,BR-Muzaffarpur,BR,Muzaffarpur,Bihar,Delivery,Muzaffarpur Division,Muzaffarpur Region,Bihar Circle
854116,Mahadevpur SO Katihar,BR-Katihar,BR,Katihar,Bihar,Delivery,Divisional Office Katihar,East Region Bhagalpur,Bihar Circle
855117,Taiyabpur SO,BR-Kishanganj,BR,Kishanganj,Bihar,Delivery,Divisional Office Katihar,East Region Bhagalpur,Bihar Circle
855116,Thakurganj SO,BR-Kishanganj,BR,Kishanganj,Bihar,Delivery,Divisional Office Katihar,East Region Bhagalpur,Bihar Circle
854311,Araria SO,BR-Araria,BR,Araria,Bihar,Delivery,Purnea Division,East Region Bhagalpur,Bihar Circle
854201,Banaili SO,BR-Purnia,BR,Purnia,Bihar,Delivery,Purnea Division,East Region Bhagalpur,Bihar Circle
854203,Barhara Kothi SO,BR-Purnia,BR,Purnia,Bihar,Delivery,Purnea Division,East Region Bhagalpur,Bihar Circle
854204,Bhawanipur Rajdham SO,BR-Purnia,BR,Purnia,Bihar,Delivery,Purnea Division,East Region Bhagalpur,Bihar Circle
854102,Chopra Ram Nagar SO,BR-Purnia,BR,Purnia,Bihar,Delivery,Purnea Division,East Region Bhagalpur,Bihar Circle
854325,Garhbanaili SO,BR-Purnia,BR,Purnia,Bihar,Delivery,Purnea Division,East Region Bhagalpur,Bihar Circle
854329,Jokihat SO,BR-Araria,BR,Araria,Bihar,Delivery,Purnea Division,East Region Bhagalpur,Bihar Circle
854305,Khuskibagh SO,BR-Purnia,BR,Purnia,Bihar,Delivery,Purnea Division,East Region Bhagalpur,Bihar Circle
854332,Kuari SO,BR-Araria,BR,Araria,Bihar,Delivery,Purnea Division,East Region Bhagalpur,Bihar Circle
854333,Madanpur SO Araria,BR-Araria,BR,Araria,Bihar,Delivery,Purnea Division,East Region Bhagalpur,Bihar Circle
854334,Maryganj SO,BR-Araria,BR,Araria,Bihar,Delivery,Purnea Division,East Region Bhagalpur,Bihar Circle
854335,Narpatganj SO,BR-Araria,BR,Araria,Bihar,Delivery,Purnea Division,East Region Bhagalpur,Bihar Circle
854303,Purnea Polyticnic SO,BR-Purnia,BR,Purnia,Bihar,Delivery,Purnea Division,East Region Bhagalpur,Bihar Circle
854318,SRForbesganj SO,BR-Araria,BR,Araria,Bihar,Non Delivery,Purnea Division,East Region Bhagalpur,Bihar Circle
854339,Balua Bazar SO,BR-Supaul,BR,Supaul,Bihar,Delivery,Saharsa Division,East Region Bhagalpur,Bihar Circle
854338,Bhimnagar Bairrage SO,BR-Supaul,BR,Supaul,Bihar,Delivery,Saharsa Division,East Region Bhagalpur,Bihar Circle
852113,Bnmu University Madhepura SO,BR-Madhepura,BR,Madhepura,Bihar,Non Delivery,Saharsa Division,East Region Bhagalpur,Bihar Circle
852108,Gamaharia SO,BR-Madhepura,BR,Madhepura,Bihar,Delivery,Saharsa Division,East Region Bhagalpur,Bihar Circle
852214,Jadia SO,BR-Supaul,BR,Supaul,Bihar,Delivery,Saharsa Division,East Region Bhagalpur,Bihar Circle
852113,Madhepura MDG,BR-Madhepura,BR,Madhepura,Bihar,Delivery,Saharsa Division,East Region Bhagalpur,Bihar Circle
852125,Pratapganj SO Supaul,BR-Supaul,BR,Supaul,Bihar,Delivery,Saharsa Division,East Region Bhagalpur,Bihar Circle
852134,SUPAUL BAZAR,BR-Supaul,BR,Supaul,Bihar,Delivery,Saharsa Division,East Region Bhagalpur,Bihar Circle
848205,Hassanpur S Mill SO,BR-Samastipur,BR,Samastipur,Bihar,Delivery,Samastipur Division,Muzaffarpur Region,Bihar Circle
848117,Ilmasnagar SO,BR-Samastipur,BR,Samastipur,Bihar,Delivery,Samastipur Division,Muzaffarpur Region,Bihar Circle
848206,Kundal SO Samastipur,BR-Samastipur,BR,Samastipur,Bihar,Delivery,Samastipur Division,Muzaffarpur Region,Bihar Circle
848121,Morwa SO,BR-Samastipur,BR,Samastipur,Bihar,Delivery,Samastipur Division,Muzaffarpur Region,Bihar Circle
848209,Singhia SO,BR-Samastipur,BR,Samastipur,Bihar,Delivery,Samastipur Division,Muzaffarpur Region,Bihar Circle
848132,Ujiarpur SO,BR-Samastipur,BR,Samastipur,Bihar,Delivery,Samastipur Division,Muzaffarpur Region,Bihar Circle
841301,Bhagwan Bazar SO,BR-Saran,BR,Saran,Bihar,Non Delivery,Saran Division,Muzaffarpur Region,Bihar Circle
841312,Gariba Tola SO,BR-Saran,BR,Saran,Bihar,Delivery,Saran Division,Muzaffarpur Region,Bihar Circle
841311,Garkha SO,BR-Saran,BR,Saran,Bihar,Delivery,Saran Division,Muzaffarpur Region,Bihar Circle
841305,Revelganj SO,BR-Saran,BR,Saran,Bihar,Delivery,Saran Division,Muzaffarpur Region,Bihar Circle
841101,Sonepur RS SO,BR-Saran,BR,Saran,Bihar,Non Delivery,Saran Division,Muzaffarpur Region,Bihar Circle
841101,Sonepur SO Saran,BR-Saran,BR,Saran,Bihar,Delivery,Saran Division,Muzaffarpur Region,Bihar Circle
841460,Bhatha Sonho SO,BR-Saran,BR,Saran,Bihar,Delivery,Saran Division,Muzaffarpur Region,Bihar Circle
841415,Khodaibagh SO,BR-Saran,BR,Saran,Bihar,Delivery,Saran Division,Muzaffarpur Region,Bihar Circle
843301,Shaktipith Chandidham SO,BR-Sitamarhi,BR,Sitamarhi,Bihar,Non Delivery,Sitamarhi Division,Muzaffarpur Region,Bihar Circle
843329,Sheohar Court NDSO,BR-Sheohar,BR,Sheohar,Bihar,Non Delivery,Sitamarhi Division,Muzaffarpur Region,Bihar Circle
841405,Barauli SO Gopalganj,BR-Gopalganj,BR,Gopalganj,Bihar,Delivery,Siwan Division,Muzaffarpur Region,Bihar Circle
841426,Bhore SO,BR-Gopalganj,BR,Gopalganj,Bihar,Delivery,Siwan Division,Muzaffarpur Region,Bihar Circle
841407,Bishunpura SO,BR-Gopalganj,BR,Gopalganj,Bihar,Delivery,Siwan Division,Muzaffarpur Region,Bihar Circle
841427,Garhmanjha SO,BR-Gopalganj,BR,Gopalganj,Bihar,Delivery,Siwan Division,Muzaffarpur Region,Bihar Circle
841509,Gabhirar SO,BR-Siwan,BR,Siwan,Bihar,Delivery,Siwan Division,Muzaffarpur Region,Bihar Circle
841434,Goreakothi SO,BR-Siwan,BR,Siwan,Bihar,Delivery,Siwan Division,Muzaffarpur Region,Bihar Circle
841446,Narendrapur SO,BR-Siwan,BR,Siwan,Bihar,Delivery,Siwan Division,Muzaffarpur Region,Bihar Circle
841244,Takipur SO,BR-Siwan,BR,Siwan,Bihar,Delivery,Siwan Division,Muzaffarpur Region,Bihar Circle
845103,Harinagar SO,BR-Pashchim Champaran,BR,Pashchim Champaran,Bihar,Delivery,West Champaran Division,Muzaffarpur Region,Bihar Circle
845104,Madhubani SO,BR-Pashchim Champaran,BR,Pashchim Champaran,Bihar,Delivery,West Champaran Division,Muzaffarpur Region,Bihar Circle
824219,Amas SO,BR-Gaya,BR,Gaya,Bihar,Delivery,Gaya Division,DivReportingCircle,Bihar Circle
824101,Aurangabad Kutchehry SO,BR-Aurangabad,BR,Aurangabad,Bihar,Non Delivery,AurangabadBihar Division,DivReportingCircle,Bihar Circle
824143,Daudnagar SO,BR-Aurangabad,BR,Aurangabad,Bihar,Delivery,AurangabadBihar Division,DivReportingCircle,Bihar Circle
824121,Jamhor SO,BR-Aurangabad,BR,Aurangabad,Bihar,Delivery,AurangabadBihar Division,DivReportingCircle,Bihar Circle
824124,Obra SO AurangabadBH,BR-Aurangabad,BR,Aurangabad,Bihar,Delivery,AurangabadBihar Division,DivReportingCircle,Bihar Circle
824211,Sherghati SO,BR-Gaya,BR,Gaya,Bihar,Delivery,Gaya Division,DivReportingCircle,Bihar Circle
804409,Mehandia SO,BR-Aurangabad,BR,Aurangabad,Bihar,Delivery,AurangabadBihar Division,DivReportingCircle,Bihar Circle
824126,Pothu S.O,BR-Aurangabad,BR,Aurangabad,Bihar,Delivery,AurangabadBihar Division,DivReportingCircle,Bihar Circle
813103,Barahat SO,BR-Banka,BR,Banka,Bihar,Delivery,Bhagalpur Division,East Region Bhagalpur,Bihar Circle
814131,Chandan SO,BR-Banka,BR,Banka,Bihar,Delivery,Bhagalpur Division,East Region Bhagalpur,Bihar Circle
813201,Asarganj SO,BR-Munger,BR,Munger,Bihar,Delivery,Munger Division,East Region Bhagalpur,Bihar Circle
812003,Barari SO,BR-Bhagalpur,BR,Bhagalpur,Bihar,Delivery,Bhagalpur Division,East Region Bhagalpur,Bihar Circle
812005,Mirjanhat SO,BR-Bhagalpur,BR,Bhagalpur,Bihar,Delivery,Bhagalpur Division,East Region Bhagalpur,Bihar Circle
813210,Sabour SO,BR-Bhagalpur,BR,Bhagalpur,Bihar,Delivery,Bhagalpur Division,East Region Bhagalpur,Bihar Circle
813108,Sahkund SO,BR-Bhagalpur,BR,Bhagalpur,Bihar,Delivery,Bhagalpur Division,East Region Bhagalpur,Bihar Circle
812007,T N B College SO,BR-Bhagalpur,BR,Bhagalpur,Bihar,Delivery,Bhagalpur Division,East Region Bhagalpur,Bihar Circle
812001,Tilkamanjhi,BR-Bhagalpur,BR,Bhagalpur,Bihar,Non Delivery,Bhagalpur Division,East Region Bhagalpur,Bihar Circle
812004,Sahebganj,BR-Bhagalpur,BR,Bhagalpur,Bihar,Non Delivery,Bhagalpur Division,East Region Bhagalpur,Bihar Circle
802201,Agiaon SO,BR-Bhojpur,BR,Bhojpur,Bihar,Delivery,Bhojpur Division,DivReportingCircle,Bihar Circle
802351,Benwalia SO,BR-Bhojpur,BR,Bhojpur,Bihar,Delivery,Bhojpur Division,DivReportingCircle,Bihar Circle
802312,Chandawa SO,BR-Bhojpur,BR,Bhojpur,Bihar,Delivery,Bhojpur Division,DivReportingCircle,Bihar Circle
802156,Dhamar SO,BR-Bhojpur,BR,Bhojpur,Bihar,Delivery,Bhojpur Division,DivReportingCircle,Bihar Circle
802159,Jitaura SO,BR-Bhojpur,BR,Bhojpur,Bihar,Delivery,Bhojpur Division,DivReportingCircle,Bihar Circle
802206,Kasap SO,BR-Bhojpur,BR,Bhojpur,Bihar,Delivery,Bhojpur Division,DivReportingCircle,Bihar Circle
802165,Shahpurpatti SO,BR-Bhojpur,BR,Bhojpur,Bihar,Delivery,Bhojpur Division,DivReportingCircle,Bihar Circle
802301,Sheoganj SO Bhojpur,BR-Bhojpur,BR,Bhojpur,Bihar,Non Delivery,Bhojpur Division,DivReportingCircle,Bihar Circle
802224,Sikraul Fatehpur SO,BR-Bhojpur,BR,Bhojpur,Bihar,Delivery,Bhojpur Division,DivReportingCircle,Bihar Circle
802111,Arak SO,BR-Buxar,BR,Buxar,Bihar,Delivery,Buxar Division,DivReportingCircle,Bihar Circle
802103,Buxar Gajadhar Ganj SO,BR-Buxar,BR,Buxar,Bihar,Delivery,Buxar Division,DivReportingCircle,Bihar Circle
802117,Dhansoi SO,BR-Buxar,BR,Buxar,Bihar,Delivery,Bhojpur Division,DivReportingCircle,Bihar Circle
802131,Niazipur SO,BR-Buxar,BR,Buxar,Bihar,Delivery,Buxar Division,DivReportingCircle,Bihar Circle
823005,Asc CentreN Gaya SO,BR-Gaya,BR,Gaya,Bihar,Delivery,Gaya Division,DivReportingCircle,Bihar Circle
804403,Belaganj SO,BR-Gaya,BR,Gaya,Bihar,Delivery,Gaya Division,DivReportingCircle,Bihar Circle
804404,Chakand SO,BR-Gaya,BR,Gaya,Bihar,Delivery,Gaya Division,DivReportingCircle,Bihar Circle
823001,Civil Lines SO Gaya,BR-Gaya,BR,Gaya,Bihar,Non Delivery,Gaya Division,DivReportingCircle,Bihar Circle
823001,Gaya Jail SO,BR-Gaya,BR,Gaya,Bihar,Non Delivery,Gaya Division,DivReportingCircle,Bihar Circle
824234,Magadh University SO,BR-Gaya,BR,Gaya,Bihar,Delivery,Gaya Division,DivReportingCircle,Bihar Circle
804435,Main SO,BR-Gaya,BR,Gaya,Bihar,Delivery,Gaya Division,DivReportingCircle,Bihar Circle
804422,Makhdumpur SO,BR-Jehanabad,BR,Jehanabad,Bihar,Delivery,Gaya Division,DivReportingCircle,Bihar Circle
804429,Nehalpur SO,BR-Jehanabad,BR,Jehanabad,Bihar,Delivery,Gaya Division,DivReportingCircle,Bihar Circle
811307,Jamui Court SO,BR-Jamui,BR,Jamui,Bihar,Non Delivery,Munger Division,East Region Bhagalpur,Bihar Circle
811302,Barhiya SO,BR-Lakhisarai,BR,Lakhisarai,Bihar,Delivery,Munger Division,East Region Bhagalpur,Bihar Circle
811201,Belan Bazar SO,BR-Munger,BR,Munger,Bihar,Non Delivery,Munger Division,East Region Bhagalpur,Bihar Circle
811304,Chewara SO,BR-Sheikhpura,BR,Sheikhpura,Bihar,Delivery,Nawadha Division,East Region Bhagalpur,Bihar Circle
811214,Jamalpur SO Munger,BR-Munger,BR,Munger,Bihar,Delivery,Munger Division,East Region Bhagalpur,Bihar Circle
811311,PBLakhisarai SO,BR-Lakhisarai,BR,Lakhisarai,Bihar,Non Delivery,Munger Division,East Region Bhagalpur,Bihar Circle
811112,Piri Bazar SO,BR-Lakhisarai,BR,Lakhisarai,Bihar,Delivery,Munger Division,East Region Bhagalpur,Bihar Circle
811105,Sheikhpura Bazar SO,BR-Sheikhpura,BR,Sheikhpura,Bihar,Non Delivery,Nawadha Division,East Region Bhagalpur,Bihar Circle
803101,Alinagar SO,BR-Nalanda,BR,Nalanda,Bihar,Non Delivery,Nalanda Division,East Region Bhagalpur,Bihar Circle
803101,Amber SO,BR-Nalanda,BR,Nalanda,Bihar,Non Delivery,Nalanda Division,East Region Bhagalpur,Bihar Circle
803212,Bakhtiyarpur S.O,BR-Patna,BR,Patna,Bihar,Delivery,PATNA SAHIB DIVISION,DivReportingCircle,Bihar Circle
803213,Barh Court S.O,BR-Patna,BR,Patna,Bihar,Non Delivery,PATNA SAHIB DIVISION,DivReportingCircle,Bihar Circle
803214,Barh RS S.O,BR-Patna,BR,Patna,Bihar,Delivery,PATNA SAHIB DIVISION,DivReportingCircle,Bihar Circle
803213,Barh  S.O,BR-Patna,BR,Patna,Bihar,Delivery,PATNA SAHIB DIVISION,DivReportingCircle,Bihar Circle
803118,Mogalkuan SO,BR-Nalanda,BR,Nalanda,Bihar,Non Delivery,Nalanda Division,East Region Bhagalpur,Bihar Circle
803302,Mokama S.O,BR-Patna,BR,Patna,Bihar,Delivery,PATNA SAHIB DIVISION,DivReportingCircle,Bihar Circle
803303,Mokama Ghat S.O,BR-Patna,BR,Patna,Bihar,Delivery,PATNA SAHIB DIVISION,DivReportingCircle,Bihar Circle
803121,Ordnance Factory Rajgir SO,BR-Nalanda,BR,Nalanda,Bihar,Delivery,Nalanda Division,East Region Bhagalpur,Bihar Circle
803114,Parwalpur SO,BR-Nalanda,BR,Nalanda,Bihar,Delivery,Nalanda Division,East Region Bhagalpur,Bihar Circle
803115,Pawapuri SO,BR-Nalanda,BR,Nalanda,Bihar,Delivery,Nalanda Division,East Region Bhagalpur,Bihar Circle
801306,Telhara SO Nalanda,BR-Nalanda,BR,Nalanda,Bihar,Delivery,Nalanda Division,East Region Bhagalpur,Bihar Circle
805101,Dhamul SO,BR-Nawada,BR,Nawada,Bihar,Delivery,Nawadha Division,East Region Bhagalpur,Bihar Circle
805107,Kosi SO Nawada,BR-Nawada,BR,Nawada,Bihar,Delivery,Nawadha Division,East Region Bhagalpur,Bihar Circle
805122,Narhat SO,BR-Nawada,BR,Nawada,Bihar,Delivery,Nawadha Division,East Region Bhagalpur,Bihar Circle
805124,Pakaribarwan SO,BR-Nawada,BR,Nawada,Bihar,Delivery,Nawadha Division,East Region Bhagalpur,Bihar Circle
805112,Parnawada SO,BR-Nawada,BR,Nawada,Bihar,Delivery,Nawadha Division,East Region Bhagalpur,Bihar Circle
805128,Tarwan SO,BR-Gaya,BR,Gaya,Bihar,Delivery,Nawadha Division,East Region Bhagalpur,Bihar Circle
805129,Tungi SO,BR-Nawada,BR,Nawada,Bihar,Delivery,Nawadha Division,East Region Bhagalpur,Bihar Circle
805111,Gonawan S.O,BR-Nawada,BR,Nawada,Bihar,Non Delivery,Nawadha Division,East Region Bhagalpur,Bihar Circle
801507,AIIMS SO,BR-Patna,BR,Patna,Bihar,Delivery,Patna Division,DivReportingCircle,Bihar Circle
800020,ASHOK NAGAR SO,BR-Patna,BR,Patna,Bihar,Non Delivery,PATNA SAHIB DIVISION,DivReportingCircle,Bihar Circle
800001,Bank Road SO Patna,BR-Patna,BR,Patna,Bihar,Non Delivery,Patna Division,DivReportingCircle,Bihar Circle
800020,C G NAGAR SO,BR-Patna,BR,Patna,Bihar,Non Delivery,PATNA SAHIB DIVISION,DivReportingCircle,Bihar Circle
800028,Patna High Court SO,BR-Patna,BR,Patna,Bihar,Delivery,Patna Division,DivReportingCircle,Bihar Circle
800020,RMS COLONY SO,BR-Patna,BR,Patna,Bihar,Non Delivery,PATNA SAHIB DIVISION,DivReportingCircle,Bihar Circle
800020,WEST LOHIA NAGAR SO,BR-Patna,BR,Patna,Bihar,Non Delivery,PATNA SAHIB DIVISION,DivReportingCircle,Bihar Circle
801503,Gola Road,BR-Patna,BR,Patna,Bihar,Non Delivery,Patna Division,DivReportingCircle,Bihar Circle
800003,Kadamkuan SO,BR-Patna,BR,Patna,Bihar,Delivery,Patna Division,DivReportingCircle,Bihar Circle
800001,Navshakti SO,BR-Patna,BR,Patna,Bihar,Non Delivery,Patna Division,DivReportingCircle,Bihar Circle
800001,RBlock SO,BR-Patna,BR,Patna,Bihar,Non Delivery,Patna Division,DivReportingCircle,Bihar Circle
800014,Sheikhpura SO Patna,BR-Patna,BR,Patna,Bihar,Non Delivery,Patna Division,DivReportingCircle,Bihar Circle
804452,MASAURHI SO,BR-Patna,BR,Patna,Bihar,Delivery,PATNA SAHIB DIVISION,DivReportingCircle,Bihar Circle
801111,SADISOPUR S.O,BR-Patna,BR,Patna,Bihar,Delivery,Patna Division,DivReportingCircle,Bihar Circle
801105,KHAGAUL S.O,BR-Patna,BR,Patna,Bihar,Delivery,Patna Division,DivReportingCircle,Bihar Circle
821102,Bhagwanpur SO Kaimur Bhabua,BR-Kaimur (Bhabua),BR,Kaimur (Bhabua),Bihar,Delivery,Rohtas Division,DivReportingCircle,Bihar Circle
821104,Chenari SO,BR-Rohtas,BR,Rohtas,Bihar,Delivery,Rohtas Division,DivReportingCircle,Bihar Circle
802215,Garh Nokha SO,BR-Rohtas,BR,Rohtas,Bihar,Delivery,Rohtas Division,DivReportingCircle,Bihar Circle
802217,Meari Bazar SO,BR-Rohtas,BR,Rohtas,Bihar,Delivery,Rohtas Division,DivReportingCircle,Bihar Circle
802221,Surajpura SO,BR-Rohtas,BR,Rohtas,Bihar,Delivery,Rohtas Division,DivReportingCircle,Bihar Circle
821015,Sasaram Tarachandi Dham so,BR-Rohtas,BR,Rohtas,Bihar,Delivery,Rohtas Division,DivReportingCircle,Bihar Circle
844503,Bidupur Bazar SO,BR-Vaishali,BR,Vaishali,Bihar,Delivery,Vaishali Division,DivReportingCircle,Bihar Circle
844102,Hajipur IndArea SO,BR-Vaishali,BR,Vaishali,Bihar,Delivery,Vaishali Division,DivReportingCircle,Bihar Circle
844505,Jhandaha SO,BR-Vaishali,BR,Vaishali,Bihar,Delivery,Vaishali Division,DivReportingCircle,Bihar Circle
843110,Kumar Bajitpur SO,BR-Vaishali,BR,Vaishali,Bihar,Delivery,Vaishali Division,DivReportingCircle,Bihar Circle
844508,Raghopur SO,BR-Vaishali,BR,Vaishali,Bihar,Delivery,Vaishali Division,DivReportingCircle,Bihar Circle
844101,Rambhadra SO,BR-Vaishali,BR,Vaishali,Bihar,Non Delivery,Vaishali Division,DivReportingCircle,Bihar Circle
844125,Sarai SO,BR-Vaishali,BR,Vaishali,Bihar,Delivery,Vaishali Division,DivReportingCircle,Bihar Circle
494221,Asna S.O,CG-Raipur,CG,Raipur,Chhattisgarh,Delivery,Bastar Division,DivReportingCircle,Chattisgarh Circle
494222,Bakawand S.O,CG-Raipur,CG,Raipur,Chhattisgarh,Delivery,Bastar Division,DivReportingCircle,Chattisgarh Circle
494450,Bhairamgarh S.O,CG-Bijapur,CG,Bijapur,Chhattisgarh,Delivery,Bastar Division,DivReportingCircle,Chattisgarh Circle
494224,Bhanpuri S.O,CG-Kondagaon,CG,Kondagaon,Chhattisgarh,Delivery,Bastar Division,DivReportingCircle,Chattisgarh Circle
494449,Dantewada S.O,CG-Dantewada,CG,Dantewada,Chhattisgarh,Delivery,Bastar Division,DivReportingCircle,Chattisgarh Circle
494001,Dharampura S.O,CG-Raipur,CG,Raipur,Chhattisgarh,Non Delivery,Bastar Division,DivReportingCircle,Chattisgarh Circle
494556,Kirandul S.O,CG-Dantewada,CG,Dantewada,Chhattisgarh,Delivery,Bastar Division,DivReportingCircle,Chattisgarh Circle
494114,Konta S.O,CG-Raipur,CG,Raipur,Chhattisgarh,Delivery,Bastar Division,DivReportingCircle,Chattisgarh Circle
494442,Tokapal Rajoor S.O,CG-Bastar,CG,Bastar,Chhattisgarh,Delivery,Bastar Division,DivReportingCircle,Chattisgarh Circle
494331,Keshkal S.O,CG-Raipur,CG,Raipur,Chhattisgarh,Delivery,Bastar Division,DivReportingCircle,Chattisgarh Circle
494670,Korar S.O,CG-Raipur,CG,Raipur,Chhattisgarh,Delivery,Bastar Division,DivReportingCircle,Chattisgarh Circle
494336,Lakhanpuri S.O,CG-Raipur,CG,Raipur,Chhattisgarh,Delivery,Bastar Division,DivReportingCircle,Chattisgarh Circle
494228,Pharasgaon S.O,CG-Kondagaon,CG,Kondagaon,Chhattisgarh,Delivery,Bastar Division,DivReportingCircle,Chattisgarh Circle
495552,Akaltara SO,CG-Janjgir-Champa,CG,Janjgir-Champa,Chhattisgarh,Delivery,Bilaspur Division,DivReportingCircle,Chattisgarh Circle
495009,Koni SO,CG-Bilaspur,CG,Bilaspur,Chhattisgarh,Delivery,Bilaspur Division,DivReportingCircle,Chattisgarh Circle
495115,Lormi SO,CG-Mungeli,CG,Mungeli,Chhattisgarh,Delivery,Bilaspur Division,DivReportingCircle,Chattisgarh Circle
495118,Marwahi SO,CG-Gaurella Pendra Marwahi,CG,Gaurella Pendra Marwahi,Chhattisgarh,Delivery,Bilaspur Division,DivReportingCircle,Chattisgarh Circle
495668,Naila RS SO,CG-Janjgir-Champa,CG,Janjgir-Champa,Chhattisgarh,Non Delivery,Bilaspur Division,DivReportingCircle,Chattisgarh Circle
495119,Pendra SO,CG-Gaurella Pendra Marwahi,CG,Gaurella Pendra Marwahi,Chhattisgarh,Delivery,Bilaspur Division,DivReportingCircle,Chattisgarh Circle
495661,Birra SO,CG-Janjgir-Champa,CG,Janjgir-Champa,Chhattisgarh,Delivery,Bilaspur Division,DivReportingCircle,Chattisgarh Circle
495671,Champa RS SO,CG-Janjgir-Champa,CG,Janjgir-Champa,Chhattisgarh,Non Delivery,Bilaspur Division,DivReportingCircle,Chattisgarh Circle
495446,Hardi Bazar SO,CG-Korba,CG,Korba,Chhattisgarh,Delivery,Bilaspur Division,DivReportingCircle,Chattisgarh Circle
495677,Hasdeo Project Korba SO,CG-Korba,CG,Korba,Chhattisgarh,Non Delivery,Bilaspur Division,DivReportingCircle,Chattisgarh Circle
495690,Jaijaipur SO,CG-Janjgir-Champa,CG,Janjgir-Champa,Chhattisgarh,Delivery,Bilaspur Division,DivReportingCircle,Chattisgarh Circle
495682,Manikpur Colliery SO,CG-Korba,CG,Korba,Chhattisgarh,Delivery,Bilaspur Division,DivReportingCircle,Chattisgarh Circle
495450,Vidyut Nagar Korba SO,CG-Korba,CG,Korba,Chhattisgarh,Non Delivery,Bilaspur Division,DivReportingCircle,Chattisgarh Circle
495452,Wcl Gevra Project SO,CG-Korba,CG,Korba,Chhattisgarh,Delivery,Bilaspur Division,DivReportingCircle,Chattisgarh Circle
490001,Bhilai Boria SO,CG-Durg,CG,Durg,Chhattisgarh,Non Delivery,Durg Division,DivReportingCircle,Chattisgarh Circle
491228,Dallirajhara SO,CG-Balod,CG,Balod,Chhattisgarh,Delivery,Durg Division,DivReportingCircle,Chattisgarh Circle
491001,Durg Sadar Bazar SO,CG-Durg,CG,Durg,Chhattisgarh,Non Delivery,Durg Division,DivReportingCircle,Chattisgarh Circle
491001,Kasaridih Durg SO,CG-Durg,CG,Durg,Chhattisgarh,Non Delivery,Durg Division,DivReportingCircle,Chattisgarh Circle
490011,Khursipar Bhilai SO,CG-Durg,CG,Durg,Chhattisgarh,Delivery,Durg Division,DivReportingCircle,Chattisgarh Circle
490023,Kohka Bhilai SO,CG-Durg,CG,Durg,Chhattisgarh,Non Delivery,Durg Division,DivReportingCircle,Chattisgarh Circle
491001,Mohan Nagar Durg SO,CG-Durg,CG,Durg,Chhattisgarh,Non Delivery,Durg Division,DivReportingCircle,Chattisgarh Circle
490020,Motilal Nehru Nagr Bhilai SO,CG-Durg,CG,Durg,Chhattisgarh,Delivery,Durg Division,DivReportingCircle,Chattisgarh Circle
490006,Nawagaon Bhilai SO,CG-Durg,CG,Durg,Chhattisgarh,Non Delivery,Durg Division,DivReportingCircle,Chattisgarh Circle
491107,Utai SO,CG-Durg,CG,Durg,Chhattisgarh,Delivery,Durg Division,DivReportingCircle,Chattisgarh Circle
491002,IIT Bhilai S.O,CG-Durg,CG,Durg,Chhattisgarh,Delivery,Durg Division,DivReportingCircle,Chattisgarh Circle
491665,Ambagarh Chowki SO,CG-Rajnandgaon,CG,Rajnandgaon,Chhattisgarh,Delivery,Rajnandgaon Division,DivReportingCircle,Chattisgarh Circle
491558,Chhuria SO,CG-Rajnandgaon,CG,Rajnandgaon,Chhattisgarh,Delivery,Rajnandgaon Division,DivReportingCircle,Chattisgarh Circle
491557,Chichola SO,CG-Rajnandgaon,CG,Rajnandgaon,Chhattisgarh,Delivery,Rajnandgaon Division,DivReportingCircle,Chattisgarh Circle
491444,Ghumka SO,CG-Rajnandgaon,CG,Rajnandgaon,Chhattisgarh,Delivery,Rajnandgaon Division,DivReportingCircle,Chattisgarh Circle
491881,Khairagarh Raj SO,CG-Rajnandgaon,CG,Rajnandgaon,Chhattisgarh,Delivery,Rajnandgaon Division,DivReportingCircle,Chattisgarh Circle
491229,Manpur SO,CG-Rajnandgaon,CG,Rajnandgaon,Chhattisgarh,Delivery,Rajnandgaon Division,DivReportingCircle,Chattisgarh Circle
497339,Churcha Colly SO,CG-Korea,CG,Korea,Chhattisgarh,Delivery,SURGUJA DIVISION,DivReportingCircle,Chattisgarh Circle
497001,Funduldihari SO,CG-Surguja,CG,Surguja,Chhattisgarh,Non Delivery,SURGUJA DIVISION,DivReportingCircle,Chattisgarh Circle
497451,Haldibadi SO,CG-Korea,CG,Korea,Chhattisgarh,Delivery,SURGUJA DIVISION,DivReportingCircle,Chattisgarh Circle
497553,Kurasia Colly SO,CG-Korea,CG,Korea,Chhattisgarh,Delivery,SURGUJA DIVISION,DivReportingCircle,Chattisgarh Circle
497114,Pratapgarh SO,CG-Surguja,CG,Surguja,Chhattisgarh,Delivery,SURGUJA DIVISION,DivReportingCircle,Chattisgarh Circle
497229,Surajpur SO,CG-Surajpur,CG,Surajpur,Chhattisgarh,Delivery,SURGUJA DIVISION,DivReportingCircle,Chattisgarh Circle
497450,Khadgawan SO,CG-Korea,CG,Korea,Chhattisgarh,Delivery,SURGUJA DIVISION,DivReportingCircle,Chattisgarh Circle
496242,Farsabahar SO,CG-Jashpur,CG,Jashpur,Chhattisgarh,Delivery,Raigarh Division,DivReportingCircle,Chattisgarh Circle
496338,Gholeng SO,CG-Jashpur,CG,Jashpur,Chhattisgarh,Delivery,Raigarh Division,DivReportingCircle,Chattisgarh Circle
496331,Jashpurnagar SO,CG-Jashpur,CG,Jashpur,Chhattisgarh,Delivery,Raigarh Division,DivReportingCircle,Chattisgarh Circle
496225,Kunkuri SO,CG-Jashpur,CG,Jashpur,Chhattisgarh,Delivery,Raigarh Division,DivReportingCircle,Chattisgarh Circle
496115,Rajpur RIH SO,CG-Raigarh,CG,Raigarh,Chhattisgarh,Delivery,Raigarh Division,DivReportingCircle,Chattisgarh Circle
496108,Urjanagar Telirampur SO,CG-Raigarh,CG,Raigarh,Chhattisgarh,Delivery,Raigarh Division,DivReportingCircle,Chattisgarh Circle
493332,Baloda Bazar SO,CG-Baloda Bazar,CG,Baloda Bazar,Chhattisgarh,Delivery,Raipur Division,DivReportingCircle,Chattisgarh Circle
492001,Chhotapara SO,CG-Raipur,CG,Raipur,Chhattisgarh,Non Delivery,Raipur Division,DivReportingCircle,Chattisgarh Circle
493890,Deobhog SO,CG-Gariyaband,CG,Gariyaband,Chhattisgarh,Delivery,Raipur Division,DivReportingCircle,Chattisgarh Circle
492009,Gudhiyari SO,CG-Raipur,CG,Raipur,Chhattisgarh,Non Delivery,Raipur Division,DivReportingCircle,Chattisgarh Circle
493662,Magarlod SO,CG-Dhamtari,CG,Dhamtari,Chhattisgarh,Delivery,Raipur Division,DivReportingCircle,Chattisgarh Circle
492015,Mana Camp SO,CG-Raipur,CG,Raipur,Chhattisgarh,Delivery,Raipur Division,DivReportingCircle,Chattisgarh Circle
492002,Mantralaya Raipur SO,CG-Raipur,CG,Raipur,Chhattisgarh,Delivery,Raipur Division,DivReportingCircle,Chattisgarh Circle
493114,Tilda - Neora S.O,CG-Raipur,CG,Raipur,Chhattisgarh,Delivery,Raipur Division,DivReportingCircle,Chattisgarh Circle
493228,Pallari SO,CG-Baloda Bazar,CG,Baloda Bazar,Chhattisgarh,Delivery,Raipur Division,DivReportingCircle,Chattisgarh Circle
492109,Panduka SO,CG-Gariyaband,CG,Gariyaband,Chhattisgarh,Delivery,Raipur Division,DivReportingCircle,Chattisgarh Circle
492009,Raipur Ganj SO,CG-Raipur,CG,Raipur,Chhattisgarh,Delivery,Raipur Division,DivReportingCircle,Chattisgarh Circle
492001,Raipur Kutchery SO,CG-Raipur,CG,Raipur,Chhattisgarh,Non Delivery,Raipur Division,DivReportingCircle,Chattisgarh Circle
492004,Shanker Nagar SO,CG-Raipur,CG,Raipur,Chhattisgarh,Non Delivery,Raipur Division,DivReportingCircle,Chattisgarh Circle
493101,Simga SO,CG-Baloda Bazar,CG,Baloda Bazar,Chhattisgarh,Delivery,Raipur Division,DivReportingCircle,Chattisgarh Circle
492099,Tatibandh SO,CG-Raipur,CG,Raipur,Chhattisgarh,Delivery,Raipur Division,DivReportingCircle,Chattisgarh Circle
492001,Vivekanand Ashram SO,CG-Raipur,CG,Raipur,Chhattisgarh,Non Delivery,Raipur Division,DivReportingCircle,Chattisgarh Circle
492008,WRSColony SO,CG-Raipur,CG,Raipur,Chhattisgarh,Delivery,Raipur Division,DivReportingCircle,Chattisgarh Circle
110032,Loni Road SO,DL-Shahdara,DL,Shahdara,Delhi,Non Delivery,Delhi East Division,DivReportingCircle,Delhi Circle
110092,Anand Vihar SO,DL-East,DL,East,Delhi,Non Delivery,Delhi East Division,DivReportingCircle,Delhi Circle
110091,Himmatpuri SO,DL-East,DL,East,Delhi,Non Delivery,Delhi East Division,DivReportingCircle,Delhi Circle
110092,Mandawali Fazalpur SO,DL-East,DL,East,Delhi,Non Delivery,Delhi East Division,DivReportingCircle,Delhi Circle
110031,Rajgarh Colony SO,DL-East,DL,East,Delhi,Non Delivery,Delhi East Division,DivReportingCircle,Delhi Circle
110091,Trilok Puri SO,DL-East,DL,East,Delhi,Non Delivery,Delhi East Division,DivReportingCircle,Delhi Circle
110095,Vishwakarma Nagar SO,DL-Shahdara,DL,Shahdara,Delhi,Non Delivery,Delhi East Division,DivReportingCircle,Delhi Circle
110032,Vishwas Nagar SO,DL-Shahdara,DL,Shahdara,Delhi,Non Delivery,Delhi East Division,DivReportingCircle,Delhi Circle
110054,Aruna Nagar SO,DL-Central,DL,Central,Delhi,Non Delivery,Delhi North Division,DivReportingCircle,Delhi Circle
110006,Delhi Sadar Bazar SO,DL-North,DL,North,Delhi,Non Delivery,Delhi North Division,DivReportingCircle,Delhi Circle
110007,Padam Nagar SO North Delhi,DL-North,DL,North,Delhi,Non Delivery,Delhi North Division,DivReportingCircle,Delhi Circle
110054,Timarpur SO,DL-Central,DL,Central,Delhi,Non Delivery,Delhi North Division,DivReportingCircle,Delhi Circle
110106,DELHI GPO NDC,DL-North,DL,North,Delhi,Delivery,Delhi GPO Division,DivReportingCircle,Delhi Circle
110034,Anandvas Shakurpur SO,DL-North West,DL,North West,Delhi,Non Delivery,Delhi North Division,DivReportingCircle,Delhi Circle
110042,Badli SO North West Delhi,DL-North West,DL,North West,Delhi,Non Delivery,Delhi North Division,DivReportingCircle,Delhi Circle
110042,Delhi Engg College SO,DL-North West,DL,North West,Delhi,Non Delivery,Delhi North Division,DivReportingCircle,Delhi Circle
110009,DrMukerjee Nagar SO,DL-North,DL,North,Delhi,Non Delivery,Delhi North Division,DivReportingCircle,Delhi Circle
110009,Gujranwala Colony SO,DL-North West,DL,North West,Delhi,Non Delivery,Delhi North Division,DivReportingCircle,Delhi Circle
110083,Mangolpuri N Block SO,DL-North West,DL,North West,Delhi,Delivery,Delhi North Division,DivReportingCircle,Delhi Circle
110083,Mangolpuri S Block SO,DL-North West,DL,North West,Delhi,Non Delivery,Delhi North Division,DivReportingCircle,Delhi Circle
110009,Nirankari Colony SO,DL-North,DL,North,Delhi,Non Delivery,Delhi North Division,DivReportingCircle,Delhi Circle
110089,Rohini Sector 15 SO,DL-North West,DL,North West,Delhi,Delivery,Delhi North Division,DivReportingCircle,Delhi Circle
110056,Shakur Basti Depot SO,DL-North West,DL,North West,Delhi,Delivery,Delhi North Division,DivReportingCircle,Delhi Circle
110034,Shakurbasti Rs SO,DL-North West,DL,North West,Delhi,Non Delivery,Delhi North Division,DivReportingCircle,Delhi Circle
110040,Sannoth SO,DL-North,DL,North,Delhi,Non Delivery,Delhi North Division,DivReportingCircle,Delhi Circle
110040,NARELA TOWN,DL-North,DL,North,Delhi,Non Delivery,Delhi North Division,DivReportingCircle,Delhi Circle
110006,Baratooti SO,DL-North,DL,North,Delhi,Non Delivery,Delhi North Division,DivReportingCircle,Delhi Circle
110006,Chandni Chowk SO,DL-North,DL,North,Delhi,Non Delivery,Delhi North Division,DivReportingCircle,Delhi Circle
110003,Delhi High Court SO,DL-New Delhi,DL,New Delhi,Delhi,Non Delivery,New Delhi Central Division,DivReportingCircle,Delhi Circle
110002,Gandhi Smarak Nidhi SO,DL-Central,DL,Central,Delhi,Non Delivery,New Delhi Central Division,DivReportingCircle,Delhi Circle
110001,Pragati Maidan SO,DL-New Delhi,DL,New Delhi,Delhi,Non Delivery,New Delhi Central Division,DivReportingCircle,Delhi Circle
110001,NGT EXTENSION COUNTER,DL-New Delhi,DL,New Delhi,Delhi,Non Delivery,New Delhi Central Division,DivReportingCircle,Delhi Circle
110001,North Avenue SO,DL-New Delhi,DL,New Delhi,Delhi,Non Delivery,New Delhi Central Division,DivReportingCircle,Delhi Circle
110005,Master Prithvi Nath Marg SO,DL-Central,DL,Central,Delhi,Non Delivery,New Delhi Central Division,DivReportingCircle,Delhi Circle
110012,National Physical Laboratory SO,DL-West,DL,West,Delhi,Non Delivery,New Delhi Central Division,DivReportingCircle,Delhi Circle
110008,Patel Nagar SO Central Delhi,DL-West,DL,West,Delhi,Delivery,New Delhi Central Division,DivReportingCircle,Delhi Circle
110060,Rajender Nagar SO,DL-Central,DL,Central,Delhi,Delivery,New Delhi Central Division,DivReportingCircle,Delhi Circle
110001,RML EXTN COUNTER NDHO,DL-New Delhi,DL,New Delhi,Delhi,Non Delivery,New Delhi GPO Division,DivReportingCircle,Delhi Circle
110080,BSF Camp Tigri SO,DL-South,DL,South,Delhi,Non Delivery,New Delhi South Division,DivReportingCircle,Delhi Circle
110020,C R R I SO South Delhi,DL-South East,DL,South East,Delhi,Non Delivery,New Delhi South Division,DivReportingCircle,Delhi Circle
110044,Jaitpur SO South Delhi,DL-South East,DL,South East,Delhi,Non Delivery,New Delhi South Division,DivReportingCircle,Delhi Circle
110019,Nehru Place SO,DL-South East,DL,South East,Delhi,Non Delivery,New Delhi South Division,DivReportingCircle,Delhi Circle
110020,Okhla Industrial Area Phasei SO,DL-South East,DL,South East,Delhi,Non Delivery,New Delhi South Division,DivReportingCircle,Delhi Circle
110076,Sarita Vihar SO,DL-South,DL,South,Delhi,Delivery,New Delhi South Division,DivReportingCircle,Delhi Circle
110025,Zakir Nagar SO,DL-South East,DL,South East,Delhi,Non Delivery,New Delhi South Division,DivReportingCircle,Delhi Circle
110049,Gulmohar Park SO,DL-South East,DL,South East,Delhi,Non Delivery,New Delhi South Division,DivReportingCircle,Delhi Circle
110024,Krishna Market SO,DL-South East,DL,South East,Delhi,Non Delivery,New Delhi South Division,DivReportingCircle,Delhi Circle
110065,Sant Nagar SO South Delhi,DL-South East,DL,South East,Delhi,Non Delivery,New Delhi South Division,DivReportingCircle,Delhi Circle
110017,South Malviya Nagar SO,DL-South,DL,South,Delhi,Non Delivery,New Delhi South Division,DivReportingCircle,Delhi Circle
110065,Sriniwaspuri SO,DL-South,DL,South,Delhi,Delivery,New Delhi South Division,DivReportingCircle,Delhi Circle
110029,Ansari Nagar SO,DL-South,DL,South,Delhi,Non Delivery,New Delhi South West Division,DivReportingCircle,Delhi Circle
110010,Dhaula Kuan SO,DL-New Delhi,DL,New Delhi,Delhi,Non Delivery,New Delhi South West Division,DivReportingCircle,Delhi Circle
110016,Hauz Khas SO,DL-South,DL,South,Delhi,Delivery,New Delhi South West Division,DivReportingCircle,Delhi Circle
110016,IT Hauz Khas SO,DL-South,DL,South,Delhi,Non Delivery,New Delhi South West Division,DivReportingCircle,Delhi Circle
110023,Kidwai Nagar West SO,DL-New Delhi,DL,New Delhi,Delhi,Non Delivery,New Delhi South West Division,DivReportingCircle,Delhi Circle
110021,Malcha Marg SO,DL-New Delhi,DL,New Delhi,Delhi,Non Delivery,New Delhi South West Division,DivReportingCircle,Delhi Circle
110030,Paryavaran Complex SO,DL-South,DL,South,Delhi,Non Delivery,New Delhi South West Division,DivReportingCircle,Delhi Circle
110066,R K Puram Main SO,DL-New Delhi,DL,New Delhi,Delhi,Delivery,New Delhi South West Division,DivReportingCircle,Delhi Circle
110022,R K Puram Sect4 SO,DL-New Delhi,DL,New Delhi,Delhi,Non Delivery,New Delhi South West Division,DivReportingCircle,Delhi Circle
110022,R K Puram Sect8 SO,DL-New Delhi,DL,New Delhi,Delhi,Non Delivery,New Delhi South West Division,DivReportingCircle,Delhi Circle
110021,South Delhi Campus SO,DL-New Delhi,DL,New Delhi,Delhi,Non Delivery,New Delhi South West Division,DivReportingCircle,Delhi Circle
110010,Station Road SO South West Delhi,DL-New Delhi,DL,New Delhi,Delhi,Non Delivery,New Delhi South West Division,DivReportingCircle,Delhi Circle
110072,CRPF Jharoda Kalan S.O,DL-South West,DL,South West,Delhi,Delivery,New Delhi West Division,DivReportingCircle,Delhi Circle
110075,District Court Complex Dwarka S.O,DL-South West,DL,South West,Delhi,Non Delivery,New Delhi West Division,DivReportingCircle,Delhi Circle
110075,Dwarka Sec-6 S.O,DL-South West,DL,South West,Delhi,Delivery,New Delhi West Division,DivReportingCircle,Delhi Circle
110064,Maya Puri S.O,DL-West,DL,West,Delhi,Delivery,New Delhi West Division,DivReportingCircle,Delhi Circle
110046,Nangal Raya S.O,DL-New Delhi,DL,New Delhi,Delhi,Delivery,New Delhi West Division,DivReportingCircle,Delhi Circle
110078,GGSIP University S.O,DL-South West,DL,South West,Delhi,Non Delivery,New Delhi West Division,DivReportingCircle,Delhi Circle
110073,Dhansa S.O,DL-South West,DL,South West,Delhi,Non Delivery,New Delhi West Division,DivReportingCircle,Delhi Circle
110071,Qutub Vihar SO,DL-South West,DL,South West,Delhi,Non Delivery,New Delhi West Division,DivReportingCircle,Delhi Circle
110043,Arjun Park PO,DL-West,DL,West,Delhi,Non Delivery,New Delhi West Division,DivReportingCircle,Delhi Circle
110026,Ashoka Park Extn. S.O,DL-West,DL,West,Delhi,Non Delivery,New Delhi West Division,DivReportingCircle,Delhi Circle
110064,Hari Nagar S.O (West Delhi),DL-West,DL,West,Delhi,Non Delivery,New Delhi West Division,DivReportingCircle,Delhi Circle
110058,Jail Road S.O (West Delhi),DL-West,DL,West,Delhi,Non Delivery,New Delhi West Division,DivReportingCircle,Delhi Circle
110058,Janakpuri C 4 S.O,DL-West,DL,West,Delhi,Non Delivery,New Delhi West Division,DivReportingCircle,Delhi Circle
110063,Madipur Slum Quarter S.O,DL-West,DL,West,Delhi,Non Delivery,New Delhi West Division,DivReportingCircle,Delhi Circle
110041,Nangloi S.O,DL-West,DL,West,Delhi,Delivery,New Delhi West Division,DivReportingCircle,Delhi Circle
110026,Shivaji Park S.O (West Delhi),DL-West,DL,West,Delhi,Non Delivery,New Delhi West Division,DivReportingCircle,Delhi Circle
110087,Sunder Vihar S.O,DL-West,DL,West,Delhi,Delivery,New Delhi West Division,DivReportingCircle,Delhi Circle
110027,Tagore Garden S.O,DL-West,DL,West,Delhi,Delivery,New Delhi West Division,DivReportingCircle,Delhi Circle
110059,Sanjay Enclave PO,DL-West,DL,West,Delhi,Non Delivery,New Delhi West Division,DivReportingCircle,Delhi Circle
110059,K5 Extn. Mohan Garden,DL-West,DL,West,Delhi,Non Delivery,New Delhi West Division,DivReportingCircle,Delhi Circle
110018,NDC TILAK NAGAR,DL-West,DL,West,Delhi,Delivery,New Delhi West Division,DivReportingCircle,Delhi Circle
380019,D Cabin SO,GJ-Ahmadabad,GJ,Ahmadabad,Gujarat,Non Delivery,Ahmedabad City Division,Ahmedabad HQ Region,Gujarat Circle
380015,I I M SO,GJ-Ahmadabad,GJ,Ahmadabad,Gujarat,Non Delivery,Ahmedabad City Division,Ahmedabad HQ Region,Gujarat Circle
380015,Manekbag SO,GJ-Ahmadabad,GJ,Ahmadabad,Gujarat,Delivery,Ahmedabad City Division,Ahmedabad HQ Region,Gujarat Circle
380063,Sola H B C SO,GJ-Ahmadabad,GJ,Ahmadabad,Gujarat,Delivery,Ahmedabad City Division,Ahmedabad HQ Region,Gujarat Circle
380004,Girdharnagar SO,GJ-Ahmadabad,GJ,Ahmadabad,Gujarat,Non Delivery,Ahmedabad City Division,Ahmedabad HQ Region,Gujarat Circle
382340,Kubernagar SO,GJ-Ahmadabad,GJ,Ahmadabad,Gujarat,Delivery,Ahmedabad City Division,Ahmedabad HQ Region,Gujarat Circle
380016,Meghaningar SO,GJ-Ahmadabad,GJ,Ahmadabad,Gujarat,Non Delivery,Ahmedabad City Division,Ahmedabad HQ Region,Gujarat Circle
382330,Naroda SO,GJ-Ahmadabad,GJ,Ahmadabad,Gujarat,Non Delivery,Ahmedabad City Division,Ahmedabad HQ Region,Gujarat Circle
382340,Noblenagar SO,GJ-Ahmadabad,GJ,Ahmadabad,Gujarat,Non Delivery,Ahmedabad City Division,Ahmedabad HQ Region,Gujarat Circle
380023,Rakhial Udyog Vistar SO,GJ-Ahmadabad,GJ,Ahmadabad,Gujarat,Delivery,Ahmedabad City Division,Ahmedabad HQ Region,Gujarat Circle
382345,Saijpur Bogha SO,GJ-Ahmadabad,GJ,Ahmadabad,Gujarat,Delivery,Ahmedabad City Division,Ahmedabad HQ Region,Gujarat Circle
380004,Shahpur SO Ahmedabad,GJ-Ahmadabad,GJ,Ahmadabad,Gujarat,Non Delivery,Ahmedabad City Division,Ahmedabad HQ Region,Gujarat Circle
382350,T B Nagar SO,GJ-Ahmadabad,GJ,Ahmadabad,Gujarat,Delivery,Ahmedabad City Division,Ahmedabad HQ Region,Gujarat Circle
380001,Gheekanta Road SO,GJ-Ahmadabad,GJ,Ahmadabad,Gujarat,Non Delivery,Ahmedabad City Division,Ahmedabad HQ Region,Gujarat Circle
382443,Isanpur SO,GJ-Ahmadabad,GJ,Ahmadabad,Gujarat,Delivery,Ahmedabad City Division,Ahmedabad HQ Region,Gujarat Circle
380001,Khadia SO,GJ-Ahmadabad,GJ,Ahmadabad,Gujarat,Non Delivery,Ahmedabad City Division,Ahmedabad HQ Region,Gujarat Circle
380001,Raipur SO Ahmedabad,GJ-Ahmadabad,GJ,Ahmadabad,Gujarat,Non Delivery,Ahmedabad City Division,Ahmedabad HQ Region,Gujarat Circle
382445,Vatva SO,GJ-Ahmadabad,GJ,Ahmadabad,Gujarat,Non Delivery,Ahmedabad City Division,Ahmedabad HQ Region,Gujarat Circle
385510,Chandisar SO,GJ-Banas Kantha,GJ,Banas Kantha,Gujarat,Delivery,Banaskantha Division,Ahmedabad HQ Region,Gujarat Circle
385210,Chhapi SO,GJ-Banas Kantha,GJ,Banas Kantha,Gujarat,Delivery,Banaskantha Division,Ahmedabad HQ Region,Gujarat Circle
385505,Dantiwada Colony SO,GJ-Banas Kantha,GJ,Banas Kantha,Gujarat,Delivery,Banaskantha Division,Ahmedabad HQ Region,Gujarat Circle
385330,Deodar SO,GJ-Banas Kantha,GJ,Banas Kantha,Gujarat,Delivery,Banaskantha Division,Ahmedabad HQ Region,Gujarat Circle
385566,Dhima SO,GJ-Banas Kantha,GJ,Banas Kantha,Gujarat,Delivery,Banaskantha Division,Ahmedabad HQ Region,Gujarat Circle
385515,Gadh SO,GJ-Banas Kantha,GJ,Banas Kantha,Gujarat,Delivery,Banaskantha Division,Ahmedabad HQ Region,Gujarat Circle
385520,Kanodar SO,GJ-Banas Kantha,GJ,Banas Kantha,Gujarat,Delivery,Banaskantha Division,Ahmedabad HQ Region,Gujarat Circle
385001,Palanpur Hanuman Tekri TSO,GJ-Banas Kantha,GJ,Banas Kantha,Gujarat,Non Delivery,Banaskantha Division,Ahmedabad HQ Region,Gujarat Circle
385506,Sardar Krishinagar SO,GJ-Banas Kantha,GJ,Banas Kantha,Gujarat,Delivery,Banaskantha Division,Ahmedabad HQ Region,Gujarat Circle
385555,Thara SO,GJ-Banas Kantha,GJ,Banas Kantha,Gujarat,Delivery,Banaskantha Division,Ahmedabad HQ Region,Gujarat Circle
382465,Fedra SO,GJ-Ahmadabad,GJ,Ahmadabad,Gujarat,Delivery,Gandhinagar Division,Ahmedabad HQ Region,Gujarat Circle
382255,Jalila SO,GJ-Botad,GJ,Botad,Gujarat,Delivery,Gandhinagar Division,Ahmedabad HQ Region,Gujarat Circle
382265,Kauka SO,GJ-Ahmadabad,GJ,Ahmadabad,Gujarat,Delivery,Gandhinagar Division,Ahmedabad HQ Region,Gujarat Circle
382230,Lothal Bhurkhi RS SO,GJ-Ahmadabad,GJ,Ahmadabad,Gujarat,Delivery,Gandhinagar Division,Ahmedabad HQ Region,Gujarat Circle
382245,Ranpur SO,GJ-Botad,GJ,Botad,Gujarat,Delivery,Gandhinagar Division,Ahmedabad HQ Region,Gujarat Circle
382170,Virochannagar SO,GJ-Ahmadabad,GJ,Ahmadabad,Gujarat,Delivery,Gandhinagar Division,Ahmedabad HQ Region,Gujarat Circle
382016,Gandhinagar Sector 24 SO,GJ-Gandhinagar,GJ,Gandhinagar,Gujarat,Non Delivery,Gandhinagar Division,Ahmedabad HQ Region,Gujarat Circle
382028,Gandhinagar Sector 28 SO,GJ-Gandhinagar,GJ,Gandhinagar,Gujarat,Delivery,Gandhinagar Division,Ahmedabad HQ Region,Gujarat Circle
382021,Gandhinagar Sector 29 SO,GJ-Gandhinagar,GJ,Gandhinagar,Gujarat,Non Delivery,Gandhinagar Division,Ahmedabad HQ Region,Gujarat Circle
382006,Gandhinagar Sector 6 SO,GJ-Gandhinagar,GJ,Gandhinagar,Gujarat,Delivery,Gandhinagar Division,Ahmedabad HQ Region,Gujarat Circle
382470,Digvijaynagar SO,GJ-Ahmadabad,GJ,Ahmadabad,Gujarat,Delivery,Ahmedabad City Division,Ahmedabad HQ Region,Gujarat Circle
382423,Kasturinagar SO,GJ-Gandhinagar,GJ,Gandhinagar,Gujarat,Delivery,Gandhinagar Division,Ahmedabad HQ Region,Gujarat Circle
382481,Nirnaynagar SO,GJ-Ahmadabad,GJ,Ahmadabad,Gujarat,Non Delivery,Ahmedabad City Division,Ahmedabad HQ Region,Gujarat Circle
382620,Randheja SO,GJ-Gandhinagar,GJ,Gandhinagar,Gujarat,Delivery,Gandhinagar Division,Ahmedabad HQ Region,Gujarat Circle
382630,Rupal SO,GJ-Gandhinagar,GJ,Gandhinagar,Gujarat,Delivery,Gandhinagar Division,Ahmedabad HQ Region,Gujarat Circle
382320,Sadra SO,GJ-Gandhinagar,GJ,Gandhinagar,Gujarat,Delivery,Gandhinagar Division,Ahmedabad HQ Region,Gujarat Circle
380060,Sola SO,GJ-Ahmadabad,GJ,Ahmadabad,Gujarat,Non Delivery,Ahmedabad City Division,Ahmedabad HQ Region,Gujarat Circle
382845,Mansa SO Gandhi Nagar,GJ-Gandhinagar,GJ,Gandhinagar,Gujarat,Delivery,Gandhinagar Division,Ahmedabad HQ Region,Gujarat Circle
382225,Dholka SO,GJ-Ahmadabad,GJ,Ahmadabad,Gujarat,Delivery,Gandhinagar Division,Ahmedabad HQ Region,Gujarat Circle
382722,Santej SO,GJ-Gandhinagar,GJ,Gandhinagar,Gujarat,Delivery,Gandhinagar Division,Ahmedabad HQ Region,Gujarat Circle
384135,Brahmanwada SO,GJ-Mahesana,GJ,Mahesana,Gujarat,Delivery,Mahesana Division,Ahmedabad HQ Region,Gujarat Circle
384305,Kada SO Mahesana,GJ-Mahesana,GJ,Mahesana,Gujarat,Delivery,Mahesana Division,Ahmedabad HQ Region,Gujarat Circle
384440,Kadi SO,GJ-Mahesana,GJ,Mahesana,Gujarat,Delivery,Mahesana Division,Ahmedabad HQ Region,Gujarat Circle
384550,Pilvai SO,GJ-Mahesana,GJ,Mahesana,Gujarat,Delivery,Mahesana Division,Ahmedabad HQ Region,Gujarat Circle
384560,Sardarpur SO Mahesana,GJ-Mahesana,GJ,Mahesana,Gujarat,Delivery,Mahesana Division,Ahmedabad HQ Region,Gujarat Circle
384230,Kamboi SO,GJ-Patan,GJ,Patan,Gujarat,Delivery,Patan Division,Ahmedabad HQ Region,Gujarat Circle
384229,Lanva SO,GJ-Patan,GJ,Patan,Gujarat,Delivery,Patan Division,Ahmedabad HQ Region,Gujarat Circle
384265,Patan Rajkawada SO,GJ-Patan,GJ,Patan,Gujarat,Non Delivery,Patan Division,Ahmedabad HQ Region,Gujarat Circle
385340,Radhanpur Rajgadhi SO,GJ-Patan,GJ,Patan,Gujarat,Non Delivery,Patan Division,Ahmedabad HQ Region,Gujarat Circle
385350,Santalpur SO,GJ-Patan,GJ,Patan,Gujarat,Delivery,Patan Division,Ahmedabad HQ Region,Gujarat Circle
384151,Sidhpur Jafri Baug SO,GJ-Patan,GJ,Patan,Gujarat,Non Delivery,Patan Division,Ahmedabad HQ Region,Gujarat Circle
384151,Sidhpur Market Yard SO,GJ-Patan,GJ,Patan,Gujarat,Non Delivery,Patan Division,Ahmedabad HQ Region,Gujarat Circle
384285,Wagdod SO,GJ-Patan,GJ,Patan,Gujarat,Delivery,Patan Division,Ahmedabad HQ Region,Gujarat Circle
383410,Badoli SO,GJ-Sabar Kantha,GJ,Sabar Kantha,Gujarat,Delivery,Sabarkantha Division,Ahmedabad HQ Region,Gujarat Circle
383240,Bamna SO,GJ-Sabar Kantha,GJ,Sabar Kantha,Gujarat,Delivery,Sabarkantha Division,Ahmedabad HQ Region,Gujarat Circle
383325,Bayad SO,GJ-Arvalli,GJ,Arvalli,Gujarat,Delivery,Sabarkantha Division,Ahmedabad HQ Region,Gujarat Circle
383305,Harsol SO,GJ-Sabar Kantha,GJ,Sabar Kantha,Gujarat,Delivery,Sabarkantha Division,Ahmedabad HQ Region,Gujarat Circle
383430,Idar SO,GJ-Sabar Kantha,GJ,Sabar Kantha,Gujarat,Delivery,Sabarkantha Division,Ahmedabad HQ Region,Gujarat Circle
383440,Kadiadra SO,GJ-Sabar Kantha,GJ,Sabar Kantha,Gujarat,Delivery,Sabarkantha Division,Ahmedabad HQ Region,Gujarat Circle
383316,Limbhoi SO,GJ-Arvalli,GJ,Arvalli,Gujarat,Delivery,Sabarkantha Division,Ahmedabad HQ Region,Gujarat Circle
383251,Lusadia SO,GJ-Arvalli,GJ,Arvalli,Gujarat,Delivery,Sabarkantha Division,Ahmedabad HQ Region,Gujarat Circle
383345,Malpur SO,GJ-Arvalli,GJ,Arvalli,Gujarat,Delivery,Sabarkantha Division,Ahmedabad HQ Region,Gujarat Circle
383270,Radhiwad SO,GJ-Sabar Kantha,GJ,Sabar Kantha,Gujarat,Delivery,Sabarkantha Division,Ahmedabad HQ Region,Gujarat Circle
383246,Takatuka SO,GJ-Arvalli,GJ,Arvalli,Gujarat,Delivery,Sabarkantha Division,Ahmedabad HQ Region,Gujarat Circle
383460,Vijaynagar SO,GJ-Sabar Kantha,GJ,Sabar Kantha,Gujarat,Delivery,Sabarkantha Division,Ahmedabad HQ Region,Gujarat Circle
365610,Babapur SO,GJ-Amreli,GJ,Amreli,Gujarat,Delivery,Amreli Division,Rajkot Region,Gujarat Circle
365555,Dungar SO,GJ-Amreli,GJ,Amreli,Gujarat,Delivery,Amreli Division,Rajkot Region,Gujarat Circle
364521,Jira SO,GJ-Amreli,GJ,Amreli,Gujarat,Delivery,Amreli Division,Rajkot Region,Gujarat Circle
364530,Vijpadi SO,GJ-Amreli,GJ,Amreli,Gujarat,Delivery,Amreli Division,Rajkot Region,Gujarat Circle
364295,Bhadrod SO,GJ-Bhavnagar,GJ,Bhavnagar,Gujarat,Delivery,Bhavnagar Division,Rajkot Region,Gujarat Circle
364001,Bhavnagar Nirmalnagar SO,GJ-Bhavnagar,GJ,Bhavnagar,Gujarat,Non Delivery,Bhavnagar Division,Rajkot Region,Gujarat Circle
364001,Bhavnagar Shivaji Circle Area SO,GJ-Bhavnagar,GJ,Bhavnagar,Gujarat,Non Delivery,Bhavnagar Division,Rajkot Region,Gujarat Circle
364002,Bhavnagar Takhteshwar SO,GJ-Bhavnagar,GJ,Bhavnagar,Gujarat,Delivery,Bhavnagar Division,Rajkot Region,Gujarat Circle
364001,Bhavnagar Wadva SO,GJ-Bhavnagar,GJ,Bhavnagar,Gujarat,Non Delivery,Bhavnagar Division,Rajkot Region,Gujarat Circle
364510,Jesar SO,GJ-Bhavnagar,GJ,Bhavnagar,Gujarat,Delivery,Bhavnagar Division,Rajkot Region,Gujarat Circle
364290,Mahuva SO Bhavnagar,GJ-Bhavnagar,GJ,Bhavnagar,Gujarat,Delivery,Bhavnagar Division,Rajkot Region,Gujarat Circle
364720,Paliyad SO,GJ-Botad,GJ,Botad,Gujarat,Delivery,Bhavnagar Division,Rajkot Region,Gujarat Circle
364275,Parvadi SO,GJ-Bhavnagar,GJ,Bhavnagar,Gujarat,Delivery,Bhavnagar Division,Rajkot Region,Gujarat Circle
364140,Talaja SO,GJ-Bhavnagar,GJ,Bhavnagar,Gujarat,Delivery,Bhavnagar Division,Rajkot Region,Gujarat Circle
364310,Vallabhipur SO,GJ-Bhavnagar,GJ,Bhavnagar,Gujarat,Delivery,Bhavnagar Division,Rajkot Region,Gujarat Circle
360450,Bhayavadar SO,GJ-Rajkot,GJ,Rajkot,Gujarat,Delivery,Gondal Division,Rajkot Region,Gujarat Circle
360410,Dhoraji DG ND TSO,GJ-Rajkot,GJ,Rajkot,Gujarat,Non Delivery,Gondal Division,Rajkot Region,Gujarat Circle
360311,Gondal Bhojrajpara SO,GJ-Rajkot,GJ,Rajkot,Gujarat,Non Delivery,Gondal Division,Rajkot Region,Gujarat Circle
360370,Jetpur SO,GJ-Rajkot,GJ,Rajkot,Gujarat,Delivery,Gondal Division,Rajkot Region,Gujarat Circle
360470,Kolki SO Rajkot,GJ-Rajkot,GJ,Rajkot,Gujarat,Delivery,Gondal Division,Rajkot Region,Gujarat Circle
360480,Paneli SO,GJ-Rajkot,GJ,Rajkot,Gujarat,Delivery,Gondal Division,Rajkot Region,Gujarat Circle
360440,Supedi SO,GJ-Rajkot,GJ,Rajkot,Gujarat,Delivery,Gondal Division,Rajkot Region,Gujarat Circle
360055,Vinchhiya SO,GJ-Rajkot,GJ,Rajkot,Gujarat,Delivery,Gondal Division,Rajkot Region,Gujarat Circle
361003,Aerodromme SO,GJ-Jamnagar,GJ,Jamnagar,Gujarat,Delivery,Jamnagar Division,Rajkot Region,Gujarat Circle
361110,Aliabada SO,GJ-Jamnagar,GJ,Jamnagar,Gujarat,Delivery,Jamnagar Division,Rajkot Region,Gujarat Circle
361002,Bedeshwar SO,GJ-Jamnagar,GJ,Jamnagar,Gujarat,Delivery,Jamnagar Division,Rajkot Region,Gujarat Circle
361011,Hadiana SO,GJ-Jamnagar,GJ,Jamnagar,Gujarat,Delivery,Jamnagar Division,Rajkot Region,Gujarat Circle
361001,Lal Bunglow SO,GJ-Jamnagar,GJ,Jamnagar,Gujarat,Non Delivery,Jamnagar Division,Rajkot Region,Gujarat Circle
361170,Lalpur SO Jamnagar,GJ-Jamnagar,GJ,Jamnagar,Gujarat,Delivery,Jamnagar Division,Rajkot Region,Gujarat Circle
361220,Latipur SO,GJ-Jamnagar,GJ,Jamnagar,Gujarat,Delivery,Jamnagar Division,Rajkot Region,Gujarat Circle
361162,Nikava SO,GJ-Jamnagar,GJ,Jamnagar,Gujarat,Delivery,Jamnagar Division,Rajkot Region,Gujarat Circle
361310,Salaya SO,GJ-Devbhumi Dwarka,GJ,Devbhumi Dwarka,Gujarat,Delivery,Jamnagar Division,Rajkot Region,Gujarat Circle
361347,Surajkaradi SO,GJ-Devbhumi Dwarka,GJ,Devbhumi Dwarka,Gujarat,Delivery,Jamnagar Division,Rajkot Region,Gujarat Circle
361004,Udyognagar SO,GJ-Jamnagar,GJ,Jamnagar,Gujarat,Delivery,Jamnagar Division,Rajkot Region,Gujarat Circle
362110,Bilkha SO,GJ-Junagadh,GJ,Junagadh,Gujarat,Delivery,Junagadh Division,Rajkot Region,Gujarat Circle
362565,Dhokadva SO,GJ-Gir Somnath,GJ,Gir Somnath,Gujarat,Delivery,Junagadh Division,Rajkot Region,Gujarat Circle
362520,Diu SO,DH-Diu,DH,Diu,Dadra and Nagar Haveli and Daman and Diu,Delivery,Junagadh Division,Rajkot Region,Gujarat Circle
362540,Ghoghla SO,DH-Diu,DH,Diu,Dadra and Nagar Haveli and Daman and Diu,Delivery,Junagadh Division,Rajkot Region,Gujarat Circle
362530,Girgadhda SO,GJ-Gir Somnath,GJ,Gir Somnath,Gujarat,Delivery,Junagadh Division,Rajkot Region,Gujarat Circle
362245,Malia Hatina SO,GJ-Junagadh,GJ,Junagadh,Gujarat,Delivery,Junagadh Division,Rajkot Region,Gujarat Circle
362260,Mendarda SO,GJ-Junagadh,GJ,Junagadh,Gujarat,Delivery,Junagadh Division,Rajkot Region,Gujarat Circle
362135,Sasan Gir SO,GJ-Junagadh,GJ,Junagadh,Gujarat,Delivery,Junagadh Division,Rajkot Region,Gujarat Circle
362310,Vadal SO,GJ-Junagadh,GJ,Junagadh,Gujarat,Delivery,Junagadh Division,Rajkot Region,Gujarat Circle
362610,VanthaliS SO,GJ-Junagadh,GJ,Junagadh,Gujarat,Delivery,Junagadh Division,Rajkot Region,Gujarat Circle
362130,Visavadar SO,GJ-Junagadh,GJ,Junagadh,Gujarat,Delivery,Junagadh Division,Rajkot Region,Gujarat Circle
362520,Diu Bazar ND TSO,DH-Diu,DH,Diu,Dadra and Nagar Haveli and Daman and Diu,Non Delivery,Junagadh Division,Rajkot Region,Gujarat Circle
362265,Veraval Postal Colony ND TSO,GJ-Gir Somnath,GJ,Gir Somnath,Gujarat,Non Delivery,Junagadh Division,Rajkot Region,Gujarat Circle
370155,Adesar SO,GJ-Kachchh,GJ,Kachchh,Gujarat,Delivery,Kutch Division,Rajkot Region,Gujarat Circle
370140,Bhachau SO,GJ-Kachchh,GJ,Kachchh,Gujarat,Delivery,Kutch Division,Rajkot Region,Gujarat Circle
370160,Bhimasar SO,GJ-Kachchh,GJ,Kachchh,Gujarat,Delivery,Kutch Division,Rajkot Region,Gujarat Circle
370001,Bhuj Din Dayal Nagar SO,GJ-Kachchh,GJ,Kachchh,Gujarat,Non Delivery,Kutch Division,Rajkot Region,Gujarat Circle
370485,Dahisara SO Kachchh,GJ-Kachchh,GJ,Kachchh,Gujarat,Delivery,Kutch Division,Rajkot Region,Gujarat Circle
370445,Gadhasisa SO,GJ-Kachchh,GJ,Kachchh,Gujarat,Delivery,Kutch Division,Rajkot Region,Gujarat Circle
370627,Gaduli SO,GJ-Kachchh,GJ,Kachchh,Gujarat,Delivery,Kutch Division,Rajkot Region,Gujarat Circle
370410,Gundala SO,GJ-Kachchh,GJ,Kachchh,Gujarat,Delivery,Kutch Division,Rajkot Region,Gujarat Circle
370641,Jakhau SO,GJ-Kachchh,GJ,Kachchh,Gujarat,Delivery,Kutch Division,Rajkot Region,Gujarat Circle
370415,Kapaya SO,GJ-Kachchh,GJ,Kachchh,Gujarat,Delivery,Kutch Division,Rajkot Region,Gujarat Circle
370130,Khedoi SO,GJ-Kachchh,GJ,Kachchh,Gujarat,Delivery,Kutch Division,Rajkot Region,Gujarat Circle
370605,KotdaN SO,GJ-Kachchh,GJ,Kachchh,Gujarat,Delivery,Kutch Division,Rajkot Region,Gujarat Circle
370105,Kukma SO,GJ-Kachchh,GJ,Kachchh,Gujarat,Delivery,Kutch Division,Rajkot Region,Gujarat Circle
370475,Laija SO,GJ-Kachchh,GJ,Kachchh,Gujarat,Delivery,Kutch Division,Rajkot Region,Gujarat Circle
370020,Madhapar SO,GJ-Kachchh,GJ,Kachchh,Gujarat,Delivery,Kutch Division,Rajkot Region,Gujarat Circle
370620,Netra SO,GJ-Kachchh,GJ,Kachchh,Gujarat,Delivery,Kutch Division,Rajkot Region,Gujarat Circle
370040,Sukhpar SO,GJ-Kachchh,GJ,Kachchh,Gujarat,Delivery,Kutch Division,Rajkot Region,Gujarat Circle
370203,Udaynagar SO,GJ-Kachchh,GJ,Kachchh,Gujarat,Non Delivery,Kutch Division,Rajkot Region,Gujarat Circle
360545,Adityana SO,GJ-Porbandar,GJ,Porbandar,Gujarat,Delivery,Porbandar Division,Rajkot Region,Gujarat Circle
360578,Chhaya SO,GJ-Porbandar,GJ,Porbandar,Gujarat,Delivery,Porbandar Division,Rajkot Region,Gujarat Circle
362650,Kutiyana S.O,GJ-Porbandar,GJ,Porbandar,Gujarat,Delivery,Porbandar Division,Rajkot Region,Gujarat Circle
362630,Manavadar SO,GJ-Junagadh,GJ,Junagadh,Gujarat,Delivery,Porbandar Division,Rajkot Region,Gujarat Circle
360550,Ranavav SO,GJ-Porbandar,GJ,Porbandar,Gujarat,Delivery,Porbandar Division,Rajkot Region,Gujarat Circle
360110,Paddhari SO,GJ-Rajkot,GJ,Rajkot,Gujarat,Delivery,Rajkot Division,Rajkot Region,Gujarat Circle
360002,Rajkot Sorathiawadi SO,GJ-Rajkot,GJ,Rajkot,Gujarat,Non Delivery,Rajkot Division,Rajkot Region,Gujarat Circle
360002,Rajkot Vivekanandnagar SO,GJ-Rajkot,GJ,Rajkot,Gujarat,Non Delivery,Rajkot Division,Rajkot Region,Gujarat Circle
363621,Wankaner SO,GJ-Morbi,GJ,Morbi,Gujarat,Delivery,Rajkot Division,Rajkot Region,Gujarat Circle
360004,Mavdi NDTSO,GJ-Rajkot,GJ,Rajkot,Gujarat,Non Delivery,Rajkot Division,Rajkot Region,Gujarat Circle
360028,Rajkot Bedi DSO,GJ-Rajkot,GJ,Rajkot,Gujarat,Delivery,Rajkot Division,Rajkot Region,Gujarat Circle
360005,Raiya NDT SO,GJ-Rajkot,GJ,Rajkot,Gujarat,Non Delivery,Rajkot Division,Rajkot Region,Gujarat Circle
363745,Bajana SO,GJ-Surendranagar,GJ,Surendranagar,Gujarat,Delivery,Surendranagar Division,Rajkot Region,Gujarat Circle
363351,Mayurnagar SO,GJ-Morbi,GJ,Morbi,Gujarat,Delivery,Surendranagar Division,Rajkot Region,Gujarat Circle
363435,Kholadiyad SO,GJ-Surendranagar,GJ,Surendranagar,Gujarat,Delivery,Surendranagar Division,Rajkot Region,Gujarat Circle
388310,Ajarpura SO,GJ-Anand,GJ,Anand,Gujarat,Delivery,Anand Division,Vadodara Region,Gujarat Circle
388230,Kalsar SO,GJ-Kheda,GJ,Kheda,Gujarat,Delivery,Anand Division,Vadodara Region,Gujarat Circle
388340,Mogar SO,GJ-Anand,GJ,Anand,Gujarat,Delivery,Anand Division,Vadodara Region,Gujarat Circle
388210,Ode SO,GJ-Anand,GJ,Anand,Gujarat,Delivery,Anand Division,Vadodara Region,Gujarat Circle
388265,Pandva SO,GJ-Mahisagar,GJ,Mahisagar,Gujarat,Delivery,Anand Division,Vadodara Region,Gujarat Circle
388245,Sevalia  Rs SO,GJ-Kheda,GJ,Kheda,Gujarat,Delivery,Anand Division,Vadodara Region,Gujarat Circle
388215,Thamna SO Anand,GJ-Anand,GJ,Anand,Gujarat,Delivery,Anand Division,Vadodara Region,Gujarat Circle
388306,Vasad SO,GJ-Anand,GJ,Anand,Gujarat,Delivery,Anand Division,Vadodara Region,Gujarat Circle
396510,Anaval SO,GJ-Surat,GJ,Surat,Gujarat,Delivery,Bardoli Division,Vadodara Region,Gujarat Circle
394317,Baleshwar SO,GJ-Surat,GJ,Surat,Gujarat,Delivery,Bardoli Division,Vadodara Region,Gujarat Circle
394635,Dolvan SO,GJ-Tapi,GJ,Tapi,Gujarat,Delivery,Bardoli Division,Vadodara Region,Gujarat Circle
394155,Ghala SO,GJ-Surat,GJ,Surat,Gujarat,Delivery,Bardoli Division,Vadodara Region,Gujarat Circle
394327,Kadodara SO,GJ-Surat,GJ,Surat,Gujarat,Delivery,Bardoli Division,Vadodara Region,Gujarat Circle
394655,Kapura SO,GJ-Tapi,GJ,Tapi,Gujarat,Delivery,Bardoli Division,Vadodara Region,Gujarat Circle
394150,Kathor SO,GJ-Surat,GJ,Surat,Gujarat,Delivery,Bardoli Division,Vadodara Region,Gujarat Circle
394190,Kholvad SO,GJ-Surat,GJ,Surat,Gujarat,Delivery,Bardoli Division,Vadodara Region,Gujarat Circle
394160,Mandvi SR SO,GJ-Surat,GJ,Surat,Gujarat,Delivery,Bardoli Division,Vadodara Region,Gujarat Circle
394601,Sardarbaug Bardoli SO,GJ-Surat,GJ,Surat,Gujarat,Non Delivery,Bardoli Division,Vadodara Region,Gujarat Circle
394640,Valod SO,GJ-Tapi,GJ,Tapi,Gujarat,Delivery,Bardoli Division,Vadodara Region,Gujarat Circle
394355,Varad SO,GJ-Surat,GJ,Surat,Gujarat,Delivery,Bardoli Division,Vadodara Region,Gujarat Circle
394650,Vyara SO,GJ-Tapi,GJ,Tapi,Gujarat,Delivery,Bardoli Division,Vadodara Region,Gujarat Circle
394652,Panwadi SO,GJ-Tapi,GJ,Tapi,Gujarat,Delivery,Bardoli Division,Vadodara Region,Gujarat Circle
392110,Amod SO,GJ-Bharuch,GJ,Bharuch,Gujarat,Delivery,Bharuch Division,Vadodara Region,Gujarat Circle
393002,Ankleshwar IE SO,GJ-Bharuch,GJ,Bharuch,Gujarat,Delivery,Bharuch Division,Vadodara Region,Gujarat Circle
393017,Avidha SO,GJ-Bharuch,GJ,Bharuch,Gujarat,Delivery,Bharuch Division,Vadodara Region,Gujarat Circle
392001,Bharuch RS SO,GJ-Bharuch,GJ,Bharuch,Gujarat,Non Delivery,Bharuch Division,Vadodara Region,Gujarat Circle
393125,Dehali SO,GJ-Bharuch,GJ,Bharuch,Gujarat,Delivery,Bharuch Division,Vadodara Region,Gujarat Circle
393110,Jhagadia SO,GJ-Bharuch,GJ,Bharuch,Gujarat,Delivery,Bharuch Division,Vadodara Region,Gujarat Circle
392155,Kora SO Bharuch,GJ-Bharuch,GJ,Bharuch,Gujarat,Delivery,Bharuch Division,Vadodara Region,Gujarat Circle
393150,Lachharas SO,GJ-Narmada,GJ,Narmada,Gujarat,Delivery,Bharuch Division,Vadodara Region,Gujarat Circle
393020,Sajod SO,GJ-Bharuch,GJ,Bharuch,Gujarat,Delivery,Bharuch Division,Vadodara Region,Gujarat Circle
392180,Sarod SO,GJ-Bharuch,GJ,Bharuch,Gujarat,Delivery,Bharuch Division,Vadodara Region,Gujarat Circle
392240,Tankaria SO,GJ-Bharuch,GJ,Bharuch,Gujarat,Delivery,Bharuch Division,Vadodara Region,Gujarat Circle
393120,Umalla SO,GJ-Bharuch,GJ,Bharuch,Gujarat,Delivery,Bharuch Division,Vadodara Region,Gujarat Circle
393135,Valia SO,GJ-Bharuch,GJ,Bharuch,Gujarat,Delivery,Bharuch Division,Vadodara Region,Gujarat Circle
392011,Zadeshwar SO,GJ-Bharuch,GJ,Bharuch,Gujarat,Delivery,Bharuch Division,Vadodara Region,Gujarat Circle
387510,Alindra Matar SO,GJ-Kheda,GJ,Kheda,Gujarat,Delivery,Kheda Division,Vadodara Region,Gujarat Circle
387110,Ghodasar SO Kheda,GJ-Kheda,GJ,Kheda,Gujarat,Delivery,Kheda Division,Vadodara Region,Gujarat Circle
387640,Lasundra SO,GJ-Kheda,GJ,Kheda,Gujarat,Delivery,Kheda Division,Vadodara Region,Gujarat Circle
387650,Nirmali SO Kheda,GJ-Kheda,GJ,Kheda,Gujarat,Delivery,Kheda Division,Vadodara Region,Gujarat Circle
388421,Changa SO,GJ-Anand,GJ,Anand,Gujarat,Delivery,Kheda Division,Vadodara Region,Gujarat Circle
387001,Dumral Bazar SO,GJ-Kheda,GJ,Kheda,Gujarat,Non Delivery,Kheda Division,Vadodara Region,Gujarat Circle
388625,Gudel SO,GJ-Anand,GJ,Anand,Gujarat,Delivery,Kheda Division,Vadodara Region,Gujarat Circle
388590,Jharola SO,GJ-Anand,GJ,Anand,Gujarat,Delivery,Kheda Division,Vadodara Region,Gujarat Circle
387220,Malataj SO,GJ-Anand,GJ,Anand,Gujarat,Delivery,Kheda Division,Vadodara Region,Gujarat Circle
388150,Nar SO,GJ-Anand,GJ,Anand,Gujarat,Delivery,Kheda Division,Vadodara Region,Gujarat Circle
387360,Salun SO,GJ-Kheda,GJ,Kheda,Gujarat,Delivery,Kheda Division,Vadodara Region,Gujarat Circle
387240,Sojitra SO,GJ-Anand,GJ,Anand,Gujarat,Delivery,Kheda Division,Vadodara Region,Gujarat Circle
388180,Tarapur SO Anand,GJ-Anand,GJ,Anand,Gujarat,Delivery,Kheda Division,Vadodara Region,Gujarat Circle
396110,Bigri SO,GJ-Navsari,GJ,Navsari,Gujarat,Delivery,Navsari Division,Vadodara Region,Gujarat Circle
396521,Chikhli SO Navsari,GJ-Navsari,GJ,Navsari,Gujarat,Delivery,Navsari Division,Vadodara Region,Gujarat Circle
396570,Digendranagar SO,GJ-Navsari,GJ,Navsari,Gujarat,Delivery,Navsari Division,Vadodara Region,Gujarat Circle
396580,Vansda SO,GJ-Navsari,GJ,Navsari,Gujarat,Delivery,Navsari Division,Vadodara Region,Gujarat Circle
396310,Amalsad SO,GJ-Navsari,GJ,Navsari,Gujarat,Delivery,Navsari Division,Vadodara Region,Gujarat Circle
396530,Degam SO,GJ-Navsari,GJ,Navsari,Gujarat,Delivery,Navsari Division,Vadodara Region,Gujarat Circle
396350,Gadat SO Navsari,GJ-Navsari,GJ,Navsari,Gujarat,Delivery,Navsari Division,Vadodara Region,Gujarat Circle
396430,Kharel SO,GJ-Navsari,GJ,Navsari,Gujarat,Delivery,Navsari Division,Vadodara Region,Gujarat Circle
396439,Matvad SO,GJ-Navsari,GJ,Navsari,Gujarat,Delivery,Navsari Division,Vadodara Region,Gujarat Circle
396463,Sisodra SO,GJ-Navsari,GJ,Navsari,Gujarat,Delivery,Navsari Division,Vadodara Region,Gujarat Circle
389154,Katwara SO,GJ-Dohad,GJ,Dohad,Gujarat,Delivery,Panchmahals Division,Vadodara Region,Gujarat Circle
389180,Limdi SO,GJ-Dohad,GJ,Dohad,Gujarat,Delivery,Panchmahals Division,Vadodara Region,Gujarat Circle
389175,Sanjeli SO,GJ-Dohad,GJ,Dohad,Gujarat,Delivery,Panchmahals Division,Vadodara Region,Gujarat Circle
389190,Sukhsar SO,GJ-Dohad,GJ,Dohad,Gujarat,Delivery,Panchmahals Division,Vadodara Region,Gujarat Circle
389235,Malekpur SO,GJ-Mahisagar,GJ,Mahisagar,Gujarat,Delivery,Panchmahals Division,Vadodara Region,Gujarat Circle
388710,Timba Road SO,GJ-Panch Mahals,GJ,Panch Mahals,Gujarat,Delivery,Panchmahals Division,Vadodara Region,Gujarat Circle
389340,Vejalpur SO,GJ-Panch Mahals,GJ,Panch Mahals,Gujarat,Delivery,Panchmahals Division,Vadodara Region,Gujarat Circle
395001,Athwalines SO,GJ-Surat,GJ,Surat,Gujarat,Non Delivery,Surat Division,Vadodara Region,Gujarat Circle
394515,Kribhconagar SO,GJ-Surat,GJ,Surat,Gujarat,Delivery,Surat Division,Vadodara Region,Gujarat Circle
394517,Mora SO Surat,GJ-Surat,GJ,Surat,Gujarat,Delivery,Surat Division,Vadodara Region,Gujarat Circle
395005,Rander SO,GJ-Surat,GJ,Surat,Gujarat,Delivery,Surat Division,Vadodara Region,Gujarat Circle
395007,SVR College SO,GJ-Surat,GJ,Surat,Gujarat,Delivery,Surat Division,Vadodara Region,Gujarat Circle
395007,VESU SO,GJ-Surat,GJ,Surat,Gujarat,Non Delivery,Surat Division,Vadodara Region,Gujarat Circle
394125,Hathuran SO,GJ-Surat,GJ,Surat,Gujarat,Delivery,Surat Division,Vadodara Region,Gujarat Circle
395004,Katargam SO,GJ-Surat,GJ,Surat,Gujarat,Delivery,Surat Division,Vadodara Region,Gujarat Circle
394101,Mota Varachha SO,GJ-Surat,GJ,Surat,Gujarat,Delivery,Surat Division,Vadodara Region,Gujarat Circle
395003,Surat City SO,GJ-Surat,GJ,Surat,Gujarat,Non Delivery,Surat Division,Vadodara Region,Gujarat Circle
395003,Surat RS SO,GJ-Surat,GJ,Surat,Gujarat,Non Delivery,Surat Division,Vadodara Region,Gujarat Circle
391130,Bhatpur SO,GJ-Chhotaudepur,GJ,Chhotaudepur,Gujarat,Delivery,Vadodara East Division,Vadodara Region,Gujarat Circle
391110,Dabhoi RS SO,GJ-Vadodara,GJ,Vadodara,Gujarat,Delivery,Vadodara East Division,Vadodara Region,Gujarat Circle
391120,Tilakwada SO,GJ-Narmada,GJ,Narmada,Gujarat,Delivery,Vadodara East Division,Vadodara Region,Gujarat Circle
390001,Khanderao Market SO,GJ-Vadodara,GJ,Vadodara,Gujarat,Non Delivery,Vadodara East Division,Vadodara Region,Gujarat Circle
390025,Soma Talav SO,GJ-Vadodara,GJ,Vadodara,Gujarat,Delivery,Vadodara East Division,Vadodara Region,Gujarat Circle
390025,Waghodia Road SO,GJ-Vadodara,GJ,Vadodara,Gujarat,Non Delivery,Vadodara East Division,Vadodara Region,Gujarat Circle
390007,Alkapuri SO,GJ-Vadodara,GJ,Vadodara,Gujarat,Non Delivery,Vadodara West Division,Vadodara Region,Gujarat Circle
390024,Chhani Rd SO,GJ-Vadodara,GJ,Vadodara,Gujarat,Delivery,Vadodara West Division,Vadodara Region,Gujarat Circle
391770,Savli SO,GJ-Vadodara,GJ,Vadodara,Gujarat,Delivery,Vadodara West Division,Vadodara Region,Gujarat Circle
390020,Sayajiganj SO,GJ-Vadodara,GJ,Vadodara,Gujarat,Non Delivery,Vadodara West Division,Vadodara Region,Gujarat Circle
391776,Manjusar GIDC,GJ-Vadodara,GJ,Vadodara,Gujarat,Delivery,Vadodara West Division,Vadodara Region,Gujarat Circle
396120,Khatalwada SO,GJ-Valsad,GJ,Valsad,Gujarat,Delivery,Valsad Division,Vadodara Region,Gujarat Circle
396065,Nanivahiyal SO,GJ-Valsad,GJ,Valsad,Gujarat,Delivery,Valsad Division,Vadodara Region,Gujarat Circle
396145,Pardi Paria SO,GJ-Valsad,GJ,Valsad,Gujarat,Delivery,Valsad Division,Vadodara Region,Gujarat Circle
396230,Silvassa SO,DH-Dadra and Nagar Haveli,DH,Dadra and Nagar Haveli,Dadra and Nagar Haveli and Daman and Diu,Delivery,Valsad Division,Vadodara Region,Gujarat Circle
396165,Solsumba SO,GJ-Valsad,GJ,Valsad,Gujarat,Delivery,Valsad Division,Vadodara Region,Gujarat Circle
396385,Untdi SO,GJ-Valsad,GJ,Valsad,Gujarat,Delivery,Valsad Division,Vadodara Region,Gujarat Circle
396067,Kaprada SO,GJ-Valsad,GJ,Valsad,Gujarat,Delivery,Valsad Division,Vadodara Region,Gujarat Circle
133301,B.C.W. Suraj Pur S.O,HR-Panchkula,HR,Panchkula,Haryana,Delivery,Ambala Division,DivReportingCircle,Haryana Circle
134007,Baldev Nagar S.O,HR-Ambala,HR,Ambala,Haryana,Delivery,Ambala Division,DivReportingCircle,Haryana Circle
134007,Geeta Nagri S.O,HR-Ambala,HR,Ambala,Haryana,Non Delivery,Ambala Division,DivReportingCircle,Haryana Circle
134101,H.M.T.Pinjore S.O,HR-Panchkula,HR,Panchkula,Haryana,Delivery,Ambala Division,DivReportingCircle,Haryana Circle
134103,I.T.B.P.  Bhanu S.O,HR-Panchkula,HR,Panchkula,Haryana,Delivery,Ambala Division,DivReportingCircle,Haryana Circle
134201,Jatwar S.O,HR-Ambala,HR,Ambala,Haryana,Delivery,Ambala Division,DivReportingCircle,Haryana Circle
134205,Morni S.O,HR-Panchkula,HR,Panchkula,Haryana,Delivery,Ambala Division,DivReportingCircle,Haryana Circle
134109,Panchkula Sector 8 S.O,HR-Panchkula,HR,Panchkula,Haryana,Delivery,Ambala Division,DivReportingCircle,Haryana Circle
134003,Preet Nagar S.O (Ambala),HR-Ambala,HR,Ambala,Haryana,Non Delivery,Ambala Division,DivReportingCircle,Haryana Circle
134113,Sector 15 Panchkula S.O,HR-Panchkula,HR,Panchkula,Haryana,Delivery,Ambala Division,DivReportingCircle,Haryana Circle
134117,Sector 20 Panchkula S.O,HR-Panchkula,HR,Panchkula,Haryana,Delivery,Ambala Division,DivReportingCircle,Haryana Circle
133005,Babyal S.O,HR-Ambala,HR,Ambala,Haryana,Delivery,Ambala Division,DivReportingCircle,Haryana Circle
133102,Kesri S.O,HR-Ambala,HR,Ambala,Haryana,Delivery,Ambala Division,DivReportingCircle,Haryana Circle
133001,Palam Vihar S.O (Ambala),HR-Ambala,HR,Ambala,Haryana,Non Delivery,Ambala Division,DivReportingCircle,Haryana Circle
135102,Bilaspur (Yamunanagar) S.O,HR-Yamunanagar,HR,Yamunanagar,Haryana,Delivery,Ambala Division,DivReportingCircle,Haryana Circle
135003,Parkash Chowk S.O,HR-Yamunanagar,HR,Yamunanagar,Haryana,Non Delivery,Ambala Division,DivReportingCircle,Haryana Circle
135001,Sugar Mill S.O,HR-Yamunanagar,HR,Yamunanagar,Haryana,Non Delivery,Ambala Division,DivReportingCircle,Haryana Circle
135001,Ram Pura Olony S.O,HR-Yamunanagar,HR,Yamunanagar,Haryana,Non Delivery,Ambala Division,DivReportingCircle,Haryana Circle
127022,Chiriya SO,HR-Charki Dadri,HR,Charki Dadri,Haryana,Delivery,Bhiwani Division,DivReportingCircle,Haryana Circle
127114,Kharak Kalan SO,HR-Bhiwani,HR,Bhiwani,Haryana,Delivery,Bhiwani Division,DivReportingCircle,Haryana Circle
127043,Rodhan SO,HR-Bhiwani,HR,Bhiwani,Haryana,Delivery,Bhiwani Division,DivReportingCircle,Haryana Circle
121007,Escortsnagar Faridabad SO,HR-Faridabad,HR,Faridabad,Haryana,Delivery,Faridabad Division,DivReportingCircle,Haryana Circle
121007,Faridabad Sector 12 SO,HR-Faridabad,HR,Faridabad,Haryana,Non Delivery,Faridabad Division,DivReportingCircle,Haryana Circle
121004,Faridabad Sector 3 SO,HR-Faridabad,HR,Faridabad,Haryana,Non Delivery,Faridabad Division,DivReportingCircle,Haryana Circle
121006,Faridabad Sector 8 SO,HR-Faridabad,HR,Faridabad,Haryana,Non Delivery,Faridabad Division,DivReportingCircle,Haryana Circle
121001,Feroz Gandhi Nagar Faridabad SO,HR-Faridabad,HR,Faridabad,Haryana,Non Delivery,Faridabad Division,DivReportingCircle,Haryana Circle
121107,Hassanpur SO,HR-Palwal,HR,Palwal,Haryana,Delivery,Faridabad Division,DivReportingCircle,Haryana Circle
121103,Hathin SO,HR-Palwal,HR,Palwal,Haryana,Delivery,Faridabad Division,DivReportingCircle,Haryana Circle
121106,Hodal SO,HR-Palwal,HR,Palwal,Haryana,Delivery,Faridabad Division,DivReportingCircle,Haryana Circle
121001,Nh2 Faridabad SO,HR-Faridabad,HR,Faridabad,Haryana,Non Delivery,Faridabad Division,DivReportingCircle,Haryana Circle
121001,Nh3 Faridabad SO,HR-Faridabad,HR,Faridabad,Haryana,Non Delivery,Faridabad Division,DivReportingCircle,Haryana Circle
121013,Sec91 SO,HR-Faridabad,HR,Faridabad,Haryana,Delivery,Faridabad Division,DivReportingCircle,Haryana Circle
121102,SHRI VISHWAKARMA SKILL UNIVERSITY,HR-Faridabad,HR,Faridabad,Haryana,Non Delivery,Faridabad Division,,Haryana Circle
122101,Badshahpur SO,HR-Gurugram,HR,Gurugram,Haryana,Delivery,Gurgaon Division,DivReportingCircle,Haryana Circle
122001,Basai Road SO,HR-Gurugram,HR,Gurugram,Haryana,Non Delivery,Gurgaon Division,DivReportingCircle,Haryana Circle
122010,DLF PhIII SO,HR-Gurugram,HR,Gurugram,Haryana,Delivery,Gurgaon Division,DivReportingCircle,Haryana Circle
122002,DLF QE SO,HR-Gurugram,HR,Gurugram,Haryana,Delivery,Gurgaon Division,DivReportingCircle,Haryana Circle
122011,Gurgaon Sector 56 SO,HR-Gurugram,HR,Gurugram,Haryana,Delivery,Gurgaon Division,DivReportingCircle,Haryana Circle
123401,Kankarwali Rewari SO,HR-Rewari,HR,Rewari,Haryana,Non Delivery,Gurgaon Division,DivReportingCircle,Haryana Circle
122001,Mini Sectt SO,HR-Gurugram,HR,Gurugram,Haryana,Non Delivery,Gurgaon Division,DivReportingCircle,Haryana Circle
122503,Pataudi SO,HR-Gurugram,HR,Gurugram,Haryana,Delivery,Gurgaon Division,DivReportingCircle,Haryana Circle
122098,CRPF Kadarpur SO,HR-Gurugram,HR,Gurugram,Haryana,Delivery,Gurgaon Division,DivReportingCircle,Haryana Circle
122001,GARAULI KHURD,HR-Gurugram,HR,Gurugram,Haryana,Non Delivery,Gurgaon Division,DivReportingCircle,Haryana Circle
123501,Bawal SO,HR-Rewari,HR,Rewari,Haryana,Delivery,Gurgaon Division,DivReportingCircle,Haryana Circle
123106,Dharuhera SO,HR-Rewari,HR,Rewari,Haryana,Delivery,Gurgaon Division,DivReportingCircle,Haryana Circle
123103,Khol SO,HR-Rewari,HR,Rewari,Haryana,Delivery,Gurgaon Division,DivReportingCircle,Haryana Circle
123102,Kund SO,HR-Rewari,HR,Rewari,Haryana,Delivery,Gurgaon Division,DivReportingCircle,Haryana Circle
123401,Model Town  Rewari SO,HR-Rewari,HR,Rewari,Haryana,Non Delivery,Gurgaon Division,DivReportingCircle,Haryana Circle
123001,Narnaul Kty SO,HR-Mahendragarh,HR,Mahendragarh,Haryana,Non Delivery,Bhiwani Division,DivReportingCircle,Haryana Circle
123035,Palhawas SO,HR-Rewari,HR,Rewari,Haryana,Delivery,Gurgaon Division,DivReportingCircle,Haryana Circle
125033,Anaj Mandi Hansi SO,HR-Hisar,HR,Hisar,Haryana,Non Delivery,Hissar Division,DivReportingCircle,Haryana Circle
125011,BSF Hisar SO,HR-Hisar,HR,Hisar,Haryana,Delivery,Hissar Division,DivReportingCircle,Haryana Circle
125033,Barwala Road Hansi SO,HR-Hisar,HR,Hisar,Haryana,Non Delivery,Hissar Division,DivReportingCircle,Haryana Circle
125053,Bhattu Kalan SO,HR-Fatehabad,HR,Fatehabad,Haryana,Delivery,Hissar Division,DivReportingCircle,Haryana Circle
125050,Fatehabad SO Fatehabad,HR-Fatehabad,HR,Fatehabad,Haryana,Delivery,Hissar Division,DivReportingCircle,Haryana Circle
125050,Fatehabd Kty SO,HR-Fatehabad,HR,Fatehabad,Haryana,Non Delivery,Hissar Division,DivReportingCircle,Haryana Circle
125001,Hisar  Nai Mandi SO,HR-Hisar,HR,Hisar,Haryana,Non Delivery,Hissar Division,DivReportingCircle,Haryana Circle
125050,Nai Mandi Fatehabad SO,HR-Fatehabad,HR,Fatehabad,Haryana,Non Delivery,Hissar Division,DivReportingCircle,Haryana Circle
125039,Narnaund SO,HR-Hisar,HR,Hisar,Haryana,Delivery,Hissar Division,DivReportingCircle,Haryana Circle
125051,Rattia SO,HR-Fatehabad,HR,Fatehabad,Haryana,Delivery,Hissar Division,DivReportingCircle,Haryana Circle
125120,Tohana Mandi SO,HR-Fatehabad,HR,Fatehabad,Haryana,Delivery,Hissar Division,DivReportingCircle,Haryana Circle
125113,Uklana Mandi SO,HR-Hisar,HR,Hisar,Haryana,Delivery,Hissar Division,DivReportingCircle,Haryana Circle
125005,Urban Estate  2 Hisar SO,HR-Hisar,HR,Hisar,Haryana,Non Delivery,Hissar Division,DivReportingCircle,Haryana Circle
125005,Vidut Nagar Hisar SO,HR-Hisar,HR,Hisar,Haryana,Non Delivery,Hissar Division,DivReportingCircle,Haryana Circle
125058,Ding SO,HR-Sirsa,HR,Sirsa,Haryana,Delivery,Hissar Division,DivReportingCircle,Haryana Circle
125103,Goriwala SO,HR-Sirsa,HR,Sirsa,Haryana,Delivery,Hissar Division,DivReportingCircle,Haryana Circle
125201,Kalanwali SO,HR-Sirsa,HR,Sirsa,Haryana,Delivery,Hissar Division,DivReportingCircle,Haryana Circle
125104,Mandi Dabwali SO,HR-Sirsa,HR,Sirsa,Haryana,Delivery,Hissar Division,DivReportingCircle,Haryana Circle
125055,MTS Sirsa SO,HR-Sirsa,HR,Sirsa,Haryana,Non Delivery,Hissar Division,DivReportingCircle,Haryana Circle
125077,Odhan SO,HR-Sirsa,HR,Sirsa,Haryana,Delivery,Hissar Division,DivReportingCircle,Haryana Circle
125076,Rania SO,HR-Sirsa,HR,Sirsa,Haryana,Delivery,Hissar Division,DivReportingCircle,Haryana Circle
125055,Nai Mandi Sirsa SO,HR-Sirsa,HR,Sirsa,Haryana,Non Delivery,Hissar Division,DivReportingCircle,Haryana Circle
125056,JCD Vidyapeeth Sirsa,HR-Sirsa,HR,Sirsa,Haryana,Delivery,Hissar Division,DivReportingCircle,Haryana Circle
125102,M.S Ellenabad SO,HR-Sirsa,HR,Sirsa,Haryana,Non Delivery,Hissar Division,DivReportingCircle,Haryana Circle
126111,Alewa S.O,HR-Jind,HR,Jind,Haryana,Delivery,Karnal Division,DivReportingCircle,Haryana Circle
126102,Jind Mini Sectt. S.O,HR-Jind,HR,Jind,Haryana,Non Delivery,Karnal Division,DivReportingCircle,Haryana Circle
126102,Jind Railway Station S.O,HR-Jind,HR,Jind,Haryana,Non Delivery,Karnal Division,DivReportingCircle,Haryana Circle
126113,Pillukhera S.O,HR-Jind,HR,Jind,Haryana,Delivery,Karnal Division,DivReportingCircle,Haryana Circle
132041,Indri S.O,HR-Karnal,HR,Karnal,Haryana,Delivery,Karnal Division,DivReportingCircle,Haryana Circle
132001,Kanral Industrial Area S.O,HR-Karnal,HR,Karnal,Haryana,Non Delivery,Karnal Division,DivReportingCircle,Haryana Circle
132001,Karnal New Prem Nagar S.O,HR-Karnal,HR,Karnal,Haryana,Non Delivery,Karnal Division,DivReportingCircle,Haryana Circle
132001,Karnal Railway Road S.O,HR-Karnal,HR,Karnal,Haryana,Non Delivery,Karnal Division,DivReportingCircle,Haryana Circle
132001,Karnal Sadar Bazar S.O,HR-Karnal,HR,Karnal,Haryana,Non Delivery,Karnal Division,DivReportingCircle,Haryana Circle
132001,Karnal Sector 6 S.O,HR-Karnal,HR,Karnal,Haryana,Non Delivery,Karnal Division,DivReportingCircle,Haryana Circle
132037,Madhuban S.O (Karnal),HR-Karnal,HR,Karnal,Haryana,Delivery,Karnal Division,DivReportingCircle,Haryana Circle
132001,Sector 8 Karnal S.O,HR-Karnal,HR,Karnal,Haryana,Non Delivery,Karnal Division,DivReportingCircle,Haryana Circle
132107,Israna S.O,HR-Panipat,HR,Panipat,Haryana,Delivery,Karnal Division,DivReportingCircle,Haryana Circle
132145,Neoltha S.O,HR-Panipat,HR,Panipat,Haryana,Delivery,Karnal Division,DivReportingCircle,Haryana Circle
132103,Panipat Patel Nagar S.O,HR-Panipat,HR,Panipat,Haryana,Non Delivery,Karnal Division,DivReportingCircle,Haryana Circle
132103,Panipat Sugar Mills S.O,HR-Panipat,HR,Panipat,Haryana,Non Delivery,Karnal Division,DivReportingCircle,Haryana Circle
136132,Ladwa S.O,HR-Kurukshetra,HR,Kurukshetra,Haryana,Delivery,Kurukshetra Division,DivReportingCircle,Haryana Circle
136026,Pundri S.O,HR-Kaithal,HR,Kaithal,Haryana,Delivery,Kurukshetra Division,DivReportingCircle,Haryana Circle
136119,R.E.C.K. S.O,HR-Kurukshetra,HR,Kurukshetra,Haryana,Non Delivery,Kurukshetra Division,DivReportingCircle,Haryana Circle
136135,Shahabad(M) S.O,HR-Kurukshetra,HR,Kurukshetra,Haryana,Delivery,Kurukshetra Division,DivReportingCircle,Haryana Circle
136118,Thanesar Town S.O,HR-Kurukshetra,HR,Kurukshetra,Haryana,Non Delivery,Kurukshetra Division,DivReportingCircle,Haryana Circle
136118,Judicial Complex Kurukshetra S.O,HR-Kurukshetra,HR,Kurukshetra,Haryana,Non Delivery,Kurukshetra Division,DivReportingCircle,Haryana Circle
124505,Assaudha SO,HR-Jhajjar,HR,Jhajjar,Haryana,Delivery,Rohtak Division,DivReportingCircle,Haryana Circle
124504,Charra SO,HR-Jhajjar,HR,Jhajjar,Haryana,Delivery,Rohtak Division,DivReportingCircle,Haryana Circle
124507,Line Par Bahadurgarh SO,HR-Jhajjar,HR,Jhajjar,Haryana,Non Delivery,Rohtak Division,DivReportingCircle,Haryana Circle
124021,Asthal Bohar SO,HR-Rohtak,HR,Rohtak,Haryana,Delivery,Rohtak Division,DivReportingCircle,Haryana Circle
124142,Bahu SO,HR-Jhajjar,HR,Jhajjar,Haryana,Delivery,Rohtak Division,DivReportingCircle,Haryana Circle
124401,Bhalaut SO,HR-Rohtak,HR,Rohtak,Haryana,Delivery,Rohtak Division,DivReportingCircle,Haryana Circle
124001,Gandhi Camp SO,HR-Rohtak,HR,Rohtak,Haryana,Non Delivery,Rohtak Division,DivReportingCircle,Haryana Circle
124103,Jhajjar SO,HR-Jhajjar,HR,Jhajjar,Haryana,Delivery,Rohtak Division,DivReportingCircle,Haryana Circle
124108,Machrauli SO,HR-Jhajjar,HR,Jhajjar,Haryana,Delivery,Rohtak Division,DivReportingCircle,Haryana Circle
124112,Mehem SO,HR-Rohtak,HR,Rohtak,Haryana,Delivery,Rohtak Division,DivReportingCircle,Haryana Circle
124001,Model Town SO Rohtak,HR-Rohtak,HR,Rohtak,Haryana,Non Delivery,Rohtak Division,DivReportingCircle,Haryana Circle
131304,Baroda SO,HR-Sonipat,HR,Sonipat,Haryana,Delivery,Sonepat Division,DivReportingCircle,Haryana Circle
131022,Bhatgaon SO Sonipat,HR-Sonipat,HR,Sonipat,Haryana,Delivery,Sonepat Division,DivReportingCircle,Haryana Circle
131301,Bus Stand Gohana SO,HR-Sonipat,HR,Sonipat,Haryana,Non Delivery,Sonepat Division,DivReportingCircle,Haryana Circle
131102,Purkhas SO,HR-Sonipat,HR,Sonipat,Haryana,Delivery,Sonepat Division,DivReportingCircle,Haryana Circle
131001,Sonipat Sector 14 SO,HR-Sonipat,HR,Sonipat,Haryana,Non Delivery,Sonepat Division,DivReportingCircle,Haryana Circle
176306,BATHRI BAZAR SO,HP-Chamba,HP,Chamba,Himachal Pradesh,Delivery,Chamba Division,DivReportingCircle,Himachal Pradesh Circle
176324,Gehra SO,HP-Chamba,HP,Chamba,Himachal Pradesh,Delivery,Chamba Division,DivReportingCircle,Himachal Pradesh Circle
176314,Sultanpur SO,HP-Chamba,HP,Chamba,Himachal Pradesh,Delivery,Chamba Division,DivReportingCircle,Himachal Pradesh Circle
177103,Dhaliara SO,HP-Kangra,HP,Kangra,Himachal Pradesh,Delivery,Dehra Gopipur Division,DivReportingCircle,Himachal Pradesh Circle
176502,Ghamroor SO,HP-Kangra,HP,Kangra,Himachal Pradesh,Delivery,Dehra Gopipur Division,DivReportingCircle,Himachal Pradesh Circle
176031,Jawalamukhi SO,HP-Kangra,HP,Kangra,Himachal Pradesh,Delivery,Dehra Gopipur Division,DivReportingCircle,Himachal Pradesh Circle
177117,Muhal SO,HP-Kangra,HP,Kangra,Himachal Pradesh,Delivery,Dehra Gopipur Division,DivReportingCircle,Himachal Pradesh Circle
176032,Tihri SO,HP-Kangra,HP,Kangra,Himachal Pradesh,Delivery,Dehra Gopipur Division,DivReportingCircle,Himachal Pradesh Circle
176038,Daulatpur SO Kangra,HP-Kangra,HP,Kangra,Himachal Pradesh,Delivery,Dehra Gopipur Division,DivReportingCircle,Himachal Pradesh Circle
176209,Gaggal SO,HP-Kangra,HP,Kangra,Himachal Pradesh,Delivery,Dehra Gopipur Division,DivReportingCircle,Himachal Pradesh Circle
176051,Raja Ka Talab SO,HP-Kangra,HP,Kangra,Himachal Pradesh,Delivery,Dehra Gopipur Division,DivReportingCircle,Himachal Pradesh Circle
176002,Tanda SO,HP-Kangra,HP,Kangra,Himachal Pradesh,Delivery,Dehra Gopipur Division,DivReportingCircle,Himachal Pradesh Circle
176217,Charri SO,HP-Kangra,HP,Kangra,Himachal Pradesh,Delivery,Dharamsala Division,DivReportingCircle,Himachal Pradesh Circle
176057,Dari SO,HP-Kangra,HP,Kangra,Himachal Pradesh,Non Delivery,Dharamsala Division,DivReportingCircle,Himachal Pradesh Circle
176216,Dharamsala Cantt SO,HP-Kangra,HP,Kangra,Himachal Pradesh,Delivery,Dharamsala Division,DivReportingCircle,Himachal Pradesh Circle
176204,Gangtha SO,HP-Kangra,HP,Kangra,Himachal Pradesh,Delivery,Dharamsala Division,DivReportingCircle,Himachal Pradesh Circle
176202,Nurpur SO,HP-Kangra,HP,Kangra,Himachal Pradesh,Delivery,Dharamsala Division,DivReportingCircle,Himachal Pradesh Circle
176225,Tilokpur SO Kangra,HP-Kangra,HP,Kangra,Himachal Pradesh,Delivery,Dharamsala Division,DivReportingCircle,Himachal Pradesh Circle
176125,Baijnath SO Kangra,HP-Kangra,HP,Kangra,Himachal Pradesh,Delivery,Dharamsala Division,DivReportingCircle,Himachal Pradesh Circle
176076,Bhawana SO,HP-Kangra,HP,Kangra,Himachal Pradesh,Delivery,Dharamsala Division,DivReportingCircle,Himachal Pradesh Circle
176077,Bir SO Kangra,HP-Kangra,HP,Kangra,Himachal Pradesh,Delivery,Dharamsala Division,DivReportingCircle,Himachal Pradesh Circle
176063,Majherna SO,HP-Kangra,HP,Kangra,Himachal Pradesh,Delivery,Dharamsala Division,DivReportingCircle,Himachal Pradesh Circle
176093,Malkher SO,HP-Kangra,HP,Kangra,Himachal Pradesh,Delivery,Dharamsala Division,DivReportingCircle,Himachal Pradesh Circle
176084,Noura SO,HP-Kangra,HP,Kangra,Himachal Pradesh,Delivery,Dharamsala Division,DivReportingCircle,Himachal Pradesh Circle
176067,Rajpur SO,HP-Kangra,HP,Kangra,Himachal Pradesh,Delivery,Dharamsala Division,DivReportingCircle,Himachal Pradesh Circle
174304,Bani SO HamirpurHP,HP-Hamirpur,HP,Hamirpur,Himachal Pradesh,Delivery,Hamirpur Division,DivReportingCircle,Himachal Pradesh Circle
176040,Bijhari SO,HP-Hamirpur,HP,Hamirpur,Himachal Pradesh,Delivery,Hamirpur Division,DivReportingCircle,Himachal Pradesh Circle
177041,Dhaneta SO,HP-Hamirpur,HP,Hamirpur,Himachal Pradesh,Delivery,Hamirpur Division,DivReportingCircle,Himachal Pradesh Circle
177026,Galore SO,HP-Hamirpur,HP,Hamirpur,Himachal Pradesh,Delivery,Hamirpur Division,DivReportingCircle,Himachal Pradesh Circle
176049,Maharal SO,HP-Hamirpur,HP,Hamirpur,Himachal Pradesh,Delivery,Hamirpur Division,DivReportingCircle,Himachal Pradesh Circle
174311,Salauni SO,HP-Hamirpur,HP,Hamirpur,Himachal Pradesh,Delivery,Hamirpur Division,DivReportingCircle,Himachal Pradesh Circle
174024,Auhar SO,HP-Bilaspur,HP,Bilaspur,Himachal Pradesh,Delivery,Hamirpur Division,DivReportingCircle,Himachal Pradesh Circle
174015,Behal SO,HP-Bilaspur,HP,Bilaspur,Himachal Pradesh,Delivery,Hamirpur Division,DivReportingCircle,Himachal Pradesh Circle
174031,Jhandutta SO,HP-Bilaspur,HP,Bilaspur,Himachal Pradesh,Delivery,Hamirpur Division,DivReportingCircle,Himachal Pradesh Circle
174011,Swarghat SO,HP-Bilaspur,HP,Bilaspur,Himachal Pradesh,Delivery,Hamirpur Division,DivReportingCircle,Himachal Pradesh Circle
177044,Bara SO HamirpurHP,HP-Hamirpur,HP,Hamirpur,Himachal Pradesh,Delivery,Hamirpur Division,DivReportingCircle,Himachal Pradesh Circle
177001,Gandhi Chowk Hamirpur SO,HP-Hamirpur,HP,Hamirpur,Himachal Pradesh,Non Delivery,Hamirpur Division,DivReportingCircle,Himachal Pradesh Circle
177028,Kakkar SO,HP-Hamirpur,HP,Hamirpur,Himachal Pradesh,Delivery,Hamirpur Division,DivReportingCircle,Himachal Pradesh Circle
177025,Kanjian SO,HP-Hamirpur,HP,Hamirpur,Himachal Pradesh,Delivery,Hamirpur Division,DivReportingCircle,Himachal Pradesh Circle
177029,Lambloo SO,HP-Hamirpur,HP,Hamirpur,Himachal Pradesh,Delivery,Hamirpur Division,DivReportingCircle,Himachal Pradesh Circle
177023,Tauni Devi SO,HP-Hamirpur,HP,Hamirpur,Himachal Pradesh,Delivery,Hamirpur Division,DivReportingCircle,Himachal Pradesh Circle
175139,Jahalman SO,HP-Lahul And Spiti,HP,Lahul And Spiti,Himachal Pradesh,Delivery,Mandi Division,DivReportingCircle,Himachal Pradesh Circle
175133,Lote SO Lahul  Spiti,HP-Lahul And Spiti,HP,Lahul And Spiti,Himachal Pradesh,Delivery,Mandi Division,DivReportingCircle,Himachal Pradesh Circle
175103,Bahang SO,HP-Kullu,HP,Kullu,Himachal Pradesh,Delivery,Mandi Division,DivReportingCircle,Himachal Pradesh Circle
175143,Jagatsukh SO,HP-Kullu,HP,Kullu,Himachal Pradesh,Delivery,Mandi Division,DivReportingCircle,Himachal Pradesh Circle
175105,Jaree SO,HP-Kullu,HP,Kullu,Himachal Pradesh,Delivery,Mandi Division,DivReportingCircle,Himachal Pradesh Circle
175033,Baldwara SO,HP-Mandi,HP,Mandi,Himachal Pradesh,Delivery,Mandi Division,DivReportingCircle,Himachal Pradesh Circle
175004,Bhambla SO,HP-Mandi,HP,Mandi,Himachal Pradesh,Delivery,Mandi Division,DivReportingCircle,Himachal Pradesh Circle
175021,Bhangrotu SO,HP-Mandi,HP,Mandi,Himachal Pradesh,Delivery,Mandi Division,DivReportingCircle,Himachal Pradesh Circle
175014,Drubbal SO,HP-Mandi,HP,Mandi,Himachal Pradesh,Delivery,Mandi Division,DivReportingCircle,Himachal Pradesh Circle
175049,Jamni SO,HP-Mandi,HP,Mandi,Himachal Pradesh,Delivery,Mandi Division,DivReportingCircle,Himachal Pradesh Circle
175001,Khaliar SO,HP-Mandi,HP,Mandi,Himachal Pradesh,Non Delivery,Mandi Division,DivReportingCircle,Himachal Pradesh Circle
175016,Ladbharole SO,HP-Mandi,HP,Mandi,Himachal Pradesh,Delivery,Mandi Division,DivReportingCircle,Himachal Pradesh Circle
175042,Rakhoh SO,HP-Mandi,HP,Mandi,Himachal Pradesh,Delivery,Mandi Division,DivReportingCircle,Himachal Pradesh Circle
175052,Saigaloo SO,HP-Mandi,HP,Mandi,Himachal Pradesh,Delivery,Mandi Division,DivReportingCircle,Himachal Pradesh Circle
175051,Seoh SO,HP-Mandi,HP,Mandi,Himachal Pradesh,Delivery,Mandi Division,DivReportingCircle,Himachal Pradesh Circle
175028,Chachiot SO,HP-Mandi,HP,Mandi,Himachal Pradesh,Delivery,Mandi Division,DivReportingCircle,Himachal Pradesh Circle
175030,Dehar SO,HP-Mandi,HP,Mandi,Himachal Pradesh,Delivery,Mandi Division,DivReportingCircle,Himachal Pradesh Circle
175029,Gohar SO,HP-Mandi,HP,Mandi,Himachal Pradesh,Delivery,Mandi Division,DivReportingCircle,Himachal Pradesh Circle
175038,Nihri SO,HP-Mandi,HP,Mandi,Himachal Pradesh,Delivery,Mandi Division,DivReportingCircle,Himachal Pradesh Circle
175017,Slapper SO,HP-Mandi,HP,Mandi,Himachal Pradesh,Delivery,Mandi Division,DivReportingCircle,Himachal Pradesh Circle
175018,Sunder Nagar1 SO,HP-Mandi,HP,Mandi,Himachal Pradesh,Delivery,Mandi Division,DivReportingCircle,Himachal Pradesh Circle
175045,Chail Chowk SO,HP-Mandi,HP,Mandi,Himachal Pradesh,Delivery,Mandi Division,DivReportingCircle,Himachal Pradesh Circle
172025,Dalash SO,HP-Kullu,HP,Kullu,Himachal Pradesh,Delivery,Rampur Bushahr Division,DivReportingCircle,Himachal Pradesh Circle
172028,Delath SO,HP-Shimla,HP,Shimla,Himachal Pradesh,Delivery,Rampur Bushahr Division,DivReportingCircle,Himachal Pradesh Circle
172101,Jeori SO,HP-Shimla,HP,Shimla,Himachal Pradesh,Delivery,Rampur Bushahr Division,DivReportingCircle,Himachal Pradesh Circle
172118,Katgaon SO,HP-Kinnaur,HP,Kinnaur,Himachal Pradesh,Delivery,Rampur Bushahr Division,DivReportingCircle,Himachal Pradesh Circle
172111,Pooh SO,HP-Kinnaur,HP,Kinnaur,Himachal Pradesh,Delivery,Rampur Bushahr Division,DivReportingCircle,Himachal Pradesh Circle
172117,Sagnam SO,HP-Lahul And Spiti,HP,Lahul And Spiti,Himachal Pradesh,Delivery,Rampur Bushahr Division,DivReportingCircle,Himachal Pradesh Circle
172104,Tapri SO,HP-Kinnaur,HP,Kinnaur,Himachal Pradesh,Delivery,Rampur Bushahr Division,DivReportingCircle,Himachal Pradesh Circle
171007,Mashobra SO,HP-Shimla,HP,Shimla,Himachal Pradesh,Delivery,Shimla Division,DivReportingCircle,Himachal Pradesh Circle
171213,Narkanda SO,HP-Shimla,HP,Shimla,Himachal Pradesh,Delivery,Shimla Division,DivReportingCircle,Himachal Pradesh Circle
171001,Shimla High Court SO,HP-Shimla,HP,Shimla,Himachal Pradesh,Non Delivery,Shimla Division,DivReportingCircle,Himachal Pradesh Circle
171005,Summerhill SO,HP-Shimla,HP,Shimla,Himachal Pradesh,Delivery,Shimla Division,DivReportingCircle,Himachal Pradesh Circle
171220,Bagain SO,HP-Shimla,HP,Shimla,Himachal Pradesh,Delivery,Shimla Division,DivReportingCircle,Himachal Pradesh Circle
173024,Sarahan SO,HP-Sirmaur,HP,Sirmaur,Himachal Pradesh,Delivery,Solan Division,DivReportingCircle,Himachal Pradesh Circle
173027,Shillai SO,HP-Sirmaur,HP,Sirmaur,Himachal Pradesh,Delivery,Solan Division,DivReportingCircle,Himachal Pradesh Circle
173032,Haripurdhar,HP-Sirmaur,HP,Sirmaur,Himachal Pradesh,Delivery,Solan Division,DivReportingCircle,Himachal Pradesh Circle
173210,Dagshai SO,HP-Solan,HP,Solan,Himachal Pradesh,Delivery,Solan Division,DivReportingCircle,Himachal Pradesh Circle
173204,Kasauli SO,HP-Solan,HP,Solan,Himachal Pradesh,Delivery,Solan Division,DivReportingCircle,Himachal Pradesh Circle
173202,Sanawar SO,HP-Solan,HP,Solan,Himachal Pradesh,Delivery,Solan Division,DivReportingCircle,Himachal Pradesh Circle
173211,Saproon SO,HP-Solan,HP,Solan,Himachal Pradesh,Delivery,Solan Division,DivReportingCircle,Himachal Pradesh Circle
174307,Bangana SO,HP-Una,HP,Una,Himachal Pradesh,Delivery,Una Division,DivReportingCircle,Himachal Pradesh Circle
174317,Bhadsali SO,HP-Una,HP,Una,Himachal Pradesh,Delivery,Una Division,DivReportingCircle,Himachal Pradesh Circle
177110,Chintpurni SO,HP-Una,HP,Una,Himachal Pradesh,Delivery,Una Division,DivReportingCircle,Himachal Pradesh Circle
177207,Pandogha SO,HP-Una,HP,Una,Himachal Pradesh,Delivery,Una Division,DivReportingCircle,Himachal Pradesh Circle
193221,Handwara S.O,JK-Kupwara,JK,Kupwara,Jammu and Kashmir,Delivery,Baramulla Division,Srinagar HQ Region,Jammu Kashmir Circle
193302,Langate S.O,JK-Kupwara,JK,Kupwara,Jammu and Kashmir,Delivery,Baramulla Division,Srinagar HQ Region,Jammu Kashmir Circle
193122,Boniyar S.O,JK-Baramulla,JK,Baramulla,Jammu and Kashmir,Delivery,Baramulla Division,Srinagar HQ Region,Jammu Kashmir Circle
181133,Bari Brahmna Icomplex SO,JK-Samba,JK,Samba,Jammu and Kashmir,Delivery,Jammu Division,JAMMU RN,Jammu Kashmir Circle
181133,Bari Brahmna SO,JK-Samba,JK,Samba,Jammu and Kashmir,Non Delivery,Jammu Division,JAMMU RN,Jammu Kashmir Circle
181152,Bathindi SO,JK-Jammu,JK,Jammu,Jammu and Kashmir,Delivery,Jammu Division,JAMMU RN,Jammu Kashmir Circle
180003,Industrial Estate SO Jammu,JK-Jammu,JK,Jammu,Jammu and Kashmir,Non Delivery,Jammu Division,JAMMU RN,Jammu Kashmir Circle
181101,Miran Sahib SO,JK-Jammu,JK,Jammu,Jammu and Kashmir,Delivery,Jammu Division,JAMMU RN,Jammu Kashmir Circle
180012,New Fruit Market SO,JK-Jammu,JK,Jammu,Jammu and Kashmir,Non Delivery,Jammu Division,JAMMU RN,Jammu Kashmir Circle
181145,Purmandal SO,JK-Samba,JK,Samba,Jammu and Kashmir,Delivery,Jammu Division,JAMMU RN,Jammu Kashmir Circle
181102,RSPura SO,JK-Jammu,JK,Jammu,Jammu and Kashmir,Delivery,Jammu Division,JAMMU RN,Jammu Kashmir Circle
180011,Sainik Colony SO,JK-Jammu,JK,Jammu,Jammu and Kashmir,Delivery,Jammu Division,JAMMU RN,Jammu Kashmir Circle
184121,Samba SO,JK-Samba,JK,Samba,Jammu and Kashmir,Delivery,Jammu Division,JAMMU RN,Jammu Kashmir Circle
181008,Raipur Satwari,JK-Jammu,JK,Jammu,Jammu and Kashmir,Delivery,Jammu Division,JAMMU RN,Jammu Kashmir Circle
181134,AIIMS Vijaypur,JK-Jammu,JK,Jammu,Jammu and Kashmir,Delivery,Jammu Division,DivReportingCircle,Jammu Kashmir Circle
180007,Janipur SO,JK-Jammu,JK,Jammu,Jammu and Kashmir,Delivery,Jammu Division,JAMMU RN,Jammu Kashmir Circle
181221,Kandoli Nagrota SO,JK-Jammu,JK,Jammu,Jammu and Kashmir,Delivery,Jammu Division,JAMMU RN,Jammu Kashmir Circle
180001,Peermitha SO,JK-Jammu,JK,Jammu,Jammu and Kashmir,Non Delivery,Jammu Division,JAMMU RN,Jammu Kashmir Circle
180013,Roopnagar Jammu Tawi SO,JK-Jammu,JK,Jammu,Jammu and Kashmir,Delivery,Jammu Division,JAMMU RN,Jammu Kashmir Circle
180018,Udheywala SO,JK-Jammu,JK,Jammu,Jammu and Kashmir,Delivery,Jammu Division,JAMMU RN,Jammu Kashmir Circle
184203,Bhaddu SO,JK-Kathua,JK,Kathua,Jammu and Kashmir,Delivery,Jammu Division,JAMMU RN,Jammu Kashmir Circle
184141,Ghagwal SO,JK-Samba,JK,Samba,Jammu and Kashmir,Delivery,Jammu Division,JAMMU RN,Jammu Kashmir Circle
184102,Ie Kathua SO,JK-Kathua,JK,Kathua,Jammu and Kashmir,Delivery,Jammu Division,JAMMU RN,Jammu Kashmir Circle
184210,Nagrota Gujroo SO,JK-Jammu,JK,Jammu,Jammu and Kashmir,Delivery,Jammu Division,JAMMU RN,Jammu Kashmir Circle
194105,Baroo S.O,LA-Kargil,LA,Kargil,Ladakh,Delivery,Leh Division,Srinagar HQ Region,Jammu Kashmir Circle
194104,Chuglamsar S.O,LA-Leh Ladakh,LA,Leh Ladakh,Ladakh,Delivery,Leh Division,Srinagar HQ Region,Jammu Kashmir Circle
194102,Drass S.O,LA-Kargil,LA,Kargil,Ladakh,Delivery,Leh Division,Srinagar HQ Region,Jammu Kashmir Circle
185202,Kalakot SO,JK-Rajouri,JK,Rajouri,Jammu and Kashmir,Delivery,Rajouri Division,JAMMU RN,Jammu Kashmir Circle
192124,Bijbehara SO,JK-Anantnag,JK,Anantnag,Jammu and Kashmir,Delivery,Srinagar Division,Srinagar HQ Region,Jammu Kashmir Circle
192210,Dialgam,JK-Anantnag,JK,Anantnag,Jammu and Kashmir,Delivery,Srinagar Division,Srinagar HQ Region,Jammu Kashmir Circle
192101,Janglat Mandi SO,JK-Anantnag,JK,Anantnag,Jammu and Kashmir,Non Delivery,Srinagar Division,Srinagar HQ Region,Jammu Kashmir Circle
192202,Kokarnag SO,JK-Anantnag,JK,Anantnag,Jammu and Kashmir,Delivery,Srinagar Division,Srinagar HQ Region,Jammu Kashmir Circle
192125,Martand SO,JK-Anantnag,JK,Anantnag,Jammu and Kashmir,Delivery,Srinagar Division,Srinagar HQ Region,Jammu Kashmir Circle
190020,Buchpora SO,JK-Srinagar,JK,Srinagar,Jammu and Kashmir,Delivery,Srinagar Division,Srinagar HQ Region,Jammu Kashmir Circle
190010,Batmaloo,JK-Srinagar,JK,Srinagar,Jammu and Kashmir,Non Delivery,Srinagar Division,Srinagar HQ Region,Jammu Kashmir Circle
193403,Gulmarg SO,JK-Baramulla,JK,Baramulla,Jammu and Kashmir,Delivery,Srinagar Division,Srinagar HQ Region,Jammu Kashmir Circle
190002,Jamia Masjid SO,JK-Srinagar,JK,Srinagar,Jammu and Kashmir,Non Delivery,Srinagar Division,Srinagar HQ Region,Jammu Kashmir Circle
191202,Kangan SO,JK-Ganderbal,JK,Ganderbal,Jammu and Kashmir,Delivery,Srinagar Division,Srinagar HQ Region,Jammu Kashmir Circle
190006,Kashmir University,JK-Srinagar,JK,Srinagar,Jammu and Kashmir,Delivery,Srinagar Division,Srinagar HQ Region,Jammu Kashmir Circle
190023,Lal Bazar SO,JK-Srinagar,JK,Srinagar,Jammu and Kashmir,Delivery,Srinagar Division,Srinagar HQ Region,Jammu Kashmir Circle
190015,Natipora SO,JK-Srinagar,JK,Srinagar,Jammu and Kashmir,Delivery,Srinagar Division,Srinagar HQ Region,Jammu Kashmir Circle
190001,Nehru Park SO,JK-Srinagar,JK,Srinagar,Jammu and Kashmir,Non Delivery,Srinagar Division,Srinagar HQ Region,Jammu Kashmir Circle
182202,Doda SO Doda,JK-Doda,JK,Doda,Jammu and Kashmir,Delivery,Udhampur Division,JAMMU RN,Jammu Kashmir Circle
182201,Khellani SO,JK-Doda,JK,Doda,Jammu and Kashmir,Delivery,Udhampur Division,JAMMU RN,Jammu Kashmir Circle
182204,Kishtwar SO,JK-Kishtwar,JK,Kishtwar,Jammu and Kashmir,Delivery,Udhampur Division,JAMMU RN,Jammu Kashmir Circle
182205,Palmar SO,JK-Kishtwar,JK,Kishtwar,Jammu and Kashmir,Delivery,Udhampur Division,JAMMU RN,Jammu Kashmir Circle
182144,Ramban SO,JK-Ramban,JK,Ramban,Jammu and Kashmir,Delivery,Udhampur Division,JAMMU RN,Jammu Kashmir Circle
182122,Ramnagar SO Udhampur,JK-Udhampur,JK,Udhampur,Jammu and Kashmir,Delivery,Udhampur Division,JAMMU RN,Jammu Kashmir Circle
828134,Chandan Kiyari SO,JH-Bokaro,JH,Bokaro,Jharkhand,Delivery,Dhanbad Division,DivReportingCircle,Jharkhand Circle
827003,Sector III SO,JH-Bokaro,JH,Bokaro,Jharkhand,Delivery,Dhanbad Division,DivReportingCircle,Jharkhand Circle
827006,SectorVI SO,JH-Bokaro,JH,Bokaro,Jharkhand,Delivery,Dhanbad Division,DivReportingCircle,Jharkhand Circle
828202,Chirkunda SO,JH-Dhanbad,JH,Dhanbad,Jharkhand,Delivery,Dhanbad Division,DivReportingCircle,Jharkhand Circle
826001,Cmpf SO,JH-Dhanbad,JH,Dhanbad,Jharkhand,Non Delivery,Dhanbad Division,DivReportingCircle,Jharkhand Circle
826001,Cmrs SO,JH-Dhanbad,JH,Dhanbad,Jharkhand,Non Delivery,Dhanbad Division,DivReportingCircle,Jharkhand Circle
826001,Dhanbad Hirapur SO,JH-Dhanbad,JH,Dhanbad,Jharkhand,Non Delivery,Dhanbad Division,DivReportingCircle,Jharkhand Circle
828106,Dhansar SO,JH-Dhanbad,JH,Dhanbad,Jharkhand,Delivery,Dhanbad Division,DivReportingCircle,Jharkhand Circle
828110,Jealgora SO,JH-Dhanbad,JH,Dhanbad,Jharkhand,Delivery,Dhanbad Division,DivReportingCircle,Jharkhand Circle
828111,Jharia Manbad SO,JH-Dhanbad,JH,Dhanbad,Jharkhand,Non Delivery,Dhanbad Division,DivReportingCircle,Jharkhand Circle
828203,Kumardhubi SO,JH-Dhanbad,JH,Dhanbad,Jharkhand,Delivery,Dhanbad Division,DivReportingCircle,Jharkhand Circle
828116,Kusunda SO,JH-Dhanbad,JH,Dhanbad,Jharkhand,Delivery,Dhanbad Division,DivReportingCircle,Jharkhand Circle
828131,Lodna SO Dhanbad,JH-Dhanbad,JH,Dhanbad,Jharkhand,Delivery,Dhanbad Division,DivReportingCircle,Jharkhand Circle
828305,Mohuda SO,JH-Dhanbad,JH,Dhanbad,Jharkhand,Delivery,Dhanbad Division,DivReportingCircle,Jharkhand Circle
826001,Naya Bazar Wasseypur SO,JH-Dhanbad,JH,Dhanbad,Jharkhand,Non Delivery,Dhanbad Division,DivReportingCircle,Jharkhand Circle
828132,Patherdih Coal Washery SO,JH-Dhanbad,JH,Dhanbad,Jharkhand,Delivery,Dhanbad Division,DivReportingCircle,Jharkhand Circle
828127,Saraidhela SO,JH-Dhanbad,JH,Dhanbad,Jharkhand,Delivery,Dhanbad Division,DivReportingCircle,Jharkhand Circle
828142,Tundi SO,JH-Dhanbad,JH,Dhanbad,Jharkhand,Delivery,Dhanbad Division,DivReportingCircle,Jharkhand Circle
829107,Bokaro Thermal SO,JH-Bokaro,JH,Bokaro,Jharkhand,Delivery,Giridih Division,DivReportingCircle,Jharkhand Circle
828403,Chandrapura SO,JH-Bokaro,JH,Bokaro,Jharkhand,Delivery,Giridih Division,DivReportingCircle,Jharkhand Circle
815301,Giridih Bazar SO,JH-Giridih,JH,Giridih,Jharkhand,Non Delivery,Giridih Division,DivReportingCircle,Jharkhand Circle
829116,Kathara SO,JH-Bokaro,JH,Bokaro,Jharkhand,Delivery,Giridih Division,DivReportingCircle,Jharkhand Circle
829121,Peterbar SO,JH-Bokaro,JH,Bokaro,Jharkhand,Delivery,Giridih Division,DivReportingCircle,Jharkhand Circle
829144,Phusro Bazar SO,JH-Bokaro,JH,Bokaro,Jharkhand,Delivery,Giridih Division,DivReportingCircle,Jharkhand Circle
825311,Barkagaon SO,JH-Hazaribagh,JH,Hazaribagh,Jharkhand,Delivery,Hazaribagh Division,DivReportingCircle,Jharkhand Circle
825418,Domchanch Bazar SO,JH-Koderma,JH,Koderma,Jharkhand,Delivery,Hazaribagh Division,DivReportingCircle,Jharkhand Circle
825109,Jainagar SO Koderma,JH-Koderma,JH,Koderma,Jharkhand,Delivery,Hazaribagh Division,DivReportingCircle,Jharkhand Circle
825409,Jhumari Telaiya Bazar SO,JH-Koderma,JH,Koderma,Jharkhand,Non Delivery,Hazaribagh Division,DivReportingCircle,Jharkhand Circle
825403,Jori SO,JH-Chatra,JH,Chatra,Jharkhand,Delivery,Hazaribagh Division,DivReportingCircle,Jharkhand Circle
825410,Kodarma SO,JH-Koderma,JH,Koderma,Jharkhand,Delivery,Hazaribagh Division,DivReportingCircle,Jharkhand Circle
825303,Korrah SO,JH-Hazaribagh,JH,Hazaribagh,Jharkhand,Delivery,Hazaribagh Division,DivReportingCircle,Jharkhand Circle
829135,Bhurkunda SO,JH-Ramgarh,JH,Ramgarh,Jharkhand,Delivery,Hazaribagh Division,DivReportingCircle,Jharkhand Circle
829109,Giddi C SO,JH-Ramgarh,JH,Ramgarh,Jharkhand,Delivery,Hazaribagh Division,DivReportingCircle,Jharkhand Circle
825325,Kedla SO,JH-Ramgarh,JH,Ramgarh,Jharkhand,Delivery,Hazaribagh Division,DivReportingCircle,Jharkhand Circle
829118,Patratu SO,JH-Ramgarh,JH,Ramgarh,Jharkhand,Delivery,Hazaribagh Division,DivReportingCircle,Jharkhand Circle
829125,Sayal SO,JH-Ramgarh,JH,Ramgarh,Jharkhand,Delivery,Hazaribagh Division,DivReportingCircle,Jharkhand Circle
829126,Sounda C SO,JH-Ramgarh,JH,Ramgarh,Jharkhand,Delivery,Hazaribagh Division,DivReportingCircle,Jharkhand Circle
829133,Sounda D SO,JH-Ramgarh,JH,Ramgarh,Jharkhand,Delivery,Hazaribagh Division,DivReportingCircle,Jharkhand Circle
822102,Daltonganj College SO,JH-Palamu,JH,Palamu,Jharkhand,Delivery,Palamau Division,DivReportingCircle,Jharkhand Circle
822119,Mahuwadand SO,JH-Latehar,JH,Latehar,Jharkhand,Delivery,Palamau Division,DivReportingCircle,Jharkhand Circle
822128,Ramna SO Garhwa,JH-Garhwa,JH,Garhwa,Jharkhand,Delivery,Palamau Division,DivReportingCircle,Jharkhand Circle
834004,HEC Adm Bldg SO,JH-Ranchi,JH,Ranchi,Jharkhand,Non Delivery,Ranchi Division,DivReportingCircle,Jharkhand Circle
834002,Hindustan Steel Colony SO,JH-Ranchi,JH,Ranchi,Jharkhand,Non Delivery,Ranchi Division,DivReportingCircle,Jharkhand Circle
834004,Jagarnath Nagar Colony SO,JH-Ranchi,JH,Ranchi,Jharkhand,Non Delivery,Ranchi Division,DivReportingCircle,Jharkhand Circle
835221,Tupudana SO,JH-Ranchi,JH,Ranchi,Jharkhand,Delivery,Ranchi Division,DivReportingCircle,Jharkhand Circle
835212,Kurdeg SO,JH-Simdega,JH,Simdega,Jharkhand,Delivery,Gumla Division,DivReportingCircle,Jharkhand Circle
835220,Palkot SO,JH-Gumla,JH,Gumla,Jharkhand,Delivery,Gumla Division,DivReportingCircle,Jharkhand Circle
835202,Bero SO,JH-Ranchi,JH,Ranchi,Jharkhand,Delivery,Ranchi Division,DivReportingCircle,Jharkhand Circle
835205,Brambe SO,JH-Ranchi,JH,Ranchi,Jharkhand,Delivery,Ranchi Division,DivReportingCircle,Jharkhand Circle
834008,Kanke Road SO,JH-Ranchi,JH,Ranchi,Jharkhand,Non Delivery,Ranchi Division,DivReportingCircle,Jharkhand Circle
835325,Nagjua SO,JH-Ranchi,JH,Ranchi,Jharkhand,Delivery,Ranchi Division,DivReportingCircle,Jharkhand Circle
834001,Ncdc SO,JH-Ranchi,JH,Ranchi,Jharkhand,Non Delivery,Ranchi Division,DivReportingCircle,Jharkhand Circle
834001,Old Commissioner Compound SO,JH-Ranchi,JH,Ranchi,Jharkhand,Non Delivery,Ranchi Division,DivReportingCircle,Jharkhand Circle
834001,Ranchi Court SO,JH-Ranchi,JH,Ranchi,Jharkhand,Non Delivery,Ranchi Division,DivReportingCircle,Jharkhand Circle
834009,Ranchi Medical College Campus SO,JH-Ranchi,JH,Ranchi,Jharkhand,Non Delivery,Ranchi Division,DivReportingCircle,Jharkhand Circle
834013,Nodal Delivery Centre Ranchi,JH-Ranchi,JH,Ranchi,Jharkhand,Delivery,Ranchi Division,DivReportingCircle,Jharkhand Circle
814112,Deoghar Court SO,JH-Deoghar,JH,Deoghar,Jharkhand,Non Delivery,B.Deoghar Division,DivReportingCircle,Jharkhand Circle
815352,Karmatar SO,JH-Jamtara,JH,Jamtara,Jharkhand,Delivery,B.Deoghar Division,DivReportingCircle,Jharkhand Circle
815357,Karogram SO,JH-Deoghar,JH,Deoghar,Jharkhand,Delivery,B.Deoghar Division,DivReportingCircle,Jharkhand Circle
815359,Kundahit SO,JH-Jamtara,JH,Jamtara,Jharkhand,Delivery,B.Deoghar Division,DivReportingCircle,Jharkhand Circle
815353,Madhupur SO,JH-Deoghar,JH,Deoghar,Jharkhand,Delivery,B.Deoghar Division,DivReportingCircle,Jharkhand Circle
815354,Mihijam SO,JH-Jamtara,JH,Jamtara,Jharkhand,Delivery,B.Deoghar Division,DivReportingCircle,Jharkhand Circle
814111,Amrapara SO,JH-Pakur,JH,Pakur,Jharkhand,Delivery,Santhal Parganas Division,DivReportingCircle,Jharkhand Circle
816105,Kotalpokhar SO,JH-Pakur,JH,Pakur,Jharkhand,Delivery,Santhal Parganas Division,DivReportingCircle,Jharkhand Circle
814144,Massanjore SO,JH-Dumka,JH,Dumka,Jharkhand,Delivery,Santhal Parganas Division,DivReportingCircle,Jharkhand Circle
813208,Mirzachowki SO,JH-Sahebganj,JH,Sahebganj,Jharkhand,Delivery,Santhal Parganas Division,DivReportingCircle,Jharkhand Circle
814101,SPCollege SO,JH-Dumka,JH,Dumka,Jharkhand,Non Delivery,Santhal Parganas Division,DivReportingCircle,Jharkhand Circle
816109,Sahibganj College SO,JH-Sahebganj,JH,Sahebganj,Jharkhand,Non Delivery,Santhal Parganas Division,DivReportingCircle,Jharkhand Circle
816115,Sakrigali Ghat SO,JH-Sahebganj,JH,Sahebganj,Jharkhand,Delivery,Santhal Parganas Division,DivReportingCircle,Jharkhand Circle
833102,Chakradharpur Colony SO,JH-West Singhbhum,JH,West Singhbhum,Jharkhand,Non Delivery,Singhbhum Division,DivReportingCircle,Jharkhand Circle
833103,Goilkera SO,JH-West Singhbhum,JH,West Singhbhum,Jharkhand,Delivery,Singhbhum Division,DivReportingCircle,Jharkhand Circle
833214,Hatgamaria SO,JH-West Singhbhum,JH,West Singhbhum,Jharkhand,Delivery,Singhbhum Division,DivReportingCircle,Jharkhand Circle
833215,Jhinkpani SO,JH-West Singhbhum,JH,West Singhbhum,Jharkhand,Delivery,Singhbhum Division,DivReportingCircle,Jharkhand Circle
833218,Noamundi Bazar SO,JH-West Singhbhum,JH,West Singhbhum,Jharkhand,Delivery,Singhbhum Division,DivReportingCircle,Jharkhand Circle
831001,Bistupur Bazar SO,JH-East Singhbum,JH,East Singhbum,Jharkhand,Non Delivery,Singhbhum Division,DivReportingCircle,Jharkhand Circle
831003,Golmuri SO,JH-East Singhbum,JH,East Singhbum,Jharkhand,Delivery,Singhbhum Division,DivReportingCircle,Jharkhand Circle
832102,Jadugoda Mines SO,JH-East Singhbum,JH,East Singhbum,Jharkhand,Delivery,Singhbhum Division,DivReportingCircle,Jharkhand Circle
831006,Jugsalai SO,JH-East Singhbum,JH,East Singhbum,Jharkhand,Delivery,Singhbhum Division,DivReportingCircle,Jharkhand Circle
832402,Kandra SO Seraikelakharsawan,JH-Saraikela Kharsawan,JH,Saraikela Kharsawan,Jharkhand,Delivery,Singhbhum Division,DivReportingCircle,Jharkhand Circle
832103,Moubhandar SO,JH-East Singhbum,JH,East Singhbum,Jharkhand,Delivery,Singhbhum Division,DivReportingCircle,Jharkhand Circle
831007,N M L SO,JH-East Singhbum,JH,East Singhbum,Jharkhand,Non Delivery,Singhbhum Division,DivReportingCircle,Jharkhand Circle
831014,NIT SO,JH-Saraikela Kharsawan,JH,Saraikela Kharsawan,Jharkhand,Delivery,Singhbhum Division,DivReportingCircle,Jharkhand Circle
831016,Rahargora SO,JH-East Singhbum,JH,East Singhbum,Jharkhand,Delivery,Singhbhum Division,DivReportingCircle,Jharkhand Circle
831004,Telco Plaza Market SO,JH-East Singhbum,JH,East Singhbum,Jharkhand,Non Delivery,Singhbhum Division,DivReportingCircle,Jharkhand Circle
831004,Telco Works SO,JH-East Singhbum,JH,East Singhbum,Jharkhand,Delivery,Singhbhum Division,DivReportingCircle,Jharkhand Circle
831020,Pardih,JH-East Singhbum,JH,East Singhbum,Jharkhand,Delivery,Singhbhum Division,DivReportingCircle,Jharkhand Circle
560007,Air Force Hospital S.O,KA-Bengaluru Urban,KA,Bengaluru Urban,Karnataka,Non Delivery,Bengaluru East Division,Bengaluru HQ Region,Karnataka Circle
560103,Bellandur S.O,KA-Bengaluru Urban,KA,Bengaluru Urban,Karnataka,Delivery,Bengaluru East Division,Bengaluru HQ Region,Karnataka Circle
560093,C V Raman Nagar S.O,KA-Bengaluru Urban,KA,Bengaluru Urban,Karnataka,Delivery,Bengaluru East Division,Bengaluru HQ Region,Karnataka Circle
560008,Cambridge Layout S.O,KA-Bengaluru Urban,KA,Bengaluru Urban,Karnataka,Non Delivery,Bengaluru East Division,Bengaluru HQ Region,Karnataka Circle
560038,Indiranagar S.O (Bengaluru),KA-Bengaluru Urban,KA,Bengaluru Urban,Karnataka,Delivery,Bengaluru East Division,Bengaluru HQ Region,Karnataka Circle
560016,Krishnarajapuram R S S.O,KA-Bengaluru Urban,KA,Bengaluru Urban,Karnataka,Non Delivery,Bengaluru East Division,Bengaluru HQ Region,Karnataka Circle
560048,Mahadevapura S.O,KA-Bengaluru Urban,KA,Bengaluru Urban,Karnataka,Delivery,Bengaluru East Division,Bengaluru HQ Region,Karnataka Circle
560037,Marathahalli Colony S.O,KA-Bengaluru Urban,KA,Bengaluru Urban,Karnataka,Delivery,Bengaluru East Division,Bengaluru HQ Region,Karnataka Circle
560037,Rameshnagar S.O,KA-Bengaluru Urban,KA,Bengaluru Urban,Karnataka,Non Delivery,Bengaluru East Division,Bengaluru HQ Region,Karnataka Circle
560087,Vartur S.O,KA-Bengaluru Urban,KA,Bengaluru Urban,Karnataka,Delivery,Bengaluru East Division,Bengaluru HQ Region,Karnataka Circle
560049,Virgonagar S.O,KA-Bengaluru Rural,KA,Bengaluru Rural,Karnataka,Delivery,Bengaluru East Division,Bengaluru HQ Region,Karnataka Circle
560117,Doddadunnasandra S.O,KA-Bengaluru Rural,KA,Bengaluru Rural,Karnataka,Delivery,Bengaluru East Division,Bengaluru HQ Region,Karnataka Circle
560037,Doddanekkundi SO,KA-Bengaluru Urban,KA,Bengaluru Urban,Karnataka,Non Delivery,Bengaluru East Division,Bengaluru HQ Region,Karnataka Circle
560087,Gunjur S.O,KA-Bengaluru Urban,KA,Bengaluru Urban,Karnataka,Non Delivery,Bengaluru East Division,Bengaluru HQ Region,Karnataka Circle
560087,Panathur S.O,KA-Bengaluru Urban,KA,Bengaluru Urban,Karnataka,Non Delivery,Bengaluru East Division,Bengaluru HQ Region,Karnataka Circle
560063,A F Station Yelahanka S.O,KA-Bengaluru Urban,KA,Bengaluru Urban,Karnataka,Delivery,Bengaluru East Division,Bengaluru HQ Region,Karnataka Circle
560043,Jalavayuvihar S.O,KA-Bengaluru Urban,KA,Bengaluru Urban,Karnataka,Non Delivery,Bengaluru East Division,Bengaluru HQ Region,Karnataka Circle
560001,Legislators Home S.O,KA-Bengaluru Urban,KA,Bengaluru Urban,Karnataka,Non Delivery,Bengaluru East Division,Bengaluru HQ Region,Karnataka Circle
560001,Mahatma Gandhi Road S.O,KA-Bengaluru Urban,KA,Bengaluru Urban,Karnataka,Non Delivery,Bengaluru East Division,Bengaluru HQ Region,Karnataka Circle
560033,Maruthi Sevanagar S.O,KA-Bengaluru Urban,KA,Bengaluru Urban,Karnataka,Delivery,Bengaluru East Division,Bengaluru HQ Region,Karnataka Circle
560001,Rajbhavan S.O,KA-Bengaluru Urban,KA,Bengaluru Urban,Karnataka,Non Delivery,Bengaluru East Division,Bengaluru HQ Region,Karnataka Circle
560042,Sivan Chetty Gardens S.O,KA-Bengaluru Urban,KA,Bengaluru Urban,Karnataka,Delivery,Bengaluru East Division,Bengaluru HQ Region,Karnataka Circle
560018,Chamrajpet S.O (Bengaluru),KA-Bengaluru Urban,KA,Bengaluru Urban,Karnataka,Delivery,Bengaluru South Division,Bengaluru HQ Region,Karnataka Circle
560026,Governmemnt Electric Factory S.O,KA-Bengaluru Urban,KA,Bengaluru Urban,Karnataka,Delivery,Bengaluru South Division,Bengaluru HQ Region,Karnataka Circle
560070,B Sk II Stage S.O,KA-Bengaluru Urban,KA,Bengaluru Urban,Karnataka,Delivery,Bengaluru South Division,Bengaluru HQ Region,Karnataka Circle
560085,Banashankari III Stage S.O,KA-Bengaluru Urban,KA,Bengaluru Urban,Karnataka,Delivery,Bengaluru South Division,Bengaluru HQ Region,Karnataka Circle
560061,Chikkalasandra S.O,KA-Bengaluru Urban,KA,Bengaluru Urban,Karnataka,Non Delivery,Bengaluru South Division,Bengaluru HQ Region,Karnataka Circle
560029,Dharmaram College S.O,KA-Bengaluru Urban,KA,Bengaluru Urban,Karnataka,Delivery,Bengaluru South Division,Bengaluru HQ Region,Karnataka Circle
560085,Girinagar S.O (Bengaluru),KA-Bengaluru Urban,KA,Bengaluru Urban,Karnataka,Non Delivery,Bengaluru South Division,Bengaluru HQ Region,Karnataka Circle
560083,Gottigere S.O,KA-Bengaluru Urban,KA,Bengaluru Urban,Karnataka,Non Delivery,Bengaluru South Division,Bengaluru HQ Region,Karnataka Circle
560078,J P Nagar S.O,KA-Bengaluru Urban,KA,Bengaluru Urban,Karnataka,Delivery,Bengaluru South Division,Bengaluru HQ Region,Karnataka Circle
560011,Jayangar III Block S.O,KA-Bengaluru Urban,KA,Bengaluru Urban,Karnataka,Delivery,Bengaluru South Division,Bengaluru HQ Region,Karnataka Circle
560085,Kathriguppe S.O,KA-Bengaluru Urban,KA,Bengaluru Urban,Karnataka,Non Delivery,Bengaluru South Division,Bengaluru HQ Region,Karnataka Circle
560061,Subramanyapura S.O,KA-Bengaluru Urban,KA,Bengaluru Urban,Karnataka,Delivery,Bengaluru South Division,Bengaluru HQ Region,Karnataka Circle
560041,Tilaknagar S.O (Bengaluru),KA-Bengaluru Urban,KA,Bengaluru Urban,Karnataka,Non Delivery,Bengaluru South Division,Bengaluru HQ Region,Karnataka Circle
560078,Yelachenahalli S.O,KA-Bengaluru Urban,KA,Bengaluru Urban,Karnataka,Non Delivery,Bengaluru South Division,Bengaluru HQ Region,Karnataka Circle
560500,CPC ITD BNPL booking HUB,KA-Bengaluru Urban,KA,Bengaluru Urban,Karnataka,Delivery,Bengaluru South Division,Bengaluru HQ Region,Karnataka Circle
560068,KUDLU S.O,KA-Bengaluru Urban,KA,Bengaluru Urban,Karnataka,Non Delivery,Bengaluru South Division,Bengaluru HQ Region,Karnataka Circle
560057,Peenya Dasarahalli S.O,KA-Bengaluru Urban,KA,Bengaluru Urban,Karnataka,Delivery,Bengaluru West Division,Bengaluru HQ Region,Karnataka Circle
560058,Peenya I Stage S.O,KA-Bengaluru Urban,KA,Bengaluru Urban,Karnataka,Non Delivery,Bengaluru West Division,Bengaluru HQ Region,Karnataka Circle
560073,BAGALGUNTE S.O,KA-Bengaluru Urban,KA,Bengaluru Urban,Karnataka,Non Delivery,Bengaluru West Division,Bengaluru HQ Region,Karnataka Circle
560023,Magadi Road S.O,KA-Bengaluru Urban,KA,Bengaluru Urban,Karnataka,Delivery,Bengaluru West Division,Bengaluru HQ Region,Karnataka Circle
560091,Viswaneedam S.O,KA-Bengaluru Urban,KA,Bengaluru Urban,Karnataka,Delivery,Bengaluru West Division,Bengaluru HQ Region,Karnataka Circle
560003,Vyalikaval Extn S.O,KA-Bengaluru Urban,KA,Bengaluru Urban,Karnataka,Non Delivery,Bengaluru West Division,Bengaluru HQ Region,Karnataka Circle
560072,Nagarbhavi II Stage PO,KA-Bengaluru Urban,KA,Bengaluru Urban,Karnataka,Non Delivery,Bengaluru West Division,Bengaluru HQ Region,Karnataka Circle
562107,Attibele S.O,KA-Bengaluru Urban,KA,Bengaluru Urban,Karnataka,Delivery,Bengaluru South Division,Bengaluru HQ Region,Karnataka Circle
562108,Bevur S.O (Ramanagar),KA-Ramanagara,KA,Ramanagara,Karnataka,Delivery,Channapatna Division,Bengaluru HQ Region,Karnataka Circle
562109,Bidadi S.O,KA-Ramanagara,KA,Ramanagara,Karnataka,Delivery,Channapatna Division,Bengaluru HQ Region,Karnataka Circle
562111,Dobbespet S.O,KA-Bengaluru Rural,KA,Bengaluru Rural,Karnataka,Delivery,Bengaluru West Division,Bengaluru HQ Region,Karnataka Circle
561204,Doddabelavangala S.O,KA-Bengaluru Rural,KA,Bengaluru Rural,Karnataka,Delivery,Bengaluru West Division,Bengaluru HQ Region,Karnataka Circle
562117,Kanakapura S.O,KA-Ramanagara,KA,Ramanagara,Karnataka,Delivery,Channapatna Division,Bengaluru HQ Region,Karnataka Circle
562119,Kodihalli S.O,KA-Ramanagara,KA,Ramanagara,Karnataka,Delivery,Channapatna Division,Bengaluru HQ Region,Karnataka Circle
562164,Avathi S.O,KA-Bengaluru Rural,KA,Bengaluru Rural,Karnataka,Delivery,Bengaluru East Division,Bengaluru HQ Region,Karnataka Circle
562166,Marasur SO,KA-Ramanagara,KA,Ramanagara,Karnataka,Delivery,Bengaluru South Division,Bengaluru HQ Region,Karnataka Circle
587201,Badami Extension S.O,KA-Bagalkot,KA,Bagalkot,Karnataka,Non Delivery,Bagalkot Division,North Karnataka Region,Karnataka Circle
587111,Bagalkot Alokudyog S.O,KA-Bagalkot,KA,Bagalkot,Karnataka,Delivery,Bagalkot Division,North Karnataka Region,Karnataka Circle
587102,Gaddankeri Cross S.O,KA-Bagalkot,KA,Bagalkot,Karnataka,Delivery,Bagalkot Division,North Karnataka Region,Karnataka Circle
587155,Kulgeri Cross S.O,KA-Bagalkot,KA,Bagalkot,Karnataka,Delivery,Bagalkot Division,North Karnataka Region,Karnataka Circle
587311,Banahatti S.O,KA-Bagalkot,KA,Bagalkot,Karnataka,Delivery,Bagalkot Division,North Karnataka Region,Karnataka Circle
587116,Bilgi S.O (Bagalkot),KA-Bagalkot,KA,Bagalkot,Karnataka,Delivery,Bagalkot Division,North Karnataka Region,Karnataka Circle
587330,Savalagi S.O,KA-Bagalkot,KA,Bagalkot,Karnataka,Delivery,Bagalkot Division,North Karnataka Region,Karnataka Circle
587331,HIPPARGI SO,KA-Bagalkot,KA,Bagalkot,Karnataka,Delivery,Bagalkot Division,North Karnataka Region,Karnataka Circle
591102,Bailhongal Bazar S.O,KA-Belagavi,KA,Belagavi,Karnataka,Non Delivery,Belagavi Division,North Karnataka Region,Karnataka Circle
591109,Hirebagewadi S.O,KA-Belagavi,KA,Belagavi,Karnataka,Delivery,Belagavi Division,North Karnataka Region,Karnataka Circle
591112,Itagi S.O,KA-Belagavi,KA,Belagavi,Karnataka,Delivery,Belagavi Division,North Karnataka Region,Karnataka Circle
591153,M.K.Hubballi S.F. S.O,KA-Belagavi,KA,Belagavi,Karnataka,Delivery,Belagavi Division,North Karnataka Region,Karnataka Circle
590001,Belagavi Camp S.O,KA-Belagavi,KA,Belagavi,Karnataka,Non Delivery,Belagavi Division,North Karnataka Region,Karnataka Circle
590019,Belagavi Doordarshan Nagar S.O,KA-Belagavi,KA,Belagavi,Karnataka,Delivery,Belagavi Division,North Karnataka Region,Karnataka Circle
590001,Belagavi Kapileshwar Road S.O,KA-Belagavi,KA,Belagavi,Karnataka,Non Delivery,Belagavi Division,North Karnataka Region,Karnataka Circle
590005,Belagavi M. Vadgaon S.O,KA-Belagavi,KA,Belagavi,Karnataka,Delivery,Belagavi Division,North Karnataka Region,Karnataka Circle
591345,Jamboti S.O,KA-Belagavi,KA,Belagavi,Karnataka,Delivery,Belagavi Division,North Karnataka Region,Karnataka Circle
591301,Londa S.O,KA-Belagavi,KA,Belagavi,Karnataka,Delivery,Belagavi Division,North Karnataka Region,Karnataka Circle
591128,Uchgaon S.O,KA-Belagavi,KA,Belagavi,Karnataka,Delivery,Belagavi Division,North Karnataka Region,Karnataka Circle
591126,Chidambar Nagar Saundatti S.O,KA-Belagavi,KA,Belagavi,Karnataka,Non Delivery,Belagavi Division,North Karnataka Region,Karnataka Circle
591123,Nekarpeth Ramdurg S.O,KA-Belagavi,KA,Belagavi,Karnataka,Non Delivery,Belagavi Division,North Karnataka Region,Karnataka Circle
591129,Yargatti S.O,KA-Belagavi,KA,Belagavi,Karnataka,Delivery,Belagavi Division,North Karnataka Region,Karnataka Circle
583101,Ballari District Court S.O,KA-Ballari,KA,Ballari,Karnataka,Non Delivery,Ballari Division,North Karnataka Region,Karnataka Circle
583114,Hatcholi S.O,KA-Ballari,KA,Ballari,Karnataka,Delivery,Ballari Division,North Karnataka Region,Karnataka Circle
583115,Kudathini S.O,KA-Ballari,KA,Ballari,Karnataka,Delivery,Ballari Division,North Karnataka Region,Karnataka Circle
583116,Kurugodu S.O,KA-Ballari,KA,Ballari,Karnataka,Delivery,Ballari Division,North Karnataka Region,Karnataka Circle
583154,Karur SO,KA-Ballari,KA,Ballari,Karnataka,Delivery,Ballari Division,North Karnataka Region,Karnataka Circle
583127,Chigatere S.O,KA-Vijaynagar,KA,Vijaynagar,Karnataka,Delivery,Ballari Division,North Karnataka Region,Karnataka Circle
583129,Devalapura S.O(Ballari),KA-Ballari,KA,Ballari,Karnataka,Delivery,Ballari Division,North Karnataka Region,Karnataka Circle
583201,Hosapete Ranipet S.O,KA-Ballari,KA,Ballari,Karnataka,Non Delivery,Ballari Division,North Karnataka Region,Karnataka Circle
583220,Ittigi S.O,KA-Vijaynagar,KA,Vijaynagar,Karnataka,Delivery,Ballari Division,North Karnataka Region,Karnataka Circle
583221,Kamalapura S.O,KA-Vijaynagar,KA,Vijaynagar,Karnataka,Delivery,Ballari Division,North Karnataka Region,Karnataka Circle
583224,Thambrahalli S.O,KA-Vijaynagar,KA,Vijaynagar,Karnataka,Delivery,Ballari Division,North Karnataka Region,Karnataka Circle
585326,Aurad (B) S.O,KA-Bidar,KA,Bidar,Karnataka,Delivery,Bidar Division,North Karnataka Region,Karnataka Circle
585411,Bhatambra S.O,KA-Bidar,KA,Bidar,Karnataka,Delivery,Bidar Division,North Karnataka Region,Karnataka Circle
585437,Mudbi S.O,KA-Bidar,KA,Bidar,Karnataka,Delivery,Bidar Division,North Karnataka Region,Karnataka Circle
585444,Nittur S.O,KA-Bidar,KA,Bidar,Karnataka,Delivery,Bidar Division,North Karnataka Region,Karnataka Circle
586201,Almatti  Damsite S.O,KA-Vijayapura,KA,Vijayapura,Karnataka,Delivery,Vijayapura Division,North Karnataka Region,Karnataka Circle
586112,Atharga S.O,KA-Vijayapura,KA,Vijayapura,Karnataka,Delivery,Vijayapura Division,North Karnataka Region,Karnataka Circle
586121,Kudgi S.O,KA-Vijayapura,KA,Vijayapura,Karnataka,Delivery,Vijayapura Division,North Karnataka Region,Karnataka Circle
586211,Lachyan S.O,KA-Vijayapura,KA,Vijayapura,Karnataka,Delivery,Vijayapura Division,North Karnataka Region,Karnataka Circle
586214,Talikoti S.O,KA-Vijayapura,KA,Vijayapura,Karnataka,Delivery,Vijayapura Division,North Karnataka Region,Karnataka Circle
586216,Telgi S.O,KA-Vijayapura,KA,Vijayapura,Karnataka,Delivery,Vijayapura Division,North Karnataka Region,Karnataka Circle
586162,Tadavalga SO,KA-Vijayapura,KA,Vijayapura,Karnataka,Delivery,Vijayapura Division,North Karnataka Region,Karnataka Circle
591212,Anantpur S.O,KA-Belagavi,KA,Belagavi,Karnataka,Delivery,Chikodi Division,North Karnataka Region,Karnataka Circle
591234,Mangsuli S.O,KA-Belagavi,KA,Belagavi,Karnataka,Delivery,Chikodi Division,North Karnataka Region,Karnataka Circle
591315,Shedbal S.O,KA-Belagavi,KA,Belagavi,Karnataka,Delivery,Chikodi Division,North Karnataka Region,Karnataka Circle
591211,Akol S.O,KA-Belagavi,KA,Belagavi,Karnataka,Delivery,Chikodi Division,North Karnataka Region,Karnataka Circle
591263,Bhoj S.O,KA-Belagavi,KA,Belagavi,Karnataka,Delivery,Chikodi Division,North Karnataka Region,Karnataka Circle
591247,Chikodi Sugar Factory S.O,KA-Belagavi,KA,Belagavi,Karnataka,Delivery,Chikodi Division,North Karnataka Region,Karnataka Circle
591219,Galataga S.O,KA-Belagavi,KA,Belagavi,Karnataka,Delivery,Chikodi Division,North Karnataka Region,Karnataka Circle
591226,Karoshi S.O,KA-Belagavi,KA,Belagavi,Karnataka,Delivery,Chikodi Division,North Karnataka Region,Karnataka Circle
591228,Khadaklat S.O,KA-Belagavi,KA,Belagavi,Karnataka,Delivery,Chikodi Division,North Karnataka Region,Karnataka Circle
591238,Pattankudi S.O,KA-Belagavi,KA,Belagavi,Karnataka,Delivery,Chikodi Division,North Karnataka Region,Karnataka Circle
591241,Saundalga S.O,KA-Belagavi,KA,Belagavi,Karnataka,Delivery,Chikodi Division,North Karnataka Region,Karnataka Circle
581103,Alnavar S.O,KA-Dharwad,KA,Dharwad,Karnataka,Delivery,Dharwad Division,North Karnataka Region,Karnataka Circle
580001,Dharwad Saptapur S.O,KA-Dharwad,KA,Dharwad,Karnataka,Non Delivery,Dharwad Division,North Karnataka Region,Karnataka Circle
580005,Dharwad U A S S.O,KA-Dharwad,KA,Dharwad,Karnataka,Delivery,Dharwad Division,North Karnataka Region,Karnataka Circle
580025,Bhairidevarkoppa S.O,KA-Dharwad,KA,Dharwad,Karnataka,Non Delivery,Dharwad Division,North Karnataka Region,Karnataka Circle
581107,Gudgeri S.O,KA-Dharwad,KA,Dharwad,Karnataka,Delivery,Dharwad Division,North Karnataka Region,Karnataka Circle
580030,Hubballi Gandhi Nagar S.O,KA-Dharwad,KA,Dharwad,Karnataka,Non Delivery,Dharwad Division,North Karnataka Region,Karnataka Circle
580028,Hubballi Mv Galli S.O,KA-Dharwad,KA,Dharwad,Karnataka,Delivery,Dharwad Division,North Karnataka Region,Karnataka Circle
580026,Hubballi Tarihal Indl. Estate S.O,KA-Dharwad,KA,Dharwad,Karnataka,Delivery,Dharwad Division,North Karnataka Region,Karnataka Circle
580029,Hubballii Traffic Island S.O,KA-Dharwad,KA,Dharwad,Karnataka,Delivery,Dharwad Division,North Karnataka Region,Karnataka Circle
580031,Hubballi Unkal S.O,KA-Dharwad,KA,Dharwad,Karnataka,Non Delivery,Dharwad Division,North Karnataka Region,Karnataka Circle
580021,Hubballi Vidyanagar S.O,KA-Dharwad,KA,Dharwad,Karnataka,Delivery,Dharwad Division,North Karnataka Region,Karnataka Circle
582208,Navalgund S.O,KA-Dharwad,KA,Dharwad,Karnataka,Delivery,Dharwad Division,North Karnataka Region,Karnataka Circle
580021,COURT COMPLEX HUBBALLI,KA-Dharwad,KA,Dharwad,Karnataka,Non Delivery,Dharwad Division,North Karnataka Region,Karnataka Circle
582202,Belvanki S.O,KA-Gadag,KA,Gadag,Karnataka,Delivery,Gadag Division,North Karnataka Region,Karnataka Circle
582113,Dambal S.O,KA-Gadag,KA,Gadag,Karnataka,Delivery,Gadag Division,North Karnataka Region,Karnataka Circle
582203,Holealur S.O,KA-Gadag,KA,Gadag,Karnataka,Delivery,Gadag Division,North Karnataka Region,Karnataka Circle
582115,Lakkundi S.O,KA-Gadag,KA,Gadag,Karnataka,Delivery,Gadag Division,North Karnataka Region,Karnataka Circle
582117,Mulgund S.O,KA-Gadag,KA,Gadag,Karnataka,Delivery,Gadag Division,North Karnataka Region,Karnataka Circle
582118,Mundargi S.O,KA-Gadag,KA,Gadag,Karnataka,Delivery,Gadag Division,North Karnataka Region,Karnataka Circle
582207,Nargund S.O,KA-Gadag,KA,Gadag,Karnataka,Delivery,Gadag Division,North Karnataka Region,Karnataka Circle
583238,Bhagyanagar S.O (Koppal),KA-Koppal,KA,Koppal,Karnataka,Delivery,KOPPAL DIVISION,North Karnataka Region,Karnataka Circle
583278,Dotihal S.O,KA-Koppal,KA,Koppal,Karnataka,Delivery,KOPPAL DIVISION,North Karnataka Region,Karnataka Circle
583227,Gangavati Cbs Gunj S.O,KA-Koppal,KA,Koppal,Karnataka,Non Delivery,KOPPAL DIVISION,North Karnataka Region,Karnataka Circle
583227,Gangavati M V Circle S.O,KA-Koppal,KA,Koppal,Karnataka,Non Delivery,KOPPAL DIVISION,North Karnataka Region,Karnataka Circle
583228,Ginigera S.O,KA-Koppal,KA,Koppal,Karnataka,Delivery,KOPPAL DIVISION,North Karnataka Region,Karnataka Circle
583231,Koppal R S S.O,KA-Koppal,KA,Koppal,Karnataka,Non Delivery,KOPPAL DIVISION,North Karnataka Region,Karnataka Circle
591254,Daddi S.O,KA-Belagavi,KA,Belagavi,Karnataka,Delivery,Gokak Division,North Karnataka Region,Karnataka Circle
591308,Gokak Falls S.O,KA-Belagavi,KA,Belagavi,Karnataka,Delivery,Gokak Division,North Karnataka Region,Karnataka Circle
591307,Gokak Guruwarpeth S.O,KA-Belagavi,KA,Belagavi,Karnataka,Non Delivery,Gokak Division,North Karnataka Region,Karnataka Circle
591221,Hebbal S.O,KA-Belagavi,KA,Belagavi,Karnataka,Delivery,Gokak Division,North Karnataka Region,Karnataka Circle
591224,Kalloli S.O,KA-Belagavi,KA,Belagavi,Karnataka,Delivery,Gokak Division,North Karnataka Region,Karnataka Circle
591344,Khangaon S.O,KA-Belagavi,KA,Belagavi,Karnataka,Delivery,Gokak Division,North Karnataka Region,Karnataka Circle
591243,Thana Hattargi S.O,KA-Belagavi,KA,Belagavi,Karnataka,Delivery,Gokak Division,North Karnataka Region,Karnataka Circle
585303,Andola S.O,KA-Kalaburagi,KA,Kalaburagi,Karnataka,Delivery,Kalaburagi Division,North Karnataka Region,Karnataka Circle
585306,Chimmanchod S.O,KA-Kalaburagi,KA,Kalaburagi,Karnataka,Delivery,Kalaburagi Division,North Karnataka Region,Karnataka Circle
585308,Farhatabad S.O,KA-Kalaburagi,KA,Kalaburagi,Karnataka,Delivery,Kalaburagi Division,North Karnataka Region,Karnataka Circle
585102,GB RS S.O,KA-Kalaburagi,KA,Kalaburagi,Karnataka,Delivery,Kalaburagi Division,North Karnataka Region,Karnataka Circle
585101,GB Shahabazar S.O,KA-Kalaburagi,KA,Kalaburagi,Karnataka,Non Delivery,Kalaburagi Division,North Karnataka Region,Karnataka Circle
585104,GB Shivajinagar S.O,KA-Kalaburagi,KA,Kalaburagi,Karnataka,Non Delivery,Kalaburagi Division,North Karnataka Region,Karnataka Circle
585212,Ghanagapur T S.O,KA-Kalaburagi,KA,Kalaburagi,Karnataka,Delivery,Kalaburagi Division,North Karnataka Region,Karnataka Circle
585313,Kamalapur S.O (Kalaburagi),KA-Kalaburagi,KA,Kalaburagi,Karnataka,Delivery,Kalaburagi Division,North Karnataka Region,Karnataka Circle
585236,Nimbal S.O,KA-Kalaburagi,KA,Kalaburagi,Karnataka,Delivery,Kalaburagi Division,North Karnataka Region,Karnataka Circle
585229,Shahabad ACC S.O,KA-Kalaburagi,KA,Kalaburagi,Karnataka,Delivery,Kalaburagi Division,North Karnataka Region,Karnataka Circle
585315,Madhwar S.O,KA-Yadgir,KA,Yadgir,Karnataka,Delivery,YADGIRI DIVISION,North Karnataka Region,Karnataka Circle
581128,Agadi S.O,KA-Haveri,KA,Haveri,Karnataka,Delivery,Haveri Division,North Karnataka Region,Karnataka Circle
581102,Akkialur S.O,KA-Haveri,KA,Haveri,Karnataka,Delivery,Haveri Division,North Karnataka Region,Karnataka Circle
581108,Guttal S.O,KA-Haveri,KA,Haveri,Karnataka,Delivery,Haveri Division,North Karnataka Region,Karnataka Circle
581208,Halageri S.O,KA-Haveri,KA,Haveri,Karnataka,Delivery,Haveri Division,North Karnataka Region,Karnataka Circle
581109,Haunsabhavi S.O,KA-Haveri,KA,Haveri,Karnataka,Delivery,Haveri Division,North Karnataka Region,Karnataka Circle
581111,Hirekerur S.O,KA-Haveri,KA,Haveri,Karnataka,Delivery,Haveri Division,North Karnataka Region,Karnataka Circle
581210,Masur S.O (Haveri),KA-Haveri,KA,Haveri,Karnataka,Delivery,Haveri Division,North Karnataka Region,Karnataka Circle
581148,Sangur S.O,KA-Haveri,KA,Haveri,Karnataka,Delivery,Haveri Division,North Karnataka Region,Karnataka Circle
581205,Shiggaon S.O,KA-Haveri,KA,Haveri,Karnataka,Delivery,Haveri Division,North Karnataka Region,Karnataka Circle
581119,Tumminakatti S.O,KA-Haveri,KA,Haveri,Karnataka,Delivery,Haveri Division,North Karnataka Region,Karnataka Circle
581308,Karwar Naval Base S.O,KA-Uttara Kannada,KA,Uttara Kannada,Karnataka,Delivery,Karwar Division,North Karnataka Region,Karnataka Circle
581319,Bankikodla S.O,KA-Uttara Kannada,KA,Uttara Kannada,Karnataka,Delivery,Karwar Division,North Karnataka Region,Karnataka Circle
581320,Bhatkal S.O,KA-Uttara Kannada,KA,Uttara Kannada,Karnataka,Delivery,Karwar Division,North Karnataka Region,Karnataka Circle
581327,Haldipur S.O,KA-Uttara Kannada,KA,Uttara Kannada,Karnataka,Delivery,Karwar Division,North Karnataka Region,Karnataka Circle
581332,Herwatta S.O,KA-Uttara Kannada,KA,Uttara Kannada,Karnataka,Delivery,Karwar Division,North Karnataka Region,Karnataka Circle
581350,Murdeshwar S.O,KA-Uttara Kannada,KA,Uttara Kannada,Karnataka,Delivery,Karwar Division,North Karnataka Region,Karnataka Circle
584138,Balaganur S.O,KA-Raichur,KA,Raichur,Karnataka,Delivery,Raichur Division,North Karnataka Region,Karnataka Circle
584140,Gunjahalli S.O,KA-Raichur,KA,Raichur,Karnataka,Delivery,Raichur Division,North Karnataka Region,Karnataka Circle
584139,Gurgunta S.O,KA-Raichur,KA,Raichur,Karnataka,Delivery,Raichur Division,North Karnataka Region,Karnataka Circle
584120,Kowthal S.O,KA-Raichur,KA,Raichur,Karnataka,Delivery,Raichur Division,North Karnataka Region,Karnataka Circle
584102,Raichur Mukram Gunj S.O,KA-Raichur,KA,Raichur,Karnataka,Delivery,Raichur Division,North Karnataka Region,Karnataka Circle
584101,Raichur Naya Bazar S.O,KA-Raichur,KA,Raichur,Karnataka,Non Delivery,Raichur Division,North Karnataka Region,Karnataka Circle
584101,Raichur R.S. S.O,KA-Raichur,KA,Raichur,Karnataka,Non Delivery,Raichur Division,North Karnataka Region,Karnataka Circle
581186,Joida S.O,KA-Uttara Kannada,KA,Uttara Kannada,Karnataka,Delivery,Sirsi Division,North Karnataka Region,Karnataka Circle
581340,Kansur S.O,KA-Uttara Kannada,KA,Uttara Kannada,Karnataka,Delivery,Sirsi Division,North Karnataka Region,Karnataka Circle
581347,Manchikeri S.O,KA-Uttara Kannada,KA,Uttara Kannada,Karnataka,Delivery,Sirsi Division,North Karnataka Region,Karnataka Circle
581355,Siddapur S.O,KA-Uttara Kannada,KA,Uttara Kannada,Karnataka,Delivery,Sirsi Division,North Karnataka Region,Karnataka Circle
581356,Tergaon S.O,KA-Uttara Kannada,KA,Uttara Kannada,Karnataka,Delivery,Sirsi Division,North Karnataka Region,Karnataka Circle
581359,Yellapur Bazar S.O,KA-Uttara Kannada,KA,Uttara Kannada,Karnataka,Non Delivery,Sirsi Division,North Karnataka Region,Karnataka Circle
577102,Chikkamagaluru ZP S.O,KA-Chikkamagaluru,KA,Chikkamagaluru,Karnataka,Non Delivery,Chikkamagaluru Division,South Karnataka Region,Karnataka Circle
577132,Mudigere S.O,KA-Chikkamagaluru,KA,Chikkamagaluru,Karnataka,Delivery,Chikkamagaluru Division,South Karnataka Region,Karnataka Circle
577133,Mugthihalli S.O,KA-Chikkamagaluru,KA,Chikkamagaluru,Karnataka,Delivery,Chikkamagaluru Division,South Karnataka Region,Karnataka Circle
577138,Singatagere S.O,KA-Chikkamagaluru,KA,Chikkamagaluru,Karnataka,Delivery,Chikkamagaluru Division,South Karnataka Region,Karnataka Circle
577140,Yagati S.O,KA-Chikkamagaluru,KA,Chikkamagaluru,Karnataka,Delivery,Chikkamagaluru Division,South Karnataka Region,Karnataka Circle
577114,Basarikatte S.O,KA-Chikkamagaluru,KA,Chikkamagaluru,Karnataka,Delivery,Chikkamagaluru Division,South Karnataka Region,Karnataka Circle
577117,C.R.Station S.O,KA-Chikkamagaluru,KA,Chikkamagaluru,Karnataka,Delivery,Chikkamagaluru Division,South Karnataka Region,Karnataka Circle
577123,Jayapura S.O,KA-Chikkamagaluru,KA,Chikkamagaluru,Karnataka,Delivery,Chikkamagaluru Division,South Karnataka Region,Karnataka Circle
577128,Lakkavalli S.O,KA-Chikkamagaluru,KA,Chikkamagaluru,Karnataka,Delivery,Chikkamagaluru Division,South Karnataka Region,Karnataka Circle
577515,Bagur S.O (Chitradurga),KA-Chitradurga,KA,Chitradurga,Karnataka,Delivery,Chitradurga Division,South Karnataka Region,Karnataka Circle
577519,Bharamasagara S.O,KA-Chitradurga,KA,Chitradurga,Karnataka,Delivery,Chitradurga Division,South Karnataka Region,Karnataka Circle
577598,Hiriyur S.O,KA-Chitradurga,KA,Chitradurga,Karnataka,Delivery,Chitradurga Division,South Karnataka Region,Karnataka Circle
577526,Holalkere S.O,KA-Chitradurga,KA,Chitradurga,Karnataka,Delivery,Chitradurga Division,South Karnataka Region,Karnataka Circle
577527,Hosadurga S.O,KA-Chitradurga,KA,Chitradurga,Karnataka,Delivery,Chitradurga Division,South Karnataka Region,Karnataka Circle
577501,Kanaka Circle Chitradurga S.O,KA-Chitradurga,KA,Chitradurga,Karnataka,Non Delivery,Chitradurga Division,South Karnataka Region,Karnataka Circle
577532,Maradihalli S.O,KA-Chitradurga,KA,Chitradurga,Karnataka,Delivery,Chitradurga Division,South Karnataka Region,Karnataka Circle
577533,Mathodu S.O,KA-Chitradurga,KA,Chitradurga,Karnataka,Delivery,Chitradurga Division,South Karnataka Region,Karnataka Circle
577502,Station Road chitradurga S.O,KA-Chitradurga,KA,Chitradurga,Karnataka,Delivery,Chitradurga Division,South Karnataka Region,Karnataka Circle
577517,Turuvanur S.O,KA-Chitradurga,KA,Chitradurga,Karnataka,Delivery,Chitradurga Division,South Karnataka Region,Karnataka Circle
577545,Yerabally S.O,KA-Chitradurga,KA,Chitradurga,Karnataka,Delivery,Chitradurga Division,South Karnataka Region,Karnataka Circle
577007,Davangere University Campus S.O,KA-Davangere,KA,Davangere,Karnataka,Delivery,DAVANAGERE DIVISION,South Karnataka Region,Karnataka Circle
577513,Asagodu S.O,KA-Davangere,KA,Davangere,Karnataka,Delivery,DAVANAGERE DIVISION,South Karnataka Region,Karnataka Circle
577001,Mini Vidhanasoudha S.O,KA-Davangere,KA,Davangere,Karnataka,Non Delivery,DAVANAGERE DIVISION,South Karnataka Region,Karnataka Circle
577601,Rajaramnagar Colony  S.O,KA-Davangere,KA,Davangere,Karnataka,Non Delivery,DAVANAGERE DIVISION,South Karnataka Region,Karnataka Circle
577004,Southern Extension DVG S.O,KA-Davangere,KA,Davangere,Karnataka,Delivery,DAVANAGERE DIVISION,South Karnataka Region,Karnataka Circle
573141,Didaga S.O,KA-Hassan,KA,Hassan,Karnataka,Delivery,Hassan Division,South Karnataka Region,Karnataka Circle
573164,Lalanakere S.O,KA-Hassan,KA,Hassan,Karnataka,Delivery,Hassan Division,South Karnataka Region,Karnataka Circle
573135,Shravanabelagola S.O,KA-Hassan,KA,Hassan,Karnataka,Delivery,Hassan Division,South Karnataka Region,Karnataka Circle
573225,Agriculture College Campus Dly S.O,KA-Hassan,KA,Hassan,Karnataka,Delivery,Hassan Division,South Karnataka Region,Karnataka Circle
573120,Gorur S.O,KA-Hassan,KA,Hassan,Karnataka,Delivery,Hassan Division,South Karnataka Region,Karnataka Circle
573136,Keralapura S.O,KA-Hassan,KA,Hassan,Karnataka,Delivery,Hassan Division,South Karnataka Region,Karnataka Circle
573212,Mosale Hosahalli S.O,KA-Hassan,KA,Hassan,Karnataka,Delivery,Hassan Division,South Karnataka Region,Karnataka Circle
573134,Sakleshpur S.O,KA-Hassan,KA,Hassan,Karnataka,Delivery,Hassan Division,South Karnataka Region,Karnataka Circle
573137,Yeslur S.O,KA-Hassan,KA,Hassan,Karnataka,Delivery,Hassan Division,South Karnataka Region,Karnataka Circle
571219,Balele S.O,KA-Kodagu,KA,Kodagu,Karnataka,Delivery,Kodagu Division,South Karnataka Region,Karnataka Circle
571215,Pollibetta S.O,KA-Kodagu,KA,Kodagu,Karnataka,Delivery,Kodagu Division,South Karnataka Region,Karnataka Circle
571253,Siddapura Kodagu S.O,KA-Kodagu,KA,Kodagu,Karnataka,Delivery,Kodagu Division,South Karnataka Region,Karnataka Circle
571218,Virajpet S.O,KA-Kodagu,KA,Kodagu,Karnataka,Delivery,Kodagu Division,South Karnataka Region,Karnataka Circle
561209,Gudibanda S.O (Kolar),KA-Chikkaballapura,KA,Chikkaballapura,Karnataka,Delivery,Kolar Division,South Karnataka Region,Karnataka Circle
562102,Melur S.O (Kolar),KA-Chikkaballapura,KA,Chikkaballapura,Karnataka,Delivery,Kolar Division,South Karnataka Region,Karnataka Circle
561228,Vatadahosahalli S.O,KA-Chikkaballapura,KA,Chikkaballapura,Karnataka,Delivery,Kolar Division,South Karnataka Region,Karnataka Circle
563115,Beml Nagar Colony S.O,KA-Kolar,KA,Kolar,Karnataka,Non Delivery,Kolar Division,South Karnataka Region,Karnataka Circle
563115,Bharathnagar S.O,KA-Kolar,KA,Kolar,Karnataka,Non Delivery,Kolar Division,South Karnataka Region,Karnataka Circle
563125,Chintamani Market S.O,KA-Chikkaballapura,KA,Chikkaballapura,Karnataka,Non Delivery,Kolar Division,South Karnataka Region,Karnataka Circle
563101,Kolar Doddapet S.O,KA-Kolar,KA,Kolar,Karnataka,Non Delivery,Kolar Division,South Karnataka Region,Karnataka Circle
563101,Kolar Gandhi Nagar S.O,KA-Kolar,KA,Kolar,Karnataka,Non Delivery,Kolar Division,South Karnataka Region,Karnataka Circle
563139,Masthi S.O,KA-Kolar,KA,Kolar,Karnataka,Delivery,Kolar Division,South Karnataka Region,Karnataka Circle
563121,Oorgaumpet S.O,KA-Kolar,KA,Kolar,Karnataka,Delivery,Kolar Division,South Karnataka Region,Karnataka Circle
563138,Yeldur S.O,KA-Kolar,KA,Kolar,Karnataka,Delivery,Kolar Division,South Karnataka Region,Karnataka Circle
571416,Basaralu S.O,KA-Mandya,KA,Mandya,Karnataka,Delivery,Mandya Division,South Karnataka Region,Karnataka Circle
571428,Maddur S.O (Mandya),KA-Mandya,KA,Mandya,Karnataka,Delivery,Mandya Division,South Karnataka Region,Karnataka Circle
571430,Malavalli S.O,KA-Mandya,KA,Mandya,Karnataka,Delivery,Mandya Division,South Karnataka Region,Karnataka Circle
571429,Shivapura Maddur S.O,KA-Mandya,KA,Mandya,Karnataka,Delivery,Mandya Division,South Karnataka Region,Karnataka Circle
571605,Akkihebbal S.O,KA-Mandya,KA,Mandya,Karnataka,Delivery,Mandya Division,South Karnataka Region,Karnataka Circle
571418,Bellur S.O,KA-Mandya,KA,Mandya,Karnataka,Delivery,Mandya Division,South Karnataka Region,Karnataka Circle
571807,Kirangoor S.O,KA-Mandya,KA,Mandya,Karnataka,Delivery,Mandya Division,South Karnataka Region,Karnataka Circle
571607,Krishnaraja Sagar S.O,KA-Mandya,KA,Mandya,Karnataka,Delivery,Mandya Division,South Karnataka Region,Karnataka Circle
571427,Kyathanahalli S.O,KA-Mandya,KA,Mandya,Karnataka,Delivery,Mandya Division,South Karnataka Region,Karnataka Circle
571431,Melukote S.O,KA-Mandya,KA,Mandya,Karnataka,Delivery,Mandya Division,South Karnataka Region,Karnataka Circle
571432,Nagamangala S.O,KA-Mandya,KA,Mandya,Karnataka,Delivery,Mandya Division,South Karnataka Region,Karnataka Circle
571435,Pandavapura R S S.O,KA-Mandya,KA,Mandya,Karnataka,Delivery,Mandya Division,South Karnataka Region,Karnataka Circle
574267,Badagayedapadavu S.O,KA-Dakshina Kannada,KA,Dakshina Kannada,Karnataka,Delivery,Mangaluru Division,South Karnataka Region,Karnataka Circle
574143,Farangipet S.O,KA-Dakshina Kannada,KA,Dakshina Kannada,Karnataka,Delivery,Mangaluru Division,South Karnataka Region,Karnataka Circle
575022,Kotekar S.O,KA-Dakshina Kannada,KA,Dakshina Kannada,Karnataka,Delivery,Mangaluru Division,South Karnataka Region,Karnataka Circle
575029,Pedamale S.O,KA-Dakshina Kannada,KA,Dakshina Kannada,Karnataka,Delivery,Mangaluru Division,South Karnataka Region,Karnataka Circle
574141,Aikala S.O,KA-Dakshina Kannada,KA,Dakshina Kannada,Karnataka,Delivery,Mangaluru Division,South Karnataka Region,Karnataka Circle
575006,Ashoknagar(MR) S.O,KA-Dakshina Kannada,KA,Dakshina Kannada,Karnataka,Delivery,Mangaluru Division,South Karnataka Region,Karnataka Circle
576111,Belmannu S.O,KA-Udupi,KA,Udupi,Karnataka,Delivery,Mangaluru Division,South Karnataka Region,Karnataka Circle
575003,District Courts S.O (Dakshina Kannada),KA-Dakshina Kannada,KA,Dakshina Kannada,Karnataka,Non Delivery,Mangaluru Division,South Karnataka Region,Karnataka Circle
575001,Hampankatta S.O,KA-Dakshina Kannada,KA,Dakshina Kannada,Karnataka,Non Delivery,Mangaluru Division,South Karnataka Region,Karnataka Circle
575002,Kankanady S.O,KA-Dakshina Kannada,KA,Dakshina Kannada,Karnataka,Delivery,Mangaluru Division,South Karnataka Region,Karnataka Circle
574154,Karnad S.O,KA-Dakshina Kannada,KA,Dakshina Kannada,Karnataka,Non Delivery,Mangaluru Division,South Karnataka Region,Karnataka Circle
574154,Mulki S.O,KA-Dakshina Kannada,KA,Dakshina Kannada,Karnataka,Delivery,Mangaluru Division,South Karnataka Region,Karnataka Circle
570004,Chamundi Extension S.O,KA-Mysuru,KA,Mysuru,Karnataka,Non Delivery,Mysuru Division,South Karnataka Region,Karnataka Circle
570006,Manasagangothri S.O,KA-Mysuru,KA,Mysuru,Karnataka,Delivery,Mysuru Division,South Karnataka Region,Karnataka Circle
571102,Bettadapura S.O,KA-Mysuru,KA,Mysuru,Karnataka,Delivery,Mysuru Division,South Karnataka Region,Karnataka Circle
571617,Chunchunakatte S.O,KA-Mysuru,KA,Mysuru,Karnataka,Delivery,Mysuru Division,South Karnataka Region,Karnataka Circle
571610,Gavadagere S.O,KA-Mysuru,KA,Mysuru,Karnataka,Delivery,Mysuru Division,South Karnataka Region,Karnataka Circle
571311,Kadakola S.O,KA-Mysuru,KA,Mysuru,Karnataka,Delivery,Mysuru Division,South Karnataka Region,Karnataka Circle
570023,Kuvempunagar II Stage S.O,KA-Mysuru,KA,Mysuru,Karnataka,Non Delivery,Mysuru Division,South Karnataka Region,Karnataka Circle
570022,Ramakrishna Nagar S.O (Mysuru),KA-Mysuru,KA,Mysuru,Karnataka,Delivery,Mysuru Division,South Karnataka Region,Karnataka Circle
571121,Sargur S.O,KA-Mysuru,KA,Mysuru,Karnataka,Delivery,Mysuru Division,South Karnataka Region,Karnataka Circle
570034,Sri Rampura 2nd Stage S.O,KA-Mysuru,KA,Mysuru,Karnataka,Delivery,Mysuru Division,South Karnataka Region,Karnataka Circle
571130,Yelwal S.O,KA-Mysuru,KA,Mysuru,Karnataka,Delivery,Mysuru Division,South Karnataka Region,Karnataka Circle
571313,Chamarajanagara S.O,KA-Chamarajanagara,KA,Chamarajanagara,Karnataka,Delivery,Nanjangud Division,South Karnataka Region,Karnataka Circle
571442,Mamballi S.O,KA-Chamarajanagara,KA,Chamarajanagara,Karnataka,Delivery,Nanjangud Division,South Karnataka Region,Karnataka Circle
571124,T Narasipura S.O,KA-Mysuru,KA,Mysuru,Karnataka,Delivery,Nanjangud Division,South Karnataka Region,Karnataka Circle
571457,Tibetan Settlement S.O,KA-Chamarajanagara,KA,Chamarajanagara,Karnataka,Delivery,Nanjangud Division,South Karnataka Region,Karnataka Circle
571313,Zilla Adalitha Bhavan S.O,KA-Chamarajanagara,KA,Chamarajanagara,Karnataka,Non Delivery,Nanjangud Division,South Karnataka Region,Karnataka Circle
571314,Hullahalli S.O,KA-Mysuru,KA,Mysuru,Karnataka,Delivery,Nanjangud Division,South Karnataka Region,Karnataka Circle
571315,Hura S.O (Mysuru),KA-Mysuru,KA,Mysuru,Karnataka,Delivery,Nanjangud Division,South Karnataka Region,Karnataka Circle
571312,Kavalande S.O,KA-Mysuru,KA,Mysuru,Karnataka,Delivery,Nanjangud Division,South Karnataka Region,Karnataka Circle
571123,Tirukanambi S.O,KA-Chamarajanagara,KA,Chamarajanagara,Karnataka,Delivery,Nanjangud Division,South Karnataka Region,Karnataka Circle
576112,Hebri S.O,KA-Udupi,KA,Udupi,Karnataka,Delivery,Puttur Division,South Karnataka Region,Karnataka Circle
574104,Karkala West S.O,KA-Udupi,KA,Udupi,Karnataka,Non Delivery,Puttur Division,South Karnataka Region,Karnataka Circle
574197,Kodangallu S.O,KA-Dakshina Kannada,KA,Dakshina Kannada,Karnataka,Delivery,Puttur Division,South Karnataka Region,Karnataka Circle
574107,Miyar S.O,KA-Udupi,KA,Udupi,Karnataka,Delivery,Puttur Division,South Karnataka Region,Karnataka Circle
574227,Moodbidri S.O,KA-Dakshina Kannada,KA,Dakshina Kannada,Karnataka,Delivery,Puttur Division,South Karnataka Region,Karnataka Circle
574227,Vidyagiri (Moodbidri) S.O,KA-Dakshina Kannada,KA,Dakshina Kannada,Karnataka,Non Delivery,Puttur Division,South Karnataka Region,Karnataka Circle
574260,Adyanadka S.O,KA-Dakshina Kannada,KA,Dakshina Kannada,Karnataka,Delivery,Puttur Division,South Karnataka Region,Karnataka Circle
574201,Court Hill(Puttur) S.O,KA-Dakshina Kannada,KA,Dakshina Kannada,Karnataka,Non Delivery,Puttur Division,South Karnataka Region,Karnataka Circle
574222,Kalladka S.O,KA-Dakshina Kannada,KA,Dakshina Kannada,Karnataka,Delivery,Puttur Division,South Karnataka Region,Karnataka Circle
574326,Kalleri S.O,KA-Dakshina Kannada,KA,Dakshina Kannada,Karnataka,Delivery,Puttur Division,South Karnataka Region,Karnataka Circle
574328,Kaniyur(Puttur) S.O,KA-Dakshina Kannada,KA,Dakshina Kannada,Karnataka,Delivery,Puttur Division,South Karnataka Region,Karnataka Circle
574223,Kav S.O,KA-Dakshina Kannada,KA,Dakshina Kannada,Karnataka,Delivery,Puttur Division,South Karnataka Region,Karnataka Circle
574233,Punjalkatte S.O,KA-Dakshina Kannada,KA,Dakshina Kannada,Karnataka,Delivery,Puttur Division,South Karnataka Region,Karnataka Circle
574235,Sathya Sai Vihar S.O,KA-Dakshina Kannada,KA,Dakshina Kannada,Karnataka,Delivery,Puttur Division,South Karnataka Region,Karnataka Circle
574243,Vittal S.O,KA-Dakshina Kannada,KA,Dakshina Kannada,Karnataka,Delivery,Puttur Division,South Karnataka Region,Karnataka Circle
577245,Barandur S.O,KA-Shivamogga,KA,Shivamogga,Karnataka,Delivery,Shivamogga Division,South Karnataka Region,Karnataka Circle
577115,Bhadra Reservoir Project S.O,KA-Shivamogga,KA,Shivamogga,Karnataka,Delivery,Shivamogga Division,South Karnataka Region,Karnataka Circle
577301,Bhadravathi Hudco Colony S.O,KA-Shivamogga,KA,Shivamogga,Karnataka,Non Delivery,Shivamogga Division,South Karnataka Region,Karnataka Circle
577301,Bhadravathi Old Town S.O,KA-Shivamogga,KA,Shivamogga,Karnataka,Non Delivery,Shivamogga Division,South Karnataka Region,Karnataka Circle
577229,Kawalgundi S.O,KA-Shivamogga,KA,Shivamogga,Karnataka,Delivery,Shivamogga Division,South Karnataka Region,Karnataka Circle
577218,Kerebilichi S.O,KA-Davangere,KA,Davangere,Karnataka,Delivery,DAVANAGERE DIVISION,South Karnataka Region,Karnataka Circle
577233,Kudligere S.O,KA-Shivamogga,KA,Shivamogga,Karnataka,Delivery,Shivamogga Division,South Karnataka Region,Karnataka Circle
577451,KVV Shankaraghattta S.O,KA-Shivamogga,KA,Shivamogga,Karnataka,Delivery,Shivamogga Division,South Karnataka Region,Karnataka Circle
577224,Sasvehalli S.O,KA-Davangere,KA,Davangere,Karnataka,Delivery,DAVANAGERE DIVISION,South Karnataka Region,Karnataka Circle
577544,Thyavanige S.O,KA-Davangere,KA,Davangere,Karnataka,Delivery,DAVANAGERE DIVISION,South Karnataka Region,Karnataka Circle
577417,Honnesara S.O,KA-Shivamogga,KA,Shivamogga,Karnataka,Delivery,Shivamogga Division,South Karnataka Region,Karnataka Circle
577421,Kargal Colony S.O,KA-Shivamogga,KA,Shivamogga,Karnataka,Delivery,Shivamogga Division,South Karnataka Region,Karnataka Circle
577423,Kumsi S.O,KA-Shivamogga,KA,Shivamogga,Karnataka,Delivery,Shivamogga Division,South Karnataka Region,Karnataka Circle
577425,Nagara Shimoga SO,KA-Shivamogga,KA,Shivamogga,Karnataka,Delivery,Shivamogga Division,South Karnataka Region,Karnataka Circle
577428,Shiralakoppa S.O,KA-Shivamogga,KA,Shivamogga,Karnataka,Delivery,Shivamogga Division,South Karnataka Region,Karnataka Circle
577429,Sorab S.O,KA-Shivamogga,KA,Shivamogga,Karnataka,Delivery,Shivamogga Division,South Karnataka Region,Karnataka Circle
577211,Ayanur S.O,KA-Shivamogga,KA,Shivamogga,Karnataka,Delivery,Shivamogga Division,South Karnataka Region,Karnataka Circle
577232,Bejjavalli S.O,KA-Shivamogga,KA,Shivamogga,Karnataka,Delivery,Shivamogga Division,South Karnataka Region,Karnataka Circle
577424,Megaravalli S.O,KA-Shivamogga,KA,Shivamogga,Karnataka,Delivery,Shivamogga Division,South Karnataka Region,Karnataka Circle
577203,Vidyanagar Shivamogga S.O,KA-Shivamogga,KA,Shivamogga,Karnataka,Delivery,Shivamogga Division,South Karnataka Region,Karnataka Circle
572117,Chelur S.O (Tumakuru),KA-Tumakuru,KA,Tumakuru,Karnataka,Delivery,Tumakuru Division,South Karnataka Region,Karnataka Circle
572216,Gubbi S.O,KA-Tumakuru,KA,Tumakuru,Karnataka,Delivery,Tumakuru Division,South Karnataka Region,Karnataka Circle
572217,Honnavalli S.O,KA-Tumakuru,KA,Tumakuru,Karnataka,Delivery,Tumakuru Division,South Karnataka Region,Karnataka Circle
572201,K R Extn Tiptur S.O,KA-Tumakuru,KA,Tumakuru,Karnataka,Non Delivery,Tumakuru Division,South Karnataka Region,Karnataka Circle
572115,Bukkapatna S.O,KA-Tumakuru,KA,Tumakuru,Karnataka,Delivery,Tumakuru Division,South Karnataka Region,Karnataka Circle
572122,Honnudike S.O,KA-Tumakuru,KA,Tumakuru,Karnataka,Delivery,Tumakuru Division,South Karnataka Region,Karnataka Circle
572124,Ittakadibbanahalli S.O,KA-Tumakuru,KA,Tumakuru,Karnataka,Delivery,Tumakuru Division,South Karnataka Region,Karnataka Circle
572127,Kodigenahalli S.O,KA-Tumakuru,KA,Tumakuru,Karnataka,Delivery,Tumakuru Division,South Karnataka Region,Karnataka Circle
572129,Koratagere S.O,KA-Tumakuru,KA,Tumakuru,Karnataka,Delivery,Tumakuru Division,South Karnataka Region,Karnataka Circle
572101,Western Extn S.O,KA-Tumakuru,KA,Tumakuru,Karnataka,Non Delivery,Tumakuru Division,South Karnataka Region,Karnataka Circle
572168,Hirehalli S.O,KA-Tumakuru,KA,Tumakuru,Karnataka,Delivery,Tumakuru Division,South Karnataka Region,Karnataka Circle
576247,Gujjadi SO,KA-Udupi,KA,Udupi,Karnataka,Delivery,Udupi Division,South Karnataka Region,Karnataka Circle
576217,Hanglur SO,KA-Udupi,KA,Udupi,Karnataka,Delivery,Udupi Division,South Karnataka Region,Karnataka Circle
576257,Kumbhashi SO,KA-Udupi,KA,Udupi,Karnataka,Delivery,Udupi Division,South Karnataka Region,Karnataka Circle
576227,Shankaranarayana SO,KA-Udupi,KA,Udupi,Karnataka,Delivery,Udupi Division,South Karnataka Region,Karnataka Circle
576231,Tekkatte SO,KA-Udupi,KA,Udupi,Karnataka,Delivery,Udupi Division,South Karnataka Region,Karnataka Circle
576210,Barkur SO,KA-Udupi,KA,Udupi,Karnataka,Delivery,Udupi Division,South Karnataka Region,Karnataka Circle
576215,Cherkadi SO,KA-Udupi,KA,Udupi,Karnataka,Delivery,Udupi Division,South Karnataka Region,Karnataka Circle
576113,Hiriadka SO,KA-Udupi,KA,Udupi,Karnataka,Delivery,Udupi Division,South Karnataka Region,Karnataka Circle
576218,Hungarcutta SO,KA-Udupi,KA,Udupi,Karnataka,Delivery,Udupi Division,South Karnataka Region,Karnataka Circle
576234,Kokkarne SO,KA-Udupi,KA,Udupi,Karnataka,Delivery,Udupi Division,South Karnataka Region,Karnataka Circle
688506,Kavalam SO,KL-Alappuzha,KL,Alappuzha,Kerala,Delivery,Alleppey Division,Kochi Region,Kerala Circle
688503,Moncombu Thekkekara SO,KL-Alappuzha,KL,Alappuzha,Kerala,Delivery,Alleppey Division,Kochi Region,Kerala Circle
688524,Cherthala Cutcherry SO,KL-Alappuzha,KL,Alappuzha,Kerala,Non Delivery,Alleppey Division,Kochi Region,Kerala Circle
688540,Thirumalabhagom SO,KL-Alappuzha,KL,Alappuzha,Kerala,Delivery,Alleppey Division,Kochi Region,Kerala Circle
688536,Vayalar SO,KL-Alappuzha,KL,Alappuzha,Kerala,Delivery,Alleppey Division,Kochi Region,Kerala Circle
683511,Alangad SO,KL-Ernakulam,KL,Ernakulam,Kerala,Delivery,Alwaye Division,Kochi Region,Kerala Circle
683101,Aluva Town Bus Stand SO,KL-Ernakulam,KL,Ernakulam,Kerala,Non Delivery,Alwaye Division,Kochi Region,Kerala Circle
683112,Erumathala SO,KL-Ernakulam,KL,Ernakulam,Kerala,Delivery,Alwaye Division,Kochi Region,Kerala Circle
683587,Malayattoor SO,KL-Ernakulam,KL,Ernakulam,Kerala,Delivery,Alwaye Division,Kochi Region,Kerala Circle
683577,Mookkannur SO,KL-Ernakulam,KL,Ernakulam,Kerala,Delivery,Alwaye Division,Kochi Region,Kerala Circle
683516,Moothakunnam SO,KL-Ernakulam,KL,Ernakulam,Kerala,Delivery,Alwaye Division,Kochi Region,Kerala Circle
682316,Kunnackal SO,KL-Ernakulam,KL,Ernakulam,Kerala,Delivery,Alwaye Division,Kochi Region,Kerala Circle
686673,Muvattupuzha Market SO,KL-Ernakulam,KL,Ernakulam,Kerala,Delivery,Alwaye Division,Kochi Region,Kerala Circle
686666,Kothamangalam College SO,KL-Ernakulam,KL,Ernakulam,Kerala,Delivery,Alwaye Division,Kochi Region,Kerala Circle
683550,Okkal SO,KL-Ernakulam,KL,Ernakulam,Kerala,Delivery,Alwaye Division,Kochi Region,Kerala Circle
683548,Iringole SO,KL-Ernakulam,KL,Ernakulam,Kerala,Delivery,Alwaye Division,Kochi Region,Kerala Circle
686101,Changanacherry Market SO,KL-Kottayam,KL,Kottayam,Kerala,Non Delivery,Changanacherry Division,Kochi Region,Kerala Circle
686105,Thrickodithanam SO,KL-Kottayam,KL,Kottayam,Kerala,Delivery,Changanacherry Division,Kochi Region,Kerala Circle
686503,Anikad SO,KL-Kottayam,KL,Kottayam,Kerala,Delivery,Changanacherry Division,Kochi Region,Kerala Circle
686509,Erumely SO,KL-Kottayam,KL,Kottayam,Kerala,Delivery,Changanacherry Division,Kochi Region,Kerala Circle
686508,Kalaketty SO,KL-Kottayam,KL,Kottayam,Kerala,Delivery,Changanacherry Division,Kochi Region,Kerala Circle
686502,Pampady SO,KL-Kottayam,KL,Kottayam,Kerala,Delivery,Changanacherry Division,Kochi Region,Kerala Circle
686521,Pampady South SO,KL-Kottayam,KL,Kottayam,Kerala,Delivery,Changanacherry Division,Kochi Region,Kerala Circle
686512,Parathode SO Kottayam,KL-Kottayam,KL,Kottayam,Kerala,Delivery,Changanacherry Division,Kochi Region,Kerala Circle
686501,Velloor SO,KL-Kottayam,KL,Kottayam,Kerala,Delivery,Changanacherry Division,Kochi Region,Kerala Circle
682051,Kochi Parcel Centre PO,KL-Ernakulam,KL,Ernakulam,Kerala,Delivery,Ernakulam Division,Kochi Region,Kerala Circle
682033,Changampuzha Nagar SO,KL-Ernakulam,KL,Ernakulam,Kerala,Delivery,Ernakulam Division,Kochi Region,Kerala Circle
682034,Cheranallur SO,KL-Ernakulam,KL,Ernakulam,Kerala,Delivery,Ernakulam Division,Kochi Region,Kerala Circle
682037,Cochin Special Economic Zone SO,KL-Ernakulam,KL,Ernakulam,Kerala,Delivery,Ernakulam Division,Kochi Region,Kerala Circle
682018,Ernakulam North SO,KL-Ernakulam,KL,Ernakulam,Kerala,Delivery,Ernakulam Division,Kochi Region,Kerala Circle
682016,Kochi MGRoad SO,KL-Ernakulam,KL,Ernakulam,Kerala,Delivery,Ernakulam Division,Kochi Region,Kerala Circle
682506,Panangad SO Ernakulam,KL-Ernakulam,KL,Ernakulam,Kerala,Delivery,Ernakulam Division,Kochi Region,Kerala Circle
682038,Poonithura SO,KL-Ernakulam,KL,Ernakulam,Kerala,Delivery,Ernakulam Division,Kochi Region,Kerala Circle
682308,Puthencruz SO,KL-Ernakulam,KL,Ernakulam,Kerala,Delivery,Ernakulam Division,Kochi Region,Kerala Circle
682039,Rajagiri Valley SO,KL-Ernakulam,KL,Ernakulam,Kerala,Delivery,Ernakulam Division,Kochi Region,Kerala Circle
682032,Thammanam SO,KL-Ernakulam,KL,Ernakulam,Kerala,Delivery,Ernakulam Division,Kochi Region,Kerala Circle
682305,Thiruvamkulam SO,KL-Ernakulam,KL,Ernakulam,Kerala,Delivery,Ernakulam Division,Kochi Region,Kerala Circle
682301,Tripunithura Fort SO,KL-Ernakulam,KL,Ernakulam,Kerala,Non Delivery,Ernakulam Division,Kochi Region,Kerala Circle
682317,KULAYATTIKKARA,KL-Ernakulam,KL,Ernakulam,Kerala,Delivery,Ernakulam Division,Kochi Region,Kerala Circle
682507,Mundamveli SO,KL-Ernakulam,KL,Ernakulam,Kerala,Delivery,Ernakulam Division,Kochi Region,Kerala Circle
682505,Narakkal SO,KL-Ernakulam,KL,Ernakulam,Kerala,Delivery,Ernakulam Division,Kochi Region,Kerala Circle
682009,North End SO,KL-Ernakulam,KL,Ernakulam,Kerala,Delivery,Ernakulam Division,Kochi Region,Kerala Circle
682003,Willingdon Island SO,KL-Ernakulam,KL,Ernakulam,Kerala,Delivery,Ernakulam Division,Kochi Region,Kerala Circle
682554,Chetlat S.O,LD-Lakshadweep District,LD,Lakshadweep District,Lakshadweep,Delivery,Lakshadweep Division,Kochi Region,Kerala Circle
685606,Kanjikuzhi  Idukki SO,KL-Idukki,KL,Idukki,Kerala,Delivery,Idukki Division,Kochi Region,Kerala Circle
685535,Viswanathapuram SO,KL-Idukki,KL,Idukki,Kerala,Delivery,Idukki Division,Kochi Region,Kerala Circle
685531,Peermade SO,KL-Idukki,KL,Idukki,Kerala,Delivery,Idukki Division,Kochi Region,Kerala Circle
685533,Vandiperiyar SO,KL-Idukki,KL,Idukki,Kerala,Delivery,Idukki Division,Kochi Region,Kerala Circle
685615,Ellapatti SO,KL-Idukki,KL,Idukki,Kerala,Delivery,Idukki Division,Kochi Region,Kerala Circle
685562,Kallarkutty SO,KL-Idukki,KL,Idukki,Kerala,Delivery,Idukki Division,Kochi Region,Kerala Circle
685590,Kudayathur SO,KL-Idukki,KL,Idukki,Kerala,Delivery,Idukki Division,Kochi Region,Kerala Circle
685612,Munnar SO,KL-Idukki,KL,Idukki,Kerala,Delivery,Idukki Division,Kochi Region,Kerala Circle
685618,Surianalle SO,KL-Idukki,KL,Idukki,Kerala,Delivery,Idukki Division,Kochi Region,Kerala Circle
685584,Thodupuzha West SO,KL-Idukki,KL,Idukki,Kerala,Non Delivery,Idukki Division,Kochi Region,Kerala Circle
685595,Udumbannur SO,KL-Idukki,KL,Idukki,Kerala,Delivery,Idukki Division,Kochi Region,Kerala Circle
680302,Alagappanagar SO,KL-Thrissur,KL,Thrissur,Kerala,Delivery,Irinjalakuda Division,Kochi Region,Kerala Circle
680741,Annamanada SO,KL-Thrissur,KL,Thrissur,Kerala,Delivery,Irinjalakuda Division,Kochi Region,Kerala Circle
680307,Chalakudi Town SO,KL-Thrissur,KL,Thrissur,Kerala,Non Delivery,Irinjalakuda Division,Kochi Region,Kerala Circle
680311,Melur SO Thrissur,KL-Thrissur,KL,Thrissur,Kerala,Delivery,Irinjalakuda Division,Kochi Region,Kerala Circle
680310,Parappukkara SO,KL-Thrissur,KL,Thrissur,Kerala,Delivery,Irinjalakuda Division,Kochi Region,Kerala Circle
680733,Poyya SO,KL-Thrissur,KL,Thrissur,Kerala,Delivery,Irinjalakuda Division,Kochi Region,Kerala Circle
680671,Edavilangu SO,KL-Thrissur,KL,Thrissur,Kerala,Delivery,Irinjalakuda Division,Kochi Region,Kerala Circle
680670,Karupadanna SO,KL-Thrissur,KL,Thrissur,Kerala,Delivery,Irinjalakuda Division,Kochi Region,Kerala Circle
680702,Kattoor SO,KL-Thrissur,KL,Thrissur,Kerala,Delivery,Irinjalakuda Division,Kochi Region,Kerala Circle
680686,Perinjanam SO,KL-Thrissur,KL,Thrissur,Kerala,Delivery,Irinjalakuda Division,Kochi Region,Kerala Circle
680701,Thanissery SO,KL-Thrissur,KL,Thrissur,Kerala,Delivery,Irinjalakuda Division,Kochi Region,Kerala Circle
680697,Thazhekkad SO,KL-Thrissur,KL,Thrissur,Kerala,Delivery,Irinjalakuda Division,Kochi Region,Kerala Circle
680562,Urakam SO,KL-Thrissur,KL,Thrissur,Kerala,Delivery,Irinjalakuda Division,Kochi Region,Kerala Circle
686562,Athirampuzha SO,KL-Kottayam,KL,Kottayam,Kerala,Delivery,Kottayam Division,Kochi Region,Kerala Circle
686020,Kiliroor North SO,KL-Kottayam,KL,Kottayam,Kerala,Delivery,Kottayam Division,Kochi Region,Kerala Circle
686563,Kumarakom SO,KL-Kottayam,KL,Kottayam,Kerala,Delivery,Kottayam Division,Kochi Region,Kerala Circle
686016,Kumaranalloor SO,KL-Kottayam,KL,Kottayam,Kerala,Delivery,Kottayam Division,Kochi Region,Kerala Circle
686018,Manganam SO,KL-Kottayam,KL,Kottayam,Kerala,Delivery,Kottayam Division,Kochi Region,Kerala Circle
686013,Nattakom SO,KL-Kottayam,KL,Kottayam,Kerala,Delivery,Kottayam Division,Kochi Region,Kerala Circle
686637,Peroor SO,KL-Kottayam,KL,Kottayam,Kerala,Delivery,Kottayam Division,Kochi Region,Kerala Circle
686011,Puthupalli SO,KL-Kottayam,KL,Kottayam,Kerala,Delivery,Kottayam Division,Kochi Region,Kerala Circle
686121,Erattupetta SO,KL-Kottayam,KL,Kottayam,Kerala,Delivery,Kottayam Division,Kochi Region,Kerala Circle
686652,Melukavumattom SO,KL-Kottayam,KL,Kottayam,Kerala,Delivery,Kottayam Division,Kochi Region,Kerala Circle
686575,Pala Town SO,KL-Kottayam,KL,Kottayam,Kerala,Non Delivery,Kottayam Division,Kochi Region,Kerala Circle
686579,Plassanal SO,KL-Kottayam,KL,Kottayam,Kerala,Delivery,Kottayam Division,Kochi Region,Kerala Circle
686581,Poonjar SO,KL-Kottayam,KL,Kottayam,Kerala,Delivery,Kottayam Division,Kochi Region,Kerala Circle
686573,Puliyannoor SO,KL-Kottayam,KL,Kottayam,Kerala,Delivery,Kottayam Division,Kochi Region,Kerala Circle
686580,Teekoy SO,KL-Kottayam,KL,Kottayam,Kerala,Delivery,Kottayam Division,Kochi Region,Kerala Circle
686608,Kulasekharamangalam SO,KL-Kottayam,KL,Kottayam,Kerala,Delivery,Kottayam Division,Kochi Region,Kerala Circle
686613,Muttuchira SO,KL-Kottayam,KL,Kottayam,Kerala,Delivery,Kottayam Division,Kochi Region,Kerala Circle
686605,Thalayolaparambu SO,KL-Kottayam,KL,Kottayam,Kerala,Delivery,Kottayam Division,Kochi Region,Kerala Circle
686143,Udayanapuram SO,KL-Kottayam,KL,Kottayam,Kerala,Delivery,Kottayam Division,Kochi Region,Kerala Circle
690507,Cheppaud SO,KL-Alappuzha,KL,Alappuzha,Kerala,Delivery,Mavelikara Division,Kochi Region,Kerala Circle
690508,Keerikad SO,KL-Alappuzha,KL,Alappuzha,Kerala,Delivery,Mavelikara Division,Kochi Region,Kerala Circle
690511,Muttomalleppey SO,KL-Alappuzha,KL,Alappuzha,Kerala,Delivery,Mavelikara Division,Kochi Region,Kerala Circle
690513,Nangiarkulangara SO,KL-Alappuzha,KL,Alappuzha,Kerala,Delivery,Mavelikara Division,Kochi Region,Kerala Circle
690529,Padanilam SO,KL-Alappuzha,KL,Alappuzha,Kerala,Delivery,Mavelikara Division,Kochi Region,Kerala Circle
690512,Pallipad SO,KL-Alappuzha,KL,Alappuzha,Kerala,Delivery,Mavelikara Division,Kochi Region,Kerala Circle
690515,Thrikkunnapuzha SO,KL-Alappuzha,KL,Alappuzha,Kerala,Delivery,Mavelikara Division,Kochi Region,Kerala Circle
690509,Kollakadavu SO,KL-Alappuzha,KL,Alappuzha,Kerala,Delivery,Mavelikara Division,Kochi Region,Kerala Circle
690108,Kunnam SO Alappuzha,KL-Alappuzha,KL,Alappuzha,Kerala,Delivery,Mavelikara Division,Kochi Region,Kerala Circle
690101,Mavelikara Cutcherry SO,KL-Alappuzha,KL,Alappuzha,Kerala,Non Delivery,Mavelikara Division,Kochi Region,Kerala Circle
689505,Mulakuzha SO,KL-Alappuzha,KL,Alappuzha,Kerala,Delivery,Mavelikara Division,Kochi Region,Kerala Circle
689520,Pennukkara SO,KL-Alappuzha,KL,Alappuzha,Kerala,Delivery,Mavelikara Division,Kochi Region,Kerala Circle
690102,Thazhakara SO,KL-Alappuzha,KL,Alappuzha,Kerala,Delivery,Mavelikara Division,Kochi Region,Kerala Circle
680101,Guruvayur Temple SO,KL-Thrissur,KL,Thrissur,Kerala,Non Delivery,Trichur Division,Kochi Region,Kerala Circle
680519,Karikkad SO,KL-Thrissur,KL,Thrissur,Kerala,Delivery,Trichur Division,Kochi Region,Kerala Circle
680523,Kizhur SO,KL-Thrissur,KL,Thrissur,Kerala,Delivery,Trichur Division,Kochi Region,Kerala Circle
680104,Thaikkad SO,KL-Thrissur,KL,Thrissur,Kerala,Delivery,Trichur Division,Kochi Region,Kerala Circle
680555,Amalanagar SO,KL-Thrissur,KL,Thrissur,Kerala,Delivery,Trichur Division,Kochi Region,Kerala Circle
680003,Ayyanthole SO,KL-Thrissur,KL,Thrissur,Kerala,Delivery,Trichur Division,Kochi Region,Kerala Circle
680611,Elthuruth SO,KL-Thrissur,KL,Thrissur,Kerala,Delivery,Trichur Division,Kochi Region,Kerala Circle
680613,Kandassankadavu SO,KL-Thrissur,KL,Thrissur,Kerala,Delivery,Trichur Division,Kochi Region,Kerala Circle
680541,MundurTC SO,KL-Thrissur,KL,Thrissur,Kerala,Delivery,Trichur Division,Kochi Region,Kerala Circle
680655,Ollukkara SO,KL-Thrissur,KL,Thrissur,Kerala,Delivery,Trichur Division,Kochi Region,Kerala Circle
680004,Poothole SO,KL-Thrissur,KL,Thrissur,Kerala,Delivery,Trichur Division,Kochi Region,Kerala Circle
680001,Thrissur Central SO,KL-Thrissur,KL,Thrissur,Kerala,Non Delivery,Trichur Division,Kochi Region,Kerala Circle
680010,Viyyur SO,KL-Thrissur,KL,Thrissur,Kerala,Delivery,Trichur Division,Kochi Region,Kerala Circle
680587,Pazhayannur SO,KL-Thrissur,KL,Thrissur,Kerala,Delivery,Trichur Division,Kochi Region,Kerala Circle
691553,Kadambanad South SO,KL-Pathanamthitta,KL,Pathanamthitta,Kerala,Delivery,Pathanamthitta Division,DivReportingCircle,Kerala Circle
690540,Kunnathur East SO,KL-Kollam,KL,Kollam,Kerala,Delivery,Pathanamthitta Division,DivReportingCircle,Kerala Circle
691551,Manakala SO,KL-Pathanamthitta,KL,Pathanamthitta,Kerala,Delivery,Pathanamthitta Division,DivReportingCircle,Kerala Circle
691556,Nedumon SO,KL-Pathanamthitta,KL,Pathanamthitta,Kerala,Delivery,Pathanamthitta Division,DivReportingCircle,Kerala Circle
689501,Pandalam SO Pathanamthitta,KL-Pathanamthitta,KL,Pathanamthitta,Kerala,Delivery,Pathanamthitta Division,DivReportingCircle,Kerala Circle
690521,Sasthamcottah SO,KL-Kollam,KL,Kollam,Kerala,Delivery,Pathanamthitta Division,DivReportingCircle,Kerala Circle
689674,Angadi SO Pathanamthitta,KL-Pathanamthitta,KL,Pathanamthitta,Kerala,Delivery,Pathanamthitta Division,DivReportingCircle,Kerala Circle
689650,Cherukole Kozhencherri SO,KL-Pathanamthitta,KL,Pathanamthitta,Kerala,Delivery,Pathanamthitta Division,DivReportingCircle,Kerala Circle
689663,Chittar SO,KL-Pathanamthitta,KL,Pathanamthitta,Kerala,Delivery,Pathanamthitta Division,DivReportingCircle,Kerala Circle
689668,Churulicode SO,KL-Pathanamthitta,KL,Pathanamthitta,Kerala,Delivery,Pathanamthitta Division,DivReportingCircle,Kerala Circle
689661,Kumpalampoika SO,KL-Pathanamthitta,KL,Pathanamthitta,Kerala,Delivery,Pathanamthitta Division,DivReportingCircle,Kerala Circle
689664,Malayalapuzha Eram SO,KL-Pathanamthitta,KL,Pathanamthitta,Kerala,Delivery,Pathanamthitta Division,DivReportingCircle,Kerala Circle
689671,Mylapra SO,KL-Pathanamthitta,KL,Pathanamthitta,Kerala,Delivery,Pathanamthitta Division,DivReportingCircle,Kerala Circle
689678,Mylapra Town SO,KL-Pathanamthitta,KL,Pathanamthitta,Kerala,Delivery,Pathanamthitta Division,DivReportingCircle,Kerala Circle
689642,Naranganam SO,KL-Pathanamthitta,KL,Pathanamthitta,Kerala,Delivery,Pathanamthitta Division,DivReportingCircle,Kerala Circle
689513,Nariapuram SO,KL-Pathanamthitta,KL,Pathanamthitta,Kerala,Delivery,Pathanamthitta Division,DivReportingCircle,Kerala Circle
689673,Rannypazhavangadi SO,KL-Pathanamthitta,KL,Pathanamthitta,Kerala,Delivery,Pathanamthitta Division,DivReportingCircle,Kerala Circle
689699,Thannithode SO,KL-Pathanamthitta,KL,Pathanamthitta,Kerala,Delivery,Pathanamthitta Division,DivReportingCircle,Kerala Circle
689656,Vallicode Kottayam SO,KL-Pathanamthitta,KL,Pathanamthitta,Kerala,Delivery,Pathanamthitta Division,DivReportingCircle,Kerala Circle
691307,Edamon SO,KL-Kollam,KL,Kollam,Kerala,Delivery,Pathanamthitta Division,DivReportingCircle,Kerala Circle
691312,Eroor SO Kollam,KL-Kollam,KL,Kollam,Kerala,Delivery,Pathanamthitta Division,DivReportingCircle,Kerala Circle
689695,Manchallur Pathanapuram SO,KL-Kollam,KL,Kollam,Kerala,Non Delivery,Pathanamthitta Division,DivReportingCircle,Kerala Circle
691522,Pattazhy SO,KL-Kollam,KL,Kollam,Kerala,Delivery,Pathanamthitta Division,DivReportingCircle,Kerala Circle
689696,Piravanthur SO,KL-Kollam,KL,Kollam,Kerala,Delivery,Pathanamthitta Division,DivReportingCircle,Kerala Circle
691583,Chavara SO,KL-Kollam,KL,Kollam,Kerala,Delivery,Quilon Division,DivReportingCircle,Kerala Circle
690574,Manappally North SO,KL-Kollam,KL,Kollam,Kerala,Delivery,Quilon Division,DivReportingCircle,Kerala Circle
690539,S R P Market SO,KL-Kollam,KL,Kollam,Kerala,Delivery,Quilon Division,DivReportingCircle,Kerala Circle
690523,Thazhava SO,KL-Kollam,KL,Kollam,Kerala,Delivery,Quilon Division,DivReportingCircle,Kerala Circle
690536,Vadakkumthala East SO,KL-Kollam,KL,Kollam,Kerala,Delivery,Quilon Division,DivReportingCircle,Kerala Circle
691502,East Kallada SO,KL-Kollam,KL,Kollam,Kerala,Delivery,Quilon Division,DivReportingCircle,Kerala Circle
691008,Kadappakada SO,KL-Kollam,KL,Kollam,Kerala,Delivery,Quilon Division,DivReportingCircle,Kerala Circle
691576,Kannanallur SO,KL-Kollam,KL,Kollam,Kerala,Delivery,Quilon Division,DivReportingCircle,Kerala Circle
691001,Kollam Cantonment SO,KL-Kollam,KL,Kollam,Kerala,Non Delivery,Quilon Division,DivReportingCircle,Kerala Circle
691571,Kottiyam SO,KL-Kollam,KL,Kollam,Kerala,Delivery,Quilon Division,DivReportingCircle,Kerala Circle
691501,Kundara SO,KL-Kollam,KL,Kollam,Kerala,Delivery,Quilon Division,DivReportingCircle,Kerala Circle
691021,Pattathanam SO,KL-Kollam,KL,Kollam,Kerala,Delivery,Quilon Division,DivReportingCircle,Kerala Circle
691020,Thattamala SO,KL-Kollam,KL,Kollam,Kerala,Delivery,Quilon Division,DivReportingCircle,Kerala Circle
691010,Vadakkevila SO,KL-Kollam,KL,Kollam,Kerala,Delivery,Quilon Division,DivReportingCircle,Kerala Circle
691534,Chadayamangalam SO,KL-Kollam,KL,Kollam,Kerala,Delivery,Quilon Division,DivReportingCircle,Kerala Circle
691527,Nellikunnam SO,KL-Kollam,KL,Kollam,Kerala,Delivery,Quilon Division,DivReportingCircle,Kerala Circle
689615,Kottanad SO,KL-Pathanamthitta,KL,Pathanamthitta,Kerala,Delivery,Tiruvalla Division,DivReportingCircle,Kerala Circle
689614,Kottathoor SO,KL-Pathanamthitta,KL,Pathanamthitta,Kerala,Delivery,Tiruvalla Division,DivReportingCircle,Kerala Circle
689550,Kuriannoor SO,KL-Pathanamthitta,KL,Pathanamthitta,Kerala,Delivery,Tiruvalla Division,DivReportingCircle,Kerala Circle
689549,Maramon SO,KL-Pathanamthitta,KL,Pathanamthitta,Kerala,Delivery,Tiruvalla Division,DivReportingCircle,Kerala Circle
689545,Thadiyur SO,KL-Pathanamthitta,KL,Pathanamthitta,Kerala,Delivery,Tiruvalla Division,DivReportingCircle,Kerala Circle
689112,Chathankary SO,KL-Pathanamthitta,KL,Pathanamthitta,Kerala,Delivery,Tiruvalla Division,DivReportingCircle,Kerala Circle
689102,Kavumbhagom SO,KL-Pathanamthitta,KL,Pathanamthitta,Kerala,Delivery,Tiruvalla Division,DivReportingCircle,Kerala Circle
689584,Mallappally East SO,KL-Pathanamthitta,KL,Pathanamthitta,Kerala,Delivery,Tiruvalla Division,DivReportingCircle,Kerala Circle
689621,Niranam SO,KL-Pathanamthitta,KL,Pathanamthitta,Kerala,Delivery,Tiruvalla Division,DivReportingCircle,Kerala Circle
689572,Thalavady SO,KL-Alappuzha,KL,Alappuzha,Kerala,Delivery,Tiruvalla Division,DivReportingCircle,Kerala Circle
689588,Vaipur SO,KL-Pathanamthitta,KL,Pathanamthitta,Kerala,Delivery,Tiruvalla Division,DivReportingCircle,Kerala Circle
689541,Vallamkulam SO,KL-Pathanamthitta,KL,Pathanamthitta,Kerala,Delivery,Tiruvalla Division,DivReportingCircle,Kerala Circle
689590,Veliyanadu SO,KL-Alappuzha,KL,Alappuzha,Kerala,Delivery,Tiruvalla Division,DivReportingCircle,Kerala Circle
695309,Anjengo SO,KL-Thiruvananthapuram,KL,Thiruvananthapuram,Kerala,Delivery,Trivandrum North Division,DivReportingCircle,Kerala Circle
695310,Ayroorvarkala SO,KL-Thiruvananthapuram,KL,Thiruvananthapuram,Kerala,Delivery,Trivandrum North Division,DivReportingCircle,Kerala Circle
695142,Cherunniyur SO,KL-Thiruvananthapuram,KL,Thiruvananthapuram,Kerala,Delivery,Trivandrum North Division,DivReportingCircle,Kerala Circle
695311,Edava SO,KL-Thiruvananthapuram,KL,Thiruvananthapuram,Kerala,Delivery,Trivandrum North Division,DivReportingCircle,Kerala Circle
695602,Madavoorpallickal SO,KL-Thiruvananthapuram,KL,Thiruvananthapuram,Kerala,Delivery,Trivandrum North Division,DivReportingCircle,Kerala Circle
695611,Manambur SO,KL-Thiruvananthapuram,KL,Thiruvananthapuram,Kerala,Delivery,Trivandrum North Division,DivReportingCircle,Kerala Circle
695603,Navaikulam SO,KL-Thiruvananthapuram,KL,Thiruvananthapuram,Kerala,Delivery,Trivandrum North Division,DivReportingCircle,Kerala Circle
695316,Pallipuram SO Thiruvananthapuram,KL-Thiruvananthapuram,KL,Thiruvananthapuram,Kerala,Delivery,Trivandrum North Division,DivReportingCircle,Kerala Circle
695584,Pothencode SO,KL-Thiruvananthapuram,KL,Thiruvananthapuram,Kerala,Delivery,Trivandrum North Division,DivReportingCircle,Kerala Circle
695303,Puthencurichy SO,KL-Thiruvananthapuram,KL,Thiruvananthapuram,Kerala,Delivery,Trivandrum North Division,DivReportingCircle,Kerala Circle
695585,Sainik School SO Thiruvananthapuram,KL-Thiruvananthapuram,KL,Thiruvananthapuram,Kerala,Delivery,Trivandrum North Division,DivReportingCircle,Kerala Circle
695143,Vadasserikonam SO,KL-Thiruvananthapuram,KL,Thiruvananthapuram,Kerala,Delivery,Trivandrum North Division,DivReportingCircle,Kerala Circle
695312,Melvettoor SO,KL-Thiruvananthapuram,KL,Thiruvananthapuram,Kerala,Delivery,Trivandrum North Division,DivReportingCircle,Kerala Circle
695029,Anayara SO,KL-Thiruvananthapuram,KL,Thiruvananthapuram,Kerala,Delivery,Trivandrum North Division,DivReportingCircle,Kerala Circle
695583,Kulathur SO Thiruvananthapuram,KL-Thiruvananthapuram,KL,Thiruvananthapuram,Kerala,Delivery,Trivandrum North Division,DivReportingCircle,Kerala Circle
695004,Pattom Palace SO,KL-Thiruvananthapuram,KL,Thiruvananthapuram,Kerala,Delivery,Trivandrum North Division,DivReportingCircle,Kerala Circle
695008,Vallakkadavoo SO,KL-Thiruvananthapuram,KL,Thiruvananthapuram,Kerala,Delivery,Trivandrum North Division,DivReportingCircle,Kerala Circle
695122,Amaravila SO,KL-Thiruvananthapuram,KL,Thiruvananthapuram,Kerala,Delivery,Trivandrum South Division,DivReportingCircle,Kerala Circle
695123,Aralumoodu SO,KL-Thiruvananthapuram,KL,Thiruvananthapuram,Kerala,Delivery,Trivandrum South Division,DivReportingCircle,Kerala Circle
695503,Dhanuvachapuram SO,KL-Thiruvananthapuram,KL,Thiruvananthapuram,Kerala,Delivery,Trivandrum South Division,DivReportingCircle,Kerala Circle
695504,Karakonam SO,KL-Thiruvananthapuram,KL,Thiruvananthapuram,Kerala,Delivery,Trivandrum South Division,DivReportingCircle,Kerala Circle
695502,Parassala SO,KL-Thiruvananthapuram,KL,Thiruvananthapuram,Kerala,Delivery,Trivandrum South Division,DivReportingCircle,Kerala Circle
695508,Parasuvaickal SO,KL-Thiruvananthapuram,KL,Thiruvananthapuram,Kerala,Delivery,Trivandrum South Division,DivReportingCircle,Kerala Circle
695124,Perumkadavila SO,KL-Thiruvananthapuram,KL,Thiruvananthapuram,Kerala,Delivery,Trivandrum South Division,DivReportingCircle,Kerala Circle
695523,Venganur SO,KL-Thiruvananthapuram,KL,Thiruvananthapuram,Kerala,Delivery,Trivandrum South Division,DivReportingCircle,Kerala Circle
695003,Kaudiar SO,KL-Thiruvananthapuram,KL,Thiruvananthapuram,Kerala,Delivery,Trivandrum South Division,DivReportingCircle,Kerala Circle
695574,Kuttichal SO,KL-Thiruvananthapuram,KL,Thiruvananthapuram,Kerala,Delivery,Trivandrum South Division,DivReportingCircle,Kerala Circle
695573,Peyad SO,KL-Thiruvananthapuram,KL,Thiruvananthapuram,Kerala,Delivery,Trivandrum South Division,DivReportingCircle,Kerala Circle
695026,Poonthura SO,KL-Thiruvananthapuram,KL,Thiruvananthapuram,Kerala,Delivery,Trivandrum South Division,DivReportingCircle,Kerala Circle
695575,Poovachal SO,KL-Thiruvananthapuram,KL,Thiruvananthapuram,Kerala,Delivery,Trivandrum South Division,DivReportingCircle,Kerala Circle
695006,Tirumala SO Thiruvananthapuram,KL-Thiruvananthapuram,KL,Thiruvananthapuram,Kerala,Delivery,Trivandrum South Division,DivReportingCircle,Kerala Circle
695013,Vattiyoorkavu SO,KL-Thiruvananthapuram,KL,Thiruvananthapuram,Kerala,Delivery,Trivandrum South Division,DivReportingCircle,Kerala Circle
673602,Mokkam SO,KL-Kozhikode,KL,Kozhikode,Kerala,Delivery,Calicut Division,Calicut Region,Kerala Circle
673582,Omasseri SO,KL-Kozhikode,KL,Kozhikode,Kerala,Delivery,Calicut Division,Calicut Region,Kerala Circle
673018,Calicut Arts  Science College SO,KL-Kozhikode,KL,Kozhikode,Kerala,Delivery,Calicut Division,Calicut Region,Kerala Circle
673032,Calicut Beach SO,KL-Kozhikode,KL,Kozhikode,Kerala,Delivery,Calicut Division,Calicut Region,Kerala Circle
673004,Calicut City SO,KL-Kozhikode,KL,Kozhikode,Kerala,Non Delivery,Calicut Division,Calicut Region,Kerala Circle
673002,Chalapuram SO,KL-Kozhikode,KL,Kozhikode,Kerala,Delivery,Calicut Division,Calicut Region,Kerala Circle
673303,Elathur SO Kozhikode,KL-Kozhikode,KL,Kozhikode,Kerala,Delivery,Calicut Division,Calicut Region,Kerala Circle
673631,Feroke SO,KL-Kozhikode,KL,Kozhikode,Kerala,Delivery,Calicut Division,Calicut Region,Kerala Circle
673014,Guruvayurappan College SO,KL-Kozhikode,KL,Kozhikode,Kerala,Delivery,Calicut Division,Calicut Region,Kerala Circle
673328,Mannur SO Kozhikode,KL-Kozhikode,KL,Kozhikode,Kerala,Delivery,Calicut Division,Calicut Region,Kerala Circle
673595,Cheeral SO,KL-Wayanad,KL,Wayanad,Kerala,Delivery,Calicut Division,Calicut Region,Kerala Circle
673596,Kenichira SO,KL-Wayanad,KL,Wayanad,Kerala,Delivery,Calicut Division,Calicut Region,Kerala Circle
670646,Kartikulam SO,KL-Wayanad,KL,Wayanad,Kerala,Delivery,Thalassery Division,Calicut Region,Kerala Circle
670645,Mananthavady SO,KL-Wayanad,KL,Wayanad,Kerala,Delivery,Thalassery Division,Calicut Region,Kerala Circle
670009,Azhikode SO,KL-Kannur,KL,Kannur,Kerala,Delivery,Cannanore Division,Calicut Region,Kerala Circle
670005,Kakkat SO,KL-Kannur,KL,Kannur,Kerala,Delivery,Cannanore Division,Calicut Region,Kerala Circle
670304,Madayi SO,KL-Kannur,KL,Kannur,Kerala,Delivery,Cannanore Division,Calicut Region,Kerala Circle
670325,Mattul North SO,KL-Kannur,KL,Kannur,Kerala,Delivery,Cannanore Division,Calicut Region,Kerala Circle
670302,Mattul SO,KL-Kannur,KL,Kannur,Kerala,Delivery,Cannanore Division,Calicut Region,Kerala Circle
670358,Payangadi R S SO,KL-Kannur,KL,Kannur,Kerala,Delivery,Cannanore Division,Calicut Region,Kerala Circle
670571,Alakode SO,KL-Kannur,KL,Kannur,Kerala,Delivery,Cannanore Division,Calicut Region,Kerala Circle
670632,Chemperi SO,KL-Kannur,KL,Kannur,Kerala,Delivery,Cannanore Division,Calicut Region,Kerala Circle
670581,Chepparapadava SO,KL-Kannur,KL,Kannur,Kerala,Delivery,Cannanore Division,Calicut Region,Kerala Circle
670334,Ezhome SO,KL-Kannur,KL,Kannur,Kerala,Delivery,Cannanore Division,Calicut Region,Kerala Circle
671316,Bekal Fort SO,KL-Kasaragod,KL,Kasaragod,Kerala,Delivery,Kasaragod Division,Calicut Region,Kerala Circle
671311,Elambachi SO,KL-Kasaragod,KL,Kasaragod,Kerala,Delivery,Kasaragod Division,Calicut Region,Kerala Circle
671320,PERIYE S.O,KL-Kasaragod,KL,Kasaragod,Kerala,Delivery,Kasaragod Division,Calicut Region,Kerala Circle
671323,Manjeshwar SO,KL-Kasaragod,KL,Kasaragod,Kerala,Delivery,Kasaragod Division,Calicut Region,Kerala Circle
679340,Cherukara SO,KL-Malappuram,KL,Malappuram,Kerala,Delivery,Manjeri Division,Calicut Region,Kerala Circle
676504,Kodurmalabar SO,KL-Malappuram,KL,Malappuram,Kerala,Delivery,Manjeri Division,Calicut Region,Kerala Circle
679326,Melattur SO Malappuram,KL-Malappuram,KL,Malappuram,Kerala,Delivery,Manjeri Division,Calicut Region,Kerala Circle
679322,Perintalmanna SO,KL-Malappuram,KL,Malappuram,Kerala,Delivery,Manjeri Division,Calicut Region,Kerala Circle
676517,Pookkottur SO,KL-Malappuram,KL,Malappuram,Kerala,Delivery,Manjeri Division,Calicut Region,Kerala Circle
673638,Kondotti SO,KL-Malappuram,KL,Malappuram,Kerala,Delivery,Manjeri Division,Calicut Region,Kerala Circle
676122,Manjeri College SO,KL-Malappuram,KL,Malappuram,Kerala,Delivery,Manjeri Division,Calicut Region,Kerala Circle
676521,Pandikkad SO,KL-Malappuram,KL,Malappuram,Kerala,Delivery,Manjeri Division,Calicut Region,Kerala Circle
673637,Pulikkal SO,KL-Malappuram,KL,Malappuram,Kerala,Delivery,Manjeri Division,Calicut Region,Kerala Circle
678581,Agali SO Palakkad,KL-Palakkad,KL,Palakkad,Kerala,Delivery,Ottapalam Division,Calicut Region,Kerala Circle
678591,Kanhirapuzha SO,KL-Palakkad,KL,Palakkad,Kerala,Delivery,Ottapalam Division,Calicut Region,Kerala Circle
678583,Mannarkad College SO,KL-Palakkad,KL,Palakkad,Kerala,Delivery,Ottapalam Division,Calicut Region,Kerala Circle
679306,Melepattambi SO,KL-Palakkad,KL,Palakkad,Kerala,Delivery,Ottapalam Division,Calicut Region,Kerala Circle
679103,Palappuram SO,KL-Palakkad,KL,Palakkad,Kerala,Delivery,Ottapalam Division,Calicut Region,Kerala Circle
678632,Pulappatta SO,KL-Palakkad,KL,Palakkad,Kerala,Delivery,Ottapalam Division,Calicut Region,Kerala Circle
679121,Shornur SO,KL-Palakkad,KL,Palakkad,Kerala,Delivery,Ottapalam Division,Calicut Region,Kerala Circle
679513,Srikrishnapuram SO,KL-Palakkad,KL,Palakkad,Kerala,Delivery,Ottapalam Division,Calicut Region,Kerala Circle
679502,Trikkatiri SO,KL-Palakkad,KL,Palakkad,Kerala,Delivery,Ottapalam Division,Calicut Region,Kerala Circle
678682,Anjumoorthy SO,KL-Palakkad,KL,Palakkad,Kerala,Delivery,Palghat Division,Calicut Region,Kerala Circle
678543,Kavasseri SO,KL-Palakkad,KL,Palakkad,Kerala,Delivery,Palghat Division,Calicut Region,Kerala Circle
678705,Mudappallur SO,KL-Palakkad,KL,Palakkad,Kerala,Delivery,Palghat Division,Calicut Region,Kerala Circle
678722,Tolanur SO,KL-Palakkad,KL,Palakkad,Kerala,Delivery,Palghat Division,Calicut Region,Kerala Circle
678504,Vadavannur SO,KL-Palakkad,KL,Palakkad,Kerala,Delivery,Palghat Division,Calicut Region,Kerala Circle
678011,Ambikapuram SO Palakkad,KL-Palakkad,KL,Palakkad,Kerala,Delivery,Palghat Division,Calicut Region,Kerala Circle
678611,Edathara SO,KL-Palakkad,KL,Palakkad,Kerala,Delivery,Palghat Division,Calicut Region,Kerala Circle
678732,Kottekkad SO,KL-Palakkad,KL,Palakkad,Kerala,Delivery,Palghat Division,Calicut Region,Kerala Circle
678651,Malampuzha Dam SO,KL-Palakkad,KL,Palakkad,Kerala,Delivery,Palghat Division,Calicut Region,Kerala Circle
678613,Mankarai SO,KL-Palakkad,KL,Palakkad,Kerala,Delivery,Palghat Division,Calicut Region,Kerala Circle
678010,Sekharipuram SO,KL-Palakkad,KL,Palakkad,Kerala,Delivery,Palghat Division,Calicut Region,Kerala Circle
678104,Chittur College SO,KL-Palakkad,KL,Palakkad,Kerala,Delivery,Palghat Division,Calicut Region,Kerala Circle
678101,Chittur PG SO,KL-Palakkad,KL,Palakkad,Kerala,Delivery,Palghat Division,Calicut Region,Kerala Circle
678501,Koduvayur SO,KL-Palakkad,KL,Palakkad,Kerala,Delivery,Palghat Division,Calicut Region,Kerala Circle
678555,Kozhinjampara SO,KL-Palakkad,KL,Palakkad,Kerala,Delivery,Palghat Division,Calicut Region,Kerala Circle
678014,Palakkad City SO,KL-Palakkad,KL,Palakkad,Kerala,Delivery,Palghat Division,Calicut Region,Kerala Circle
678001,Palakkad Fort SO,KL-Palakkad,KL,Palakkad,Kerala,Non Delivery,Palghat Division,Calicut Region,Kerala Circle
678503,Pudunagaram SO,KL-Palakkad,KL,Palakkad,Kerala,Delivery,Palghat Division,Calicut Region,Kerala Circle
678671,Thenkurussi SO,KL-Palakkad,KL,Palakkad,Kerala,Delivery,Palghat Division,Calicut Region,Kerala Circle
678534,Vandithavalam SO,KL-Palakkad,KL,Palakkad,Kerala,Delivery,Palghat Division,Calicut Region,Kerala Circle
670104,Cherakkara SO,KL-Kannur,KL,Kannur,Kerala,Delivery,Thalassery Division,Calicut Region,Kerala Circle
670642,Kadirurtly SO,KL-Kannur,KL,Kannur,Kerala,Delivery,Thalassery Division,Calicut Region,Kerala Circle
670643,Kuthuparamba SO,KL-Kannur,KL,Kannur,Kerala,Delivery,Thalassery Division,Calicut Region,Kerala Circle
670662,Muzhappilangad SO,KL-Kannur,KL,Kannur,Kerala,Delivery,Thalassery Division,Calicut Region,Kerala Circle
673313,Olavilam SO,KL-Kannur,KL,Kannur,Kerala,Delivery,Thalassery Division,Calicut Region,Kerala Circle
670692,Panoor SO,KL-Kannur,KL,Kannur,Kerala,Delivery,Thalassery Division,Calicut Region,Kerala Circle
670671,Paral SO,KL-Kannur,KL,Kannur,Kerala,Delivery,Thalassery Division,Calicut Region,Kerala Circle
670691,Pathayakunnu SO,KL-Kannur,KL,Kannur,Kerala,Delivery,Thalassery Division,Calicut Region,Kerala Circle
673312,Peringadi SO,KL-Kannur,KL,Kannur,Kerala,Delivery,Thalassery Division,Calicut Region,Kerala Circle
670741,Pinarayi SO,KL-Kannur,KL,Kannur,Kerala,Delivery,Thalassery Division,Calicut Region,Kerala Circle
670102,Temple Gate SO,KL-Kannur,KL,Kannur,Kerala,Delivery,Thalassery Division,Calicut Region,Kerala Circle
679576,Edapal SO,KL-Malappuram,KL,Malappuram,Kerala,Delivery,Tirur Division,Calicut Region,Kerala Circle
679587,Eramangalam SO,KL-Malappuram,KL,Malappuram,Kerala,Delivery,Tirur Division,Calicut Region,Kerala Circle
679586,Ponani South SO,KL-Malappuram,KL,Malappuram,Kerala,Delivery,Tirur Division,Calicut Region,Kerala Circle
679578,Vattamkulam SO,KL-Malappuram,KL,Malappuram,Kerala,Delivery,Tirur Division,Calicut Region,Kerala Circle
676319,Chettipadi SO,KL-Malappuram,KL,Malappuram,Kerala,Delivery,Tirur Division,Calicut Region,Kerala Circle
676309,Kodinhi SO,KL-Malappuram,KL,Malappuram,Kerala,Delivery,Tirur Division,Calicut Region,Kerala Circle
676562,Kuttayi SO,KL-Malappuram,KL,Malappuram,Kerala,Delivery,Tirur Division,Calicut Region,Kerala Circle
676561,MangalamMLP SO,KL-Malappuram,KL,Malappuram,Kerala,Delivery,Tirur Division,Calicut Region,Kerala Circle
676109,Niramaruthur SO,KL-Malappuram,KL,Malappuram,Kerala,Delivery,Tirur Division,Calicut Region,Kerala Circle
676107,Pookayil Bazar SO,KL-Malappuram,KL,Malappuram,Kerala,Delivery,Tirur Division,Calicut Region,Kerala Circle
676101,Tirur East Bazar SO,KL-Malappuram,KL,Malappuram,Kerala,Non Delivery,Tirur Division,Calicut Region,Kerala Circle
673612,Balusseri SO,KL-Kozhikode,KL,Kozhikode,Kerala,Delivery,Vadakara Division,Calicut Region,Kerala Circle
673526,Kayanna SO,KL-Kozhikode,KL,Kozhikode,Kerala,Delivery,Vadakara Division,Calicut Region,Kerala Circle
673317,Thalakolathur SO,KL-Kozhikode,KL,Kozhikode,Kerala,Delivery,Vadakara Division,Calicut Region,Kerala Circle
673529,Tikkoti SO,KL-Kozhikode,KL,Kozhikode,Kerala,Delivery,Vadakara Division,Calicut Region,Kerala Circle
673323,ULLIYERI SO,KL-Kozhikode,KL,Kozhikode,Kerala,Delivery,Vadakara Division,Calicut Region,Kerala Circle
673102,Madappalli College SO,KL-Kozhikode,KL,Kozhikode,Kerala,Delivery,Vadakara Division,Calicut Region,Kerala Circle
673501,Orkatteri SO,KL-Kozhikode,KL,Kozhikode,Kerala,Delivery,Vadakara Division,Calicut Region,Kerala Circle
481001,Balaghat City S.O,MP-Balaghat,MP,Balaghat,Madhya Pradesh,Non Delivery,Balaghat Division,Jabalpur Region,Madhya Pradesh Circle
481224,Karanja S.O (Balaghat),MP-Balaghat,MP,Balaghat,Madhya Pradesh,Delivery,Balaghat Division,Jabalpur Region,Madhya Pradesh Circle
481445,Katangi S.O (Balaghat),MP-Balaghat,MP,Balaghat,Madhya Pradesh,Delivery,Balaghat Division,Jabalpur Region,Madhya Pradesh Circle
481551,Lamta S.O,MP-Balaghat,MP,Balaghat,Madhya Pradesh,Delivery,Balaghat Division,Jabalpur Region,Madhya Pradesh Circle
481222,Lanji S.O,MP-Balaghat,MP,Balaghat,Madhya Pradesh,Delivery,Balaghat Division,Jabalpur Region,Madhya Pradesh Circle
481998,Anjania S.O,MP-Mandla,MP,Mandla,Madhya Pradesh,Delivery,Mandla Division,Jabalpur Region,Madhya Pradesh Circle
481778,Samnapur S.O,MP-Dindori,MP,Dindori,Madhya Pradesh,Delivery,Mandla Division,Jabalpur Region,Madhya Pradesh Circle
480771,Ari S.O,MP-Seoni,MP,Seoni,Madhya Pradesh,Delivery,Balaghat Division,Jabalpur Region,Madhya Pradesh Circle
480882,Bandol S.O,MP-Seoni,MP,Seoni,Madhya Pradesh,Delivery,Balaghat Division,Jabalpur Region,Madhya Pradesh Circle
480667,Barghat S.O,MP-Seoni,MP,Seoni,Madhya Pradesh,Delivery,Balaghat Division,Jabalpur Region,Madhya Pradesh Circle
480990,Kanhiwada S.O,MP-Seoni,MP,Seoni,Madhya Pradesh,Delivery,Balaghat Division,Jabalpur Region,Madhya Pradesh Circle
480991,Khairapalari S.O,MP-Seoni,MP,Seoni,Madhya Pradesh,Delivery,Balaghat Division,Jabalpur Region,Madhya Pradesh Circle
480881,Khawasa S.O (Seoni),MP-Seoni,MP,Seoni,Madhya Pradesh,Delivery,Balaghat Division,Jabalpur Region,Madhya Pradesh Circle
462031,3 EME Centre S.O,MP-Bhopal,MP,Bhopal,Madhya Pradesh,Delivery,Bhopal Division,DivReportingCircle,Madhya Pradesh Circle
462001,Berasia Road S.O,MP-Bhopal,MP,Bhopal,Madhya Pradesh,Non Delivery,Bhopal Division,DivReportingCircle,Madhya Pradesh Circle
462066,IISER Bhouri S.O,MP-Bhopal,MP,Bhopal,Madhya Pradesh,Delivery,Bhopal Division,DivReportingCircle,Madhya Pradesh Circle
462008,Jahangirabad S.O (Bhopal),MP-Bhopal,MP,Bhopal,Madhya Pradesh,Delivery,Bhopal Division,DivReportingCircle,Madhya Pradesh Circle
462038,M.L. Nagar S.O,MP-Bhopal,MP,Bhopal,Madhya Pradesh,Delivery,Bhopal Division,DivReportingCircle,Madhya Pradesh Circle
462033,RGPV S.O,MP-Bhopal,MP,Bhopal,Madhya Pradesh,Delivery,Bhopal Division,DivReportingCircle,Madhya Pradesh Circle
462001,S.I. Line S.O,MP-Bhopal,MP,Bhopal,Madhya Pradesh,Non Delivery,Bhopal Division,DivReportingCircle,Madhya Pradesh Circle
462022,Anand Nagar S.O (Bhopal),MP-Bhopal,MP,Bhopal,Madhya Pradesh,Non Delivery,Bhopal Division,DivReportingCircle,Madhya Pradesh Circle
462003,Kamla Nagar S.O (Bhopal),MP-Bhopal,MP,Bhopal,Madhya Pradesh,Non Delivery,Bhopal Division,DivReportingCircle,Madhya Pradesh Circle
462003,M.A.C.T. S.O,MP-Bhopal,MP,Bhopal,Madhya Pradesh,Non Delivery,Bhopal Division,DivReportingCircle,Madhya Pradesh Circle
462047,Misord S.O,MP-Bhopal,MP,Bhopal,Madhya Pradesh,Delivery,Bhopal Division,DivReportingCircle,Madhya Pradesh Circle
462004,Satpura S.O,MP-Bhopal,MP,Bhopal,Madhya Pradesh,Delivery,Bhopal Division,DivReportingCircle,Madhya Pradesh Circle
462011,Shiksha Mandal S.O,MP-Bhopal,MP,Bhopal,Madhya Pradesh,Delivery,Bhopal Division,DivReportingCircle,Madhya Pradesh Circle
462016,Shivaji Nagar S.O (Bhopal),MP-Bhopal,MP,Bhopal,Madhya Pradesh,Non Delivery,Bhopal Division,DivReportingCircle,Madhya Pradesh Circle
462039,Trilanga S.O,MP-Bhopal,MP,Bhopal,Madhya Pradesh,Delivery,Bhopal Division,DivReportingCircle,Madhya Pradesh Circle
462004,Vallabh Bhawan S.O,MP-Bhopal,MP,Bhopal,Madhya Pradesh,Non Delivery,Bhopal Division,DivReportingCircle,Madhya Pradesh Circle
488220,Ajaigarh S.O,MP-Panna,MP,Panna,Madhya Pradesh,Delivery,Satna Division,Jabalpur Region,Madhya Pradesh Circle
471405,Bijawar S.O,MP-Chhatarpur,MP,Chhatarpur,Madhya Pradesh,Delivery,Chhatarpur Division,Jabalpur Region,Madhya Pradesh Circle
471411,Gadimalehara S.O,MP-Chhatarpur,MP,Chhatarpur,Madhya Pradesh,Delivery,Chhatarpur Division,Jabalpur Region,Madhya Pradesh Circle
471516,Gaurihar S.O,MP-Chhatarpur,MP,Chhatarpur,Madhya Pradesh,Delivery,Chhatarpur Division,Jabalpur Region,Madhya Pradesh Circle
471313,Ghaura S.O,MP-Chhatarpur,MP,Chhatarpur,Madhya Pradesh,Delivery,Chhatarpur Division,Jabalpur Region,Madhya Pradesh Circle
471111,Harpalpur S.O,MP-Chhatarpur,MP,Chhatarpur,Madhya Pradesh,Delivery,Chhatarpur Division,Jabalpur Region,Madhya Pradesh Circle
471606,Khajuraho S.O,MP-Chhatarpur,MP,Chhatarpur,Madhya Pradesh,Delivery,Chhatarpur Division,Jabalpur Region,Madhya Pradesh Circle
471515,Laundi S.O,MP-Chhatarpur,MP,Chhatarpur,Madhya Pradesh,Delivery,Chhatarpur Division,Jabalpur Region,Madhya Pradesh Circle
488001,Panna Collectrate S.O,MP-Panna,MP,Panna,Madhya Pradesh,Non Delivery,Satna Division,Jabalpur Region,Madhya Pradesh Circle
488001,Panna MDG S.O,MP-Panna,MP,Panna,Madhya Pradesh,Delivery,Satna Division,Jabalpur Region,Madhya Pradesh Circle
488443,Raipura S.O,MP-Panna,MP,Panna,Madhya Pradesh,Delivery,Satna Division,Jabalpur Region,Madhya Pradesh Circle
488442,Simariya S.O,MP-Panna,MP,Panna,Madhya Pradesh,Delivery,Satna Division,Jabalpur Region,Madhya Pradesh Circle
472339,Digoda S.O,MP-Tikamgarh,MP,Tikamgarh,Madhya Pradesh,Delivery,Chhatarpur Division,Jabalpur Region,Madhya Pradesh Circle
472101,Mohangarh S.O,MP-Tikamgarh,MP,Tikamgarh,Madhya Pradesh,Delivery,Chhatarpur Division,Jabalpur Region,Madhya Pradesh Circle
472246,Orchha S.O,MP-Niwari,MP,Niwari,Madhya Pradesh,Delivery,Chhatarpur Division,Jabalpur Region,Madhya Pradesh Circle
472221,Palera S.O,MP-Tikamgarh,MP,Tikamgarh,Madhya Pradesh,Delivery,Chhatarpur Division,Jabalpur Region,Madhya Pradesh Circle
472445,Taricharkala S.O,MP-Niwari,MP,Niwari,Madhya Pradesh,Delivery,Chhatarpur Division,Jabalpur Region,Madhya Pradesh Circle
472447,Teharka S.O,MP-Niwari,MP,Niwari,Madhya Pradesh,Delivery,Chhatarpur Division,Jabalpur Region,Madhya Pradesh Circle
472001,Tikamgarh Purani Tehari S.O,MP-Tikamgarh,MP,Tikamgarh,Madhya Pradesh,Non Delivery,Chhatarpur Division,Jabalpur Region,Madhya Pradesh Circle
460553,Amla Depot S.O,MP-Betul,MP,Betul,Madhya Pradesh,Delivery,Chhindwara Division,Jabalpur Region,Madhya Pradesh Circle
460004,Betul Bazaar S.O,MP-Betul,MP,Betul,Madhya Pradesh,Delivery,Chhindwara Division,Jabalpur Region,Madhya Pradesh Circle
460220,Bhainsdehi S.O,MP-Betul,MP,Betul,Madhya Pradesh,Delivery,Chhindwara Division,Jabalpur Region,Madhya Pradesh Circle
460330,Chicholi S.O,MP-Betul,MP,Betul,Madhya Pradesh,Delivery,Chhindwara Division,Jabalpur Region,Madhya Pradesh Circle
480111,Bichhua S.O,MP-Chhindwara,MP,Chhindwara,Madhya Pradesh,Delivery,Chhindwara Division,Jabalpur Region,Madhya Pradesh Circle
480115,Chourai S.O,MP-Chhindwara,MP,Chhindwara,Madhya Pradesh,Delivery,Chhindwara Division,Jabalpur Region,Madhya Pradesh Circle
480224,Harrai S.O,MP-Chhindwara,MP,Chhindwara,Madhya Pradesh,Delivery,Chhindwara Division,Jabalpur Region,Madhya Pradesh Circle
480337,Seoni Sausar S.O,MP-Chhindwara,MP,Chhindwara,Madhya Pradesh,Delivery,Chhindwara Division,Jabalpur Region,Madhya Pradesh Circle
480559,Tamia S.O,MP-Chhindwara,MP,Chhindwara,Madhya Pradesh,Delivery,Chhindwara Division,Jabalpur Region,Madhya Pradesh Circle
480112,MOHKHED SO,MP-Chhindwara,MP,Chhindwara,Madhya Pradesh,Delivery,Chhindwara Division,Jabalpur Region,Madhya Pradesh Circle
461661,Babai S.O (Hoshangabad),MP-Hoshangabad,MP,Hoshangabad,Madhya Pradesh,Delivery,Hoshangabad Division,DivReportingCircle,Madhya Pradesh Circle
461990,Bankhedi S.O,MP-Hoshangabad,MP,Hoshangabad,Madhya Pradesh,Delivery,Hoshangabad Division,DivReportingCircle,Madhya Pradesh Circle
461114,Cpe Itarsi S.O,MP-Hoshangabad,MP,Hoshangabad,Madhya Pradesh,Delivery,Hoshangabad Division,DivReportingCircle,Madhya Pradesh Circle
461441,Khirkiyan R.S. S.O,MP-Harda,MP,Harda,Madhya Pradesh,Delivery,Hoshangabad Division,DivReportingCircle,Madhya Pradesh Circle
461881,Pachmarhi Cantt S.O,MP-Hoshangabad,MP,Hoshangabad,Madhya Pradesh,Non Delivery,Hoshangabad Division,DivReportingCircle,Madhya Pradesh Circle
461110,Powarkheda S.O,MP-Hoshangabad,MP,Hoshangabad,Madhya Pradesh,Delivery,Hoshangabad Division,DivReportingCircle,Madhya Pradesh Circle
487334,Dobhi S.O (M.P Circle),MP-Narsinghpur,MP,Narsinghpur,Madhya Pradesh,Delivery,Hoshangabad Division,DivReportingCircle,Madhya Pradesh Circle
487551,Gadarwara S.O,MP-Narsinghpur,MP,Narsinghpur,Madhya Pradesh,Delivery,Hoshangabad Division,DivReportingCircle,Madhya Pradesh Circle
487221,Kareli S.O,MP-Narsinghpur,MP,Narsinghpur,Madhya Pradesh,Delivery,Hoshangabad Division,DivReportingCircle,Madhya Pradesh Circle
487555,Kaudia S.O,MP-Narsinghpur,MP,Narsinghpur,Madhya Pradesh,Delivery,Hoshangabad Division,DivReportingCircle,Madhya Pradesh Circle
487661,Sainkheda S.O (Narsinghpur),MP-Narsinghpur,MP,Narsinghpur,Madhya Pradesh,Delivery,Hoshangabad Division,DivReportingCircle,Madhya Pradesh Circle
486335,Hanumana S.O,MP-Rewa,MP,Rewa,Madhya Pradesh,Delivery,Rewa Division,Jabalpur Region,Madhya Pradesh Circle
486450,Jaypee Nagar S.O,MP-Rewa,MP,Rewa,Madhya Pradesh,Delivery,Rewa Division,Jabalpur Region,Madhya Pradesh Circle
486331,Mauganj S.O,MP-Rewa,MP,Rewa,Madhya Pradesh,Delivery,Rewa Division,Jabalpur Region,Madhya Pradesh Circle
486447,Patehara S.O,MP-Rewa,MP,Rewa,Madhya Pradesh,Delivery,Rewa Division,Jabalpur Region,Madhya Pradesh Circle
486338,Raghunathganj S.O,MP-Rewa,MP,Rewa,Madhya Pradesh,Delivery,Rewa Division,Jabalpur Region,Madhya Pradesh Circle
486001,Rewa Bicchiya Road S.O,MP-Rewa,MP,Rewa,Madhya Pradesh,Non Delivery,Rewa Division,Jabalpur Region,Madhya Pradesh Circle
486001,Rewa City S.O,MP-Rewa,MP,Rewa,Madhya Pradesh,Non Delivery,Rewa Division,Jabalpur Region,Madhya Pradesh Circle
486001,Rewa Ghoghar Mohalla S.O,MP-Rewa,MP,Rewa,Madhya Pradesh,Non Delivery,Rewa Division,Jabalpur Region,Madhya Pradesh Circle
486001,Rewa Venkat Bhawan S.O,MP-Rewa,MP,Rewa,Madhya Pradesh,Non Delivery,Rewa Division,Jabalpur Region,Madhya Pradesh Circle
485112,Babupur S.O,MP-Satna,MP,Satna,Madhya Pradesh,Delivery,Satna Division,Jabalpur Region,Madhya Pradesh Circle
485771,Maihar S.O,MP-Satna,MP,Satna,Madhya Pradesh,Delivery,Satna Division,Jabalpur Region,Madhya Pradesh Circle
485446,Nagod S.O,MP-Satna,MP,Satna,Madhya Pradesh,Delivery,Satna Division,Jabalpur Region,Madhya Pradesh Circle
485001,Satna Jawahar Nagar S.O,MP-Satna,MP,Satna,Madhya Pradesh,Non Delivery,Satna Division,Jabalpur Region,Madhya Pradesh Circle
470661,Damoh Bazaria S.O,MP-Damoh,MP,Damoh,Madhya Pradesh,Non Delivery,Sagar Division,Jabalpur Region,Madhya Pradesh Circle
470661,Damoh City S.O,MP-Damoh,MP,Damoh,Madhya Pradesh,Non Delivery,Sagar Division,Jabalpur Region,Madhya Pradesh Circle
470881,Jabera S.O,MP-Damoh,MP,Damoh,Madhya Pradesh,Delivery,Sagar Division,Jabalpur Region,Madhya Pradesh Circle
470666,Pathariya S.O,MP-Damoh,MP,Damoh,Madhya Pradesh,Delivery,Sagar Division,Jabalpur Region,Madhya Pradesh Circle
470021,Bamora S.O,MP-Sagar,MP,Sagar,Madhya Pradesh,Delivery,Sagar Division,Jabalpur Region,Madhya Pradesh Circle
470335,Banda Belai S.O,MP-Sagar,MP,Sagar,Madhya Pradesh,Delivery,Sagar Division,Jabalpur Region,Madhya Pradesh Circle
470113,Bina S.O,MP-Sagar,MP,Sagar,Madhya Pradesh,Delivery,Sagar Division,Jabalpur Region,Madhya Pradesh Circle
470117,Khurai City S.O,MP-Sagar,MP,Sagar,Madhya Pradesh,Non Delivery,Sagar Division,Jabalpur Region,Madhya Pradesh Circle
470002,Sagar City S.O,MP-Sagar,MP,Sagar,Madhya Pradesh,Delivery,Sagar Division,Jabalpur Region,Madhya Pradesh Circle
470004,Sagar Makronia Camp S.O,MP-Sagar,MP,Sagar,Madhya Pradesh,Delivery,Sagar Division,Jabalpur Region,Madhya Pradesh Circle
470004,Sagar Rajakhedi S.O,MP-Sagar,MP,Sagar,Madhya Pradesh,Non Delivery,Sagar Division,Jabalpur Region,Madhya Pradesh Circle
470001,Sagar Tilli S.O,MP-Sagar,MP,Sagar,Madhya Pradesh,Non Delivery,Sagar Division,Jabalpur Region,Madhya Pradesh Circle
470003,Sagar University S.O,MP-Sagar,MP,Sagar,Madhya Pradesh,Delivery,Sagar Division,Jabalpur Region,Madhya Pradesh Circle
470669,Shahpur Magrone S.O,MP-Sagar,MP,Sagar,Madhya Pradesh,Delivery,Sagar Division,Jabalpur Region,Madhya Pradesh Circle
470221,Surkhi S.O,MP-Sagar,MP,Sagar,Madhya Pradesh,Delivery,Sagar Division,Jabalpur Region,Madhya Pradesh Circle
484774,Beohari S.O,MP-Shahdol,MP,Shahdol,Madhya Pradesh,Delivery,Shahdol Division,Jabalpur Region,Madhya Pradesh Circle
484444,Jamuna Colliery S.O,MP-Anuppur,MP,Anuppur,Madhya Pradesh,Delivery,Shahdol Division,Jabalpur Region,Madhya Pradesh Circle
484555,Nowrozabad S.O,MP-Umaria,MP,Umaria,Madhya Pradesh,Delivery,Shahdol Division,Jabalpur Region,Madhya Pradesh Circle
486887,Amlori Project S.O,MP-Singrauli,MP,Singrauli,Madhya Pradesh,Delivery,Rewa Division,Jabalpur Region,Madhya Pradesh Circle
486675,Bahri S.O,MP-Sidhi,MP,Sidhi,Madhya Pradesh,Delivery,Rewa Division,Jabalpur Region,Madhya Pradesh Circle
486775,Rampur Naikin S.O,MP-Sidhi,MP,Sidhi,Madhya Pradesh,Delivery,Rewa Division,Jabalpur Region,Madhya Pradesh Circle
486661,Sidhi Collectorate S.O,MP-Sidhi,MP,Sidhi,Madhya Pradesh,Non Delivery,Rewa Division,Jabalpur Region,Madhya Pradesh Circle
486889,Singrauli Colliery S.O,MP-Singrauli,MP,Singrauli,Madhya Pradesh,Delivery,Rewa Division,Jabalpur Region,Madhya Pradesh Circle
464668,Bareli S.O,MP-Raisen,MP,Raisen,Madhya Pradesh,Delivery,Vidisha Division,DivReportingCircle,Madhya Pradesh Circle
464774,Deori S.O (Raisen),MP-Raisen,MP,Raisen,Madhya Pradesh,Delivery,Vidisha Division,DivReportingCircle,Madhya Pradesh Circle
464671,Khargone S.O,MP-Raisen,MP,Raisen,Madhya Pradesh,Delivery,Vidisha Division,DivReportingCircle,Madhya Pradesh Circle
464651,Salamatpur Mandi S.O,MP-Raisen,MP,Raisen,Madhya Pradesh,Delivery,Vidisha Division,DivReportingCircle,Madhya Pradesh Circle
464570,Sultanganj SO,MP-Raisen,MP,Raisen,Madhya Pradesh,Delivery,Vidisha Division,DivReportingCircle,Madhya Pradesh Circle
464221,Ganjbasoda S.O,MP-Vidisha,MP,Vidisha,Madhya Pradesh,Delivery,Vidisha Division,DivReportingCircle,Madhya Pradesh Circle
464661,Sanchi S.O,MP-Raisen,MP,Raisen,Madhya Pradesh,Delivery,Vidisha Division,DivReportingCircle,Madhya Pradesh Circle
464334,Tyonda S.O,MP-Vidisha,MP,Vidisha,Madhya Pradesh,Delivery,Vidisha Division,DivReportingCircle,Madhya Pradesh Circle
452001,Indore Manorama Ganj S.O,MP-Indore,MP,Indore,Madhya Pradesh,Non Delivery,Indore City Division,Indore Region,Madhya Pradesh Circle
452018,Indore Tillaknagar S.O,MP-Indore,MP,Indore,Madhya Pradesh,Delivery,Indore City Division,Indore Region,Madhya Pradesh Circle
452001,Indore Tukoganj S.O,MP-Indore,MP,Indore,Madhya Pradesh,Non Delivery,Indore City Division,Indore Region,Madhya Pradesh Circle
453001,Betma S.O,MP-Indore,MP,Indore,Madhya Pradesh,Delivery,Indore Moffusil Division,Indore Region,Madhya Pradesh Circle
452020,Kasturbagram S.O,MP-Indore,MP,Indore,Madhya Pradesh,Delivery,Indore Moffusil Division,Indore Region,Madhya Pradesh Circle
453441,Mhow S.O,MP-Indore,MP,Indore,Madhya Pradesh,Delivery,Indore Moffusil Division,Indore Region,Madhya Pradesh Circle
453552,Simrol S.O,MP-Indore,MP,Indore,Madhya Pradesh,Delivery,Indore Moffusil Division,Indore Region,Madhya Pradesh Circle
452002,Indore City 2 S.O,MP-Indore,MP,Indore,Madhya Pradesh,Delivery,Indore City Division,Indore Region,Madhya Pradesh Circle
452002,Indore Cloth Market S.O,MP-Indore,MP,Indore,Madhya Pradesh,Non Delivery,Indore City Division,Indore Region,Madhya Pradesh Circle
452015,Industrial Estate S.O (Indore),MP-Indore,MP,Indore,Madhya Pradesh,Delivery,Indore City Division,Indore Region,Madhya Pradesh Circle
452010,Sanwer Link Road Indore S.O,MP-Indore,MP,Indore,Madhya Pradesh,Non Delivery,Indore City Division,Indore Region,Madhya Pradesh Circle
452009,Sudama Nagar S.O,MP-Indore,MP,Indore,Madhya Pradesh,Delivery,Indore City Division,Indore Region,Madhya Pradesh Circle
452010,Indore Nipaniya SO,MP-Indore,MP,Indore,Madhya Pradesh,Non Delivery,Indore City Division,Indore Region,Madhya Pradesh Circle
455001,Dewas Bank Note Press S.O,MP-Dewas,MP,Dewas,Madhya Pradesh,Non Delivery,Indore Moffusil Division,Indore Region,Madhya Pradesh Circle
455001,Dewas Bhavanisagar S.O,MP-Dewas,MP,Dewas,Madhya Pradesh,Non Delivery,Indore Moffusil Division,Indore Region,Madhya Pradesh Circle
455001,Dewas Industrial Estate S.O,MP-Dewas,MP,Dewas,Madhya Pradesh,Non Delivery,Indore Moffusil Division,Indore Region,Madhya Pradesh Circle
455001,Dewas Radhaganj S.O,MP-Dewas,MP,Dewas,Madhya Pradesh,Non Delivery,Indore Moffusil Division,Indore Region,Madhya Pradesh Circle
455223,Hatpipliya S.O,MP-Dewas,MP,Dewas,Madhya Pradesh,Delivery,Indore Moffusil Division,Indore Region,Madhya Pradesh Circle
455339,Nemawar S.O,MP-Dewas,MP,Dewas,Madhya Pradesh,Delivery,Indore Moffusil Division,Indore Region,Madhya Pradesh Circle
455116,Tonkhurd S.O,MP-Dewas,MP,Dewas,Madhya Pradesh,Delivery,Indore Moffusil Division,Indore Region,Madhya Pradesh Circle
454001,Dhar Collectorate S.O,MP-Dhar,MP,Dhar,Madhya Pradesh,Non Delivery,Indore Moffusil Division,Indore Region,Madhya Pradesh Circle
454446,Manawar S.O,MP-Dhar,MP,Dhar,Madhya Pradesh,Delivery,Indore Moffusil Division,Indore Region,Madhya Pradesh Circle
482004,Anand Nagar S.O (Jabalpur),MP-Jabalpur,MP,Jabalpur,Madhya Pradesh,Non Delivery,Jabalpur Division,Jabalpur Region,Madhya Pradesh Circle
482001,Bai Ka Bagicha S.O,MP-Jabalpur,MP,Jabalpur,Madhya Pradesh,Non Delivery,Jabalpur Division,Jabalpur Region,Madhya Pradesh Circle
482056,Bargi Nagar S.O,MP-Jabalpur,MP,Jabalpur,Madhya Pradesh,Delivery,Jabalpur Division,Jabalpur Region,Madhya Pradesh Circle
482002,Dixitpura S.O,MP-Jabalpur,MP,Jabalpur,Madhya Pradesh,Non Delivery,Jabalpur Division,Jabalpur Region,Madhya Pradesh Circle
482002,Jonesganj S.O,MP-Jabalpur,MP,Jabalpur,Madhya Pradesh,Non Delivery,Jabalpur Division,Jabalpur Region,Madhya Pradesh Circle
483105,Katangi S.O (Jabalpur),MP-Jabalpur,MP,Jabalpur,Madhya Pradesh,Delivery,Jabalpur Division,Jabalpur Region,Madhya Pradesh Circle
482005,Khamaria S.O (Jabalpur),MP-Jabalpur,MP,Jabalpur,Madhya Pradesh,Delivery,Jabalpur Division,Jabalpur Region,Madhya Pradesh Circle
482002,Lordganj S.O,MP-Jabalpur,MP,Jabalpur,Madhya Pradesh,Non Delivery,Jabalpur Division,Jabalpur Region,Madhya Pradesh Circle
482002,Motinala S.O,MP-Jabalpur,MP,Jabalpur,Madhya Pradesh,Non Delivery,Jabalpur Division,Jabalpur Region,Madhya Pradesh Circle
483220,Panagar S.O (Jabalpur),MP-Jabalpur,MP,Jabalpur,Madhya Pradesh,Delivery,Jabalpur Division,Jabalpur Region,Madhya Pradesh Circle
482001,Prem Nagar S.O (Jabalpur),MP-Jabalpur,MP,Jabalpur,Madhya Pradesh,Non Delivery,Jabalpur Division,Jabalpur Region,Madhya Pradesh Circle
482005,Ranjhi Azad Nagar S.O,MP-Jabalpur,MP,Jabalpur,Madhya Pradesh,Non Delivery,Jabalpur Division,Jabalpur Region,Madhya Pradesh Circle
482001,Regimental Bazar S.O,MP-Jabalpur,MP,Jabalpur,Madhya Pradesh,Non Delivery,Jabalpur Division,Jabalpur Region,Madhya Pradesh Circle
482009,Shobhapur S.O,MP-Jabalpur,MP,Jabalpur,Madhya Pradesh,Non Delivery,Jabalpur Division,Jabalpur Region,Madhya Pradesh Circle
482009,Vehicle Factory S.O,MP-Jabalpur,MP,Jabalpur,Madhya Pradesh,Delivery,Jabalpur Division,Jabalpur Region,Madhya Pradesh Circle
482008,Vidyut Nagar S.O (Jabalpur),MP-Jabalpur,MP,Jabalpur,Madhya Pradesh,Delivery,Jabalpur Division,Jabalpur Region,Madhya Pradesh Circle
482002,Wright Town S.O,MP-Jabalpur,MP,Jabalpur,Madhya Pradesh,Non Delivery,Jabalpur Division,Jabalpur Region,Madhya Pradesh Circle
483773,Badwara S.O,MP-Katni,MP,Katni,Madhya Pradesh,Delivery,Jabalpur Division,Jabalpur Region,Madhya Pradesh Circle
483330,Bahori Band S.O,MP-Katni,MP,Katni,Madhya Pradesh,Delivery,Jabalpur Division,Jabalpur Region,Madhya Pradesh Circle
483222,Gosalpur S.O,MP-Jabalpur,MP,Jabalpur,Madhya Pradesh,Delivery,Jabalpur Division,Jabalpur Region,Madhya Pradesh Circle
483880,Kymore S.O,MP-Katni,MP,Katni,Madhya Pradesh,Delivery,Jabalpur Division,Jabalpur Region,Madhya Pradesh Circle
450331,Burhanpur S.O,MP-Burhanpur,MP,Burhanpur,Madhya Pradesh,Delivery,Khandwa Division,Indore Region,Madhya Pradesh Circle
450001,Khandwa Ratagarh S.O,MP-East Nimar,MP,East Nimar,Madhya Pradesh,Non Delivery,Khandwa Division,Indore Region,Madhya Pradesh Circle
450051,Kharkalan S.O,MP-East Nimar,MP,East Nimar,Madhya Pradesh,Delivery,Khandwa Division,Indore Region,Madhya Pradesh Circle
450554,Mandhata Omkareshwar S.O,MP-East Nimar,MP,East Nimar,Madhya Pradesh,Delivery,Khandwa Division,Indore Region,Madhya Pradesh Circle
450116,Naya Harsud S.O,MP-East Nimar,MP,East Nimar,Madhya Pradesh,Delivery,Khandwa Division,Indore Region,Madhya Pradesh Circle
450551,Nimarkhedi S.O,MP-Khargone,MP,Khargone,Madhya Pradesh,Delivery,Khandwa Division,Indore Region,Madhya Pradesh Circle
450001,Vidhya Nagar Khandwa S.O,MP-East Nimar,MP,East Nimar,Madhya Pradesh,Non Delivery,Khandwa Division,Indore Region,Madhya Pradesh Circle
451335,Gogawa S.O,MP-Khargone,MP,Khargone,Madhya Pradesh,Delivery,Khandwa Division,Indore Region,Madhya Pradesh Circle
451332,Jhirnia S.O,MP-Khargone,MP,Khargone,Madhya Pradesh,Delivery,Khandwa Division,Indore Region,Madhya Pradesh Circle
451225,Piplya Buzurg S.O,MP-Khargone,MP,Khargone,Madhya Pradesh,Delivery,Khandwa Division,Indore Region,Madhya Pradesh Circle
458778,Bhensoda Mandi S.O,MP-Mandsaur,MP,Mandsaur,Madhya Pradesh,Delivery,Mandsaur Division,Indore Region,Madhya Pradesh Circle
458771,Gandhi Sagar S.O,MP-Mandsaur,MP,Mandsaur,Madhya Pradesh,Delivery,Mandsaur Division,Indore Region,Madhya Pradesh Circle
458389,Laduna S.O,MP-Mandsaur,MP,Mandsaur,Madhya Pradesh,Delivery,Mandsaur Division,Indore Region,Madhya Pradesh Circle
458002,Mandsaur Fort S.O,MP-Mandsaur,MP,Mandsaur,Madhya Pradesh,Non Delivery,Mandsaur Division,Indore Region,Madhya Pradesh Circle
458226,Ratangarh S.O,MP-Neemuch,MP,Neemuch,Madhya Pradesh,Delivery,Mandsaur Division,Indore Region,Madhya Pradesh Circle
457990,Jobat S.O,MP-Alirajpur,MP,Alirajpur,Madhya Pradesh,Delivery,Ratlam Division,Indore Region,Madhya Pradesh Circle
457885,Katthiwada S.O,MP-Alirajpur,MP,Alirajpur,Madhya Pradesh,Delivery,Ratlam Division,Indore Region,Madhya Pradesh Circle
457772,Khawasa S.O (Jhabua),MP-Jhabua,MP,Jhabua,Madhya Pradesh,Delivery,Ratlam Division,Indore Region,Madhya Pradesh Circle
457888,Sondwa S.O,MP-Alirajpur,MP,Alirajpur,Madhya Pradesh,Delivery,Ratlam Division,Indore Region,Madhya Pradesh Circle
457340,KALUKHEDA S.O,MP-Ratlam,MP,Ratlam,Madhya Pradesh,Delivery,Ratlam Division,Indore Region,Madhya Pradesh Circle
457119,Kharwa kalan S.O,MP-Ratlam,MP,Ratlam,Madhya Pradesh,Delivery,Ratlam Division,Indore Region,Madhya Pradesh Circle
457331,Piploda S.O,MP-Ratlam,MP,Ratlam,Madhya Pradesh,Delivery,Ratlam Division,Indore Region,Madhya Pradesh Circle
465669,Narsinghgarh S.O,MP-Rajgarh,MP,Rajgarh,Madhya Pradesh,Delivery,Sehore Division,Indore Region,Madhya Pradesh Circle
465683,Pachore S.O,MP-Rajgarh,MP,Rajgarh,Madhya Pradesh,Delivery,Sehore Division,Indore Region,Madhya Pradesh Circle
466118,Metwada S.O,MP-Sehore,MP,Sehore,Madhya Pradesh,Delivery,Sehore Division,Indore Region,Madhya Pradesh Circle
466446,Rehti S.O,MP-Sehore,MP,Sehore,Madhya Pradesh,Delivery,Sehore Division,Indore Region,Madhya Pradesh Circle
466120,Siddikganj S.O,MP-Sehore,MP,Sehore,Madhya Pradesh,Delivery,Sehore Division,Indore Region,Madhya Pradesh Circle
465110,Berchha S.O,MP-Shajapur,MP,Shajapur,Madhya Pradesh,Delivery,Ujjain Division,Indore Region,Madhya Pradesh Circle
465333,Shujalpur  Mandi S.O,MP-Shajapur,MP,Shajapur,Madhya Pradesh,Delivery,Ujjain Division,Indore Region,Madhya Pradesh Circle
456771,Barnagar Town S.O,MP-Ujjain,MP,Ujjain,Madhya Pradesh,Non Delivery,Ujjain Division,Indore Region,Madhya Pradesh Circle
456331,Birlagram  Nagda S.O,MP-Ujjain,MP,Ujjain,Madhya Pradesh,Delivery,Ujjain Division,Indore Region,Madhya Pradesh Circle
456770,Kanasia S.O,MP-Ujjain,MP,Ujjain,Madhya Pradesh,Delivery,Ujjain Division,Indore Region,Madhya Pradesh Circle
456224,Khachraud Rs S.O,MP-Ujjain,MP,Ujjain,Madhya Pradesh,Non Delivery,Ujjain Division,Indore Region,Madhya Pradesh Circle
456335,Nagda  Town S.O,MP-Ujjain,MP,Ujjain,Madhya Pradesh,Non Delivery,Ujjain Division,Indore Region,Madhya Pradesh Circle
456003,Ujjain  Bherugarh S.O,MP-Ujjain,MP,Ujjain,Madhya Pradesh,Delivery,Ujjain Division,Indore Region,Madhya Pradesh Circle
456006,Ujjain  City S.O,MP-Ujjain,MP,Ujjain,Madhya Pradesh,Delivery,Ujjain Division,Indore Region,Madhya Pradesh Circle
456006,Ujjain  Gujrati  Samaj S.O,MP-Ujjain,MP,Ujjain,Madhya Pradesh,Non Delivery,Ujjain Division,Indore Region,Madhya Pradesh Circle
456010,Ujjain  Rishi Nagar S.O,MP-Ujjain,MP,Ujjain,Madhya Pradesh,Non Delivery,Ujjain Division,Indore Region,Madhya Pradesh Circle
473331,Ashoknagar City S.O,MP-Ashoknagar,MP,Ashoknagar,Madhya Pradesh,Non Delivery,Guna Division,DivReportingCircle,Madhya Pradesh Circle
473105,Bamori S.O,MP-Guna,MP,Guna,Madhya Pradesh,Delivery,Guna Division,DivReportingCircle,Madhya Pradesh Circle
473222,Kumbhraj S.O,MP-Guna,MP,Guna,Madhya Pradesh,Delivery,Guna Division,DivReportingCircle,Madhya Pradesh Circle
473226,Raghogarh S.O,MP-Guna,MP,Guna,Madhya Pradesh,Delivery,Guna Division,DivReportingCircle,Madhya Pradesh Circle
473885,Badarwas S.O,MP-Shivpuri,MP,Shivpuri,Madhya Pradesh,Delivery,Shivpuri Division,DivReportingCircle,Madhya Pradesh Circle
473551,Collectorate Bhawan Shiv S.O,MP-Shivpuri,MP,Shivpuri,Madhya Pradesh,Non Delivery,Shivpuri Division,DivReportingCircle,Madhya Pradesh Circle
473551,Shivpuri City S.O,MP-Shivpuri,MP,Shivpuri,Madhya Pradesh,Non Delivery,Shivpuri Division,DivReportingCircle,Madhya Pradesh Circle
473551,V.R.Colony Shivpuri S.O,MP-Shivpuri,MP,Shivpuri,Madhya Pradesh,Non Delivery,Shivpuri Division,DivReportingCircle,Madhya Pradesh Circle
475001,Antri S.O (Gwalior,MP-Gwalior,MP,Gwalior,Madhya Pradesh,Delivery,Gwalior Division,DivReportingCircle,Madhya Pradesh Circle
475335,Bhandair S.O,MP-Datia,MP,Datia,Madhya Pradesh,Delivery,Gwalior Division,DivReportingCircle,Madhya Pradesh Circle
475661,Datia Rajgarh S.O,MP-Datia,MP,Datia,Madhya Pradesh,Non Delivery,Gwalior Division,DivReportingCircle,Madhya Pradesh Circle
474009,Lashkar City S.O,MP-Gwalior,MP,Gwalior,Madhya Pradesh,Delivery,Gwalior Division,DivReportingCircle,Madhya Pradesh Circle
475115,Pichhore Gird S.O,MP-Gwalior,MP,Gwalior,Madhya Pradesh,Delivery,Gwalior Division,DivReportingCircle,Madhya Pradesh Circle
474001,Shinde Ki Chhawani S.O,MP-Gwalior,MP,Gwalior,Madhya Pradesh,Non Delivery,Gwalior Division,DivReportingCircle,Madhya Pradesh Circle
475005,Tekanpur S.O,MP-Gwalior,MP,Gwalior,Madhya Pradesh,Delivery,Gwalior Division,DivReportingCircle,Madhya Pradesh Circle
474001,V.N. Marg S.O,MP-Gwalior,MP,Gwalior,Madhya Pradesh,Non Delivery,Gwalior Division,DivReportingCircle,Madhya Pradesh Circle
474011,R. K. Puri Gwalior SO,MP-Gwalior,MP,Gwalior,Madhya Pradesh,Delivery,Gwalior Division,DivReportingCircle,Madhya Pradesh Circle
474004,Birla Nagar S.O,MP-Gwalior,MP,Gwalior,Madhya Pradesh,Delivery,Gwalior Division,DivReportingCircle,Madhya Pradesh Circle
474006,Morar Town S.O,MP-Gwalior,MP,Gwalior,Madhya Pradesh,Non Delivery,Gwalior Division,DivReportingCircle,Madhya Pradesh Circle
477001,Attair Road Bhind S.O,MP-Bhind,MP,Bhind,Madhya Pradesh,Non Delivery,Morena Division,DivReportingCircle,Madhya Pradesh Circle
477001,Bhind Kutchary S.O,MP-Bhind,MP,Bhind,Madhya Pradesh,Non Delivery,Morena Division,DivReportingCircle,Madhya Pradesh Circle
477001,Bhind Mandi S.O,MP-Bhind,MP,Bhind,Madhya Pradesh,Non Delivery,Morena Division,DivReportingCircle,Madhya Pradesh Circle
477660,Gormi S.O,MP-Bhind,MP,Bhind,Madhya Pradesh,Delivery,Morena Division,DivReportingCircle,Madhya Pradesh Circle
476001,Ambah Road Morena S.O,MP-Morena,MP,Morena,Madhya Pradesh,Non Delivery,Morena Division,DivReportingCircle,Madhya Pradesh Circle
476219,Baghchini S.O,MP-Morena,MP,Morena,Madhya Pradesh,Delivery,Morena Division,DivReportingCircle,Madhya Pradesh Circle
476335,Beerpur S.O,MP-Sheopur,MP,Sheopur,Madhya Pradesh,Delivery,Shivpuri Division,DivReportingCircle,Madhya Pradesh Circle
476001,Gopalpura Morena S.O,MP-Morena,MP,Morena,Madhya Pradesh,Non Delivery,Morena Division,DivReportingCircle,Madhya Pradesh Circle
476001,Morena City S.O,MP-Morena,MP,Morena,Madhya Pradesh,Non Delivery,Morena Division,DivReportingCircle,Madhya Pradesh Circle
476001,Morena Mandi S.O,MP-Morena,MP,Morena,Madhya Pradesh,Non Delivery,Morena Division,DivReportingCircle,Madhya Pradesh Circle
476228,Pahadgarh S.O,MP-Morena,MP,Morena,Madhya Pradesh,Delivery,Morena Division,DivReportingCircle,Madhya Pradesh Circle
476339,Sheopur Baroda S.O,MP-Sheopur,MP,Sheopur,Madhya Pradesh,Delivery,Morena Division,DivReportingCircle,Madhya Pradesh Circle
476337,Sheopur Collectorate S.O,MP-Sheopur,MP,Sheopur,Madhya Pradesh,Non Delivery,Shivpuri Division,DivReportingCircle,Madhya Pradesh Circle
403601,Gogol S.O,GA-South Goa,GA,South Goa,Goa,Non Delivery,Goa Division,Goa-Panaji Region,Maharashtra Circle
403718,Loutolim S.O,GA-South Goa,GA,South Goa,Goa,Delivery,Goa Division,Goa-Panaji Region,Maharashtra Circle
403803,Mormugao S.O,GA-South Goa,GA,South Goa,Goa,Delivery,Goa Division,Goa-Panaji Region,Maharashtra Circle
403719,Sem rachol  Soso S.O,GA-South Goa,GA,South Goa,Goa,Delivery,Goa Division,Goa-Panaji Region,Maharashtra Circle
403709,St. Jose De Areal S.O,GA-South Goa,GA,South Goa,Goa,Non Delivery,Goa Division,Goa-Panaji Region,Maharashtra Circle
403726,Zuarinagar S.O,GA-South Goa,GA,South Goa,Goa,Delivery,Goa Division,Goa-Panaji Region,Maharashtra Circle
403521,Alto Betim S.O,GA-North Goa,GA,North Goa,Goa,Non Delivery,Goa Division,Goa-Panaji Region,Maharashtra Circle
403521,Alto porvorim S.O,GA-North Goa,GA,North Goa,Goa,Delivery,Goa Division,Goa-Panaji Region,Maharashtra Circle
403503,Assonora S.O,GA-North Goa,GA,North Goa,Goa,Delivery,Goa Division,Goa-Panaji Region,Maharashtra Circle
403201,Bambolim Camp S.O,GA-North Goa,GA,North Goa,Goa,Delivery,Goa Division,Goa-Panaji Region,Maharashtra Circle
403202,Bambolim Complex S.O,GA-North Goa,GA,North Goa,Goa,Delivery,Goa Division,Goa-Panaji Region,Maharashtra Circle
403515,Candolim S.O,GA-North Goa,GA,North Goa,Goa,Delivery,Goa Division,Goa-Panaji Region,Maharashtra Circle
403108,Goa  velha S.O,GA-North Goa,GA,North Goa,Goa,Delivery,Goa Division,Goa-Panaji Region,Maharashtra Circle
403507,Mapusa I.E. S.O,GA-North Goa,GA,North Goa,Goa,Non Delivery,Goa Division,Goa-Panaji Region,Maharashtra Circle
403507,Mapusa S.O,GA-North Goa,GA,North Goa,Goa,Delivery,Goa Division,Goa-Panaji Region,Maharashtra Circle
403109,N B Verem S.O,GA-North Goa,GA,North Goa,Goa,Delivery,Goa Division,Goa-Panaji Region,Maharashtra Circle
403512,Pernem S.O,GA-North Goa,GA,North Goa,Goa,Delivery,Goa Division,Goa-Panaji Region,Maharashtra Circle
403401,Ponda Camp S.O,GA-South Goa,GA,South Goa,Goa,Non Delivery,Goa Division,Goa-Panaji Region,Maharashtra Circle
403501,Porvorim S.O,GA-North Goa,GA,North Goa,Goa,Delivery,Goa Division,Goa-Panaji Region,Maharashtra Circle
403525,Goa High Court S.O,GA-North Goa,GA,North Goa,Goa,Delivery,Goa Division,Goa-Panaji Region,Maharashtra Circle
416110,Bahubali S.O,MH-Kolhapur,MH,Kolhapur,Maharashtra,Delivery,Kolhapur Division,Goa-Panaji Region,Maharashtra Circle
416105,Ganeshwadi S.O (Kolhapur),MH-Kolhapur,MH,Kolhapur,Maharashtra,Delivery,Kolhapur Division,Goa-Panaji Region,Maharashtra Circle
416101,Jaysingpur S.O,MH-Kolhapur,MH,Kolhapur,Maharashtra,Delivery,Kolhapur Division,Goa-Panaji Region,Maharashtra Circle
416115,Kapadmarket Ichalkaranji S.O,MH-Kolhapur,MH,Kolhapur,Maharashtra,Non Delivery,Kolhapur Division,Goa-Panaji Region,Maharashtra Circle
416146,Parvati Industrial Estate S.O,MH-Kolhapur,MH,Kolhapur,Maharashtra,Delivery,Kolhapur Division,Goa-Panaji Region,Maharashtra Circle
416121,R K Nagar Ichalkaranji S.O,MH-Kolhapur,MH,Kolhapur,Maharashtra,Delivery,Kolhapur Division,Goa-Panaji Region,Maharashtra Circle
416115,Shivajinagar Ichalkaranji S.O,MH-Kolhapur,MH,Kolhapur,Maharashtra,Non Delivery,Kolhapur Division,Goa-Panaji Region,Maharashtra Circle
416113,Warnanagar S.O,MH-Kolhapur,MH,Kolhapur,Maharashtra,Delivery,Kolhapur Division,Goa-Panaji Region,Maharashtra Circle
416138,Kabnur SO,MH-Kolhapur,MH,Kolhapur,Maharashtra,Delivery,Kolhapur Division,Goa-Panaji Region,Maharashtra Circle
416007,Kalamba S.O,MH-Kolhapur,MH,Kolhapur,Maharashtra,Delivery,Kolhapur Division,Goa-Panaji Region,Maharashtra Circle
416205,Kale S.O (Kolhapur),MH-Kolhapur,MH,Kolhapur,Maharashtra,Delivery,Kolhapur Division,Goa-Panaji Region,Maharashtra Circle
416008,Rajarampuri S.O,MH-Kolhapur,MH,Kolhapur,Maharashtra,Non Delivery,Kolhapur Division,Goa-Panaji Region,Maharashtra Circle
416004,Shivaji University S.O,MH-Kolhapur,MH,Kolhapur,Maharashtra,Delivery,Kolhapur Division,Goa-Panaji Region,Maharashtra Circle
416008,Shivaji Veedyapeeth Marg S.O,MH-Kolhapur,MH,Kolhapur,Maharashtra,Non Delivery,Kolhapur Division,Goa-Panaji Region,Maharashtra Circle
416509,Chandgad S.O,MH-Kolhapur,MH,Kolhapur,Maharashtra,Delivery,Kolhapur Division,Goa-Panaji Region,Maharashtra Circle
416552,DSF Halkarni S.O,MH-Kolhapur,MH,Kolhapur,Maharashtra,Delivery,Kolhapur Division,Goa-Panaji Region,Maharashtra Circle
416506,Halkarni S.O,MH-Kolhapur,MH,Kolhapur,Maharashtra,Delivery,Kolhapur Division,Goa-Panaji Region,Maharashtra Circle
416216,Kagal S.O,MH-Kolhapur,MH,Kolhapur,Maharashtra,Delivery,Kolhapur Division,Goa-Panaji Region,Maharashtra Circle
416122,MIDC Shiroli S.O,MH-Kolhapur,MH,Kolhapur,Maharashtra,Delivery,Kolhapur Division,Goa-Panaji Region,Maharashtra Circle
416551,Nool S.O,MH-Kolhapur,MH,Kolhapur,Maharashtra,Delivery,Kolhapur Division,Goa-Panaji Region,Maharashtra Circle
416201,Panhala S.O,MH-Kolhapur,MH,Kolhapur,Maharashtra,Delivery,Kolhapur Division,Goa-Panaji Region,Maharashtra Circle
416118,Rukadi S.O,MH-Kolhapur,MH,Kolhapur,Maharashtra,Delivery,Kolhapur Division,Goa-Panaji Region,Maharashtra Circle
416215,Shahuwadi S.O,MH-Kolhapur,MH,Kolhapur,Maharashtra,Delivery,Kolhapur Division,Goa-Panaji Region,Maharashtra Circle
416221,Walwa Bk S.O,MH-Kolhapur,MH,Kolhapur,Maharashtra,Delivery,Kolhapur Division,Goa-Panaji Region,Maharashtra Circle
415603,Alore S.O,MH-Ratnagiri,MH,Ratnagiri,Maharashtra,Delivery,RATNAGIRI DIVISION,Goa-Panaji Region,Maharashtra Circle
415718,Dhamanand S.O,MH-Ratnagiri,MH,Ratnagiri,Maharashtra,Delivery,RATNAGIRI DIVISION,Goa-Panaji Region,Maharashtra Circle
415640,Khavati S.O,MH-Ratnagiri,MH,Ratnagiri,Maharashtra,Delivery,RATNAGIRI DIVISION,Goa-Panaji Region,Maharashtra Circle
415634,RGPPL Anjanvel S.O,MH-Ratnagiri,MH,Ratnagiri,Maharashtra,Delivery,RATNAGIRI DIVISION,Goa-Panaji Region,Maharashtra Circle
415711,Vakavali S.O,MH-Ratnagiri,MH,Ratnagiri,Maharashtra,Delivery,RATNAGIRI DIVISION,Goa-Panaji Region,Maharashtra Circle
416707,Adivare S.O,MH-Ratnagiri,MH,Ratnagiri,Maharashtra,Delivery,RATNAGIRI DIVISION,Goa-Panaji Region,Maharashtra Circle
415639,Kuvarbav S.O,MH-Ratnagiri,MH,Ratnagiri,Maharashtra,Non Delivery,RATNAGIRI DIVISION,Goa-Panaji Region,Maharashtra Circle
415639,MIDC (RTG) S.O,MH-Ratnagiri,MH,Ratnagiri,Maharashtra,Delivery,RATNAGIRI DIVISION,Goa-Panaji Region,Maharashtra Circle
415803,Pali (RTG) S.O,MH-Ratnagiri,MH,Ratnagiri,Maharashtra,Delivery,RATNAGIRI DIVISION,Goa-Panaji Region,Maharashtra Circle
416709,Sagave S.O,MH-Ratnagiri,MH,Ratnagiri,Maharashtra,Delivery,RATNAGIRI DIVISION,Goa-Panaji Region,Maharashtra Circle
415613,Saitavada S.O,MH-Ratnagiri,MH,Ratnagiri,Maharashtra,Delivery,RATNAGIRI DIVISION,Goa-Panaji Region,Maharashtra Circle
415802,Shiposhi S.O,MH-Ratnagiri,MH,Ratnagiri,Maharashtra,Delivery,RATNAGIRI DIVISION,Goa-Panaji Region,Maharashtra Circle
415643,Watul S.O,MH-Ratnagiri,MH,Ratnagiri,Maharashtra,Delivery,RATNAGIRI DIVISION,Goa-Panaji Region,Maharashtra Circle
416410,Brahmanpuri Miraj S.O,MH-Sangli,MH,Sangli,Maharashtra,Non Delivery,SANGLI DIVISION,Goa-Panaji Region,Maharashtra Circle
416402,Daphalapur S.O,MH-Sangli,MH,Sangli,Maharashtra,Delivery,SANGLI DIVISION,Goa-Panaji Region,Maharashtra Circle
416404,Jath S.O,MH-Sangli,MH,Sangli,Maharashtra,Delivery,SANGLI DIVISION,Goa-Panaji Region,Maharashtra Circle
416405,Kavathe Mahankal S.O,MH-Sangli,MH,Sangli,Maharashtra,Delivery,SANGLI DIVISION,Goa-Panaji Region,Maharashtra Circle
416407,Malgaon S.O,MH-Sangli,MH,Sangli,Maharashtra,Delivery,SANGLI DIVISION,Goa-Panaji Region,Maharashtra Circle
416316,Ankalkhop S.O,MH-Sangli,MH,Sangli,Maharashtra,Delivery,SANGLI DIVISION,Goa-Panaji Region,Maharashtra Circle
415301,Atpadi S.O,MH-Sangli,MH,Sangli,Maharashtra,Delivery,SANGLI DIVISION,Goa-Panaji Region,Maharashtra Circle
415302,Bhavaninagar S.O (Sangli),MH-Sangli,MH,Sangli,Maharashtra,Delivery,SANGLI DIVISION,Goa-Panaji Region,Maharashtra Circle
415413,Borgaon S.O (Sangli),MH-Sangli,MH,Sangli,Maharashtra,Delivery,SANGLI DIVISION,Goa-Panaji Region,Maharashtra Circle
416304,Budhgaon S.O,MH-Sangli,MH,Sangli,Maharashtra,Delivery,SANGLI DIVISION,Goa-Panaji Region,Maharashtra Circle
415303,Devrashtra S.O,MH-Sangli,MH,Sangli,Maharashtra,Delivery,SANGLI DIVISION,Goa-Panaji Region,Maharashtra Circle
416305,Digraj Kasaba S.O,MH-Sangli,MH,Sangli,Maharashtra,Delivery,SANGLI DIVISION,Goa-Panaji Region,Maharashtra Circle
415306,Kargani S.O,MH-Sangli,MH,Sangli,Maharashtra,Delivery,SANGLI DIVISION,Goa-Panaji Region,Maharashtra Circle
416306,Kavalapur S.O,MH-Sangli,MH,Sangli,Maharashtra,Delivery,SANGLI DIVISION,Goa-Panaji Region,Maharashtra Circle
416436,Kupwad MIDC Area S.O,MH-Sangli,MH,Sangli,Maharashtra,Delivery,SANGLI DIVISION,Goa-Panaji Region,Maharashtra Circle
415406,Nerla S.O,MH-Sangli,MH,Sangli,Maharashtra,Delivery,SANGLI DIVISION,Goa-Panaji Region,Maharashtra Circle
415407,Peth S.O (Sangli),MH-Sangli,MH,Sangli,Maharashtra,Delivery,SANGLI DIVISION,Goa-Panaji Region,Maharashtra Circle
415313,Takari S.O,MH-Sangli,MH,Sangli,Maharashtra,Delivery,SANGLI DIVISION,Goa-Panaji Region,Maharashtra Circle
415411,Yelur S.O,MH-Sangli,MH,Sangli,Maharashtra,Delivery,SANGLI DIVISION,Goa-Panaji Region,Maharashtra Circle
415418,Mangale S.O.,MH-Sangli,MH,Sangli,Maharashtra,Delivery,SANGLI DIVISION,Goa-Panaji Region,Maharashtra Circle
416614,Achara S.O,MH-Sindhudurg,MH,Sindhudurg,Maharashtra,Delivery,SINDHUDURG DIVISION,Goa-Panaji Region,Maharashtra Circle
416605,Chouke S.O,MH-Sindhudurg,MH,Sindhudurg,Maharashtra,Delivery,SINDHUDURG DIVISION,Goa-Panaji Region,Maharashtra Circle
416612,Jamsande S.O,MH-Sindhudurg,MH,Sindhudurg,Maharashtra,Delivery,SINDHUDURG DIVISION,Goa-Panaji Region,Maharashtra Circle
416604,Katta S.O,MH-Sindhudurg,MH,Sindhudurg,Maharashtra,Delivery,SINDHUDURG DIVISION,Goa-Panaji Region,Maharashtra Circle
416608,Masura S.O,MH-Sindhudurg,MH,Sindhudurg,Maharashtra,Delivery,SINDHUDURG DIVISION,Goa-Panaji Region,Maharashtra Circle
416616,Ramgad S.O,MH-Sindhudurg,MH,Sindhudurg,Maharashtra,Delivery,SINDHUDURG DIVISION,Goa-Panaji Region,Maharashtra Circle
416812,Sindhudurgnagari MDG S.O,MH-Sindhudurg,MH,Sindhudurg,Maharashtra,Delivery,SINDHUDURG DIVISION,Goa-Panaji Region,Maharashtra Circle
416810,Vaibhavwadi S.O,MH-Sindhudurg,MH,Sindhudurg,Maharashtra,Delivery,SINDHUDURG DIVISION,Goa-Panaji Region,Maharashtra Circle
416517,Redi S.O,MH-Sindhudurg,MH,Sindhudurg,Maharashtra,Delivery,SINDHUDURG DIVISION,Goa-Panaji Region,Maharashtra Circle
416529,Talavade S.O,MH-Sindhudurg,MH,Sindhudurg,Maharashtra,Delivery,SINDHUDURG DIVISION,Goa-Panaji Region,Maharashtra Circle
416524,Walaval S.O,MH-Sindhudurg,MH,Sindhudurg,Maharashtra,Delivery,SINDHUDURG DIVISION,Goa-Panaji Region,Maharashtra Circle
400033,Cotton Exchange S.O,MH-Mumbai,MH,Mumbai,Maharashtra,Non Delivery,Mumbai City East Division,Mumbai Region,Maharashtra Circle
400010,Dockyard Road S.O,MH-Mumbai,MH,Mumbai,Maharashtra,Non Delivery,Mumbai City East Division,Mumbai Region,Maharashtra Circle
400003,Mandvi S.O (Mumbai),MH-Mumbai,MH,Mumbai,Maharashtra,Delivery,Mumbai City East Division,Mumbai Region,Maharashtra Circle
400003,Masjid S.O,MH-Mumbai,MH,Mumbai,Maharashtra,Non Delivery,Mumbai City East Division,Mumbai Region,Maharashtra Circle
400010,Mazgaon S.O,MH-Mumbai Suburban,MH,Mumbai Suburban,Maharashtra,Delivery,Mumbai City East Division,Mumbai Region,Maharashtra Circle
400015,Sewri S.O,MH-Mumbai,MH,Mumbai,Maharashtra,Delivery,Mumbai City East Division,Mumbai Region,Maharashtra Circle
400037,Antop Hill S.O,MH-Mumbai,MH,Mumbai,Maharashtra,Delivery,Mumbai City East Division,Mumbai Region,Maharashtra Circle
400037,B P T Colony S.O,MH-Mumbai,MH,Mumbai,Maharashtra,Non Delivery,Mumbai City East Division,Mumbai Region,Maharashtra Circle
400012,Parel Naka S.O,MH-Mumbai,MH,Mumbai,Maharashtra,Non Delivery,Mumbai City East Division,Mumbai Region,Maharashtra Circle
400037,Wadala Truck Terminal S.O,MH-Mumbai,MH,Mumbai,Maharashtra,Non Delivery,Mumbai City East Division,Mumbai Region,Maharashtra Circle
400070,Kurla North SO,MH-Mumbai Suburban,MH,Mumbai Suburban,Maharashtra,Non Delivery,Mumbai City North East Division,Mumbai Region,Maharashtra Circle
400024,Nehru Nagar SO,MH-Mumbai Suburban,MH,Mumbai Suburban,Maharashtra,Delivery,Mumbai City North East Division,Mumbai Region,Maharashtra Circle
400070,Netaji Nagar SO,MH-Mumbai Suburban,MH,Mumbai Suburban,Maharashtra,Non Delivery,Mumbai City North East Division,Mumbai Region,Maharashtra Circle
400072,Sakinaka SO,MH-Mumbai Suburban,MH,Mumbai Suburban,Maharashtra,Delivery,Mumbai City North East Division,Mumbai Region,Maharashtra Circle
400072,Vihar Road SO,MH-Mumbai Suburban,MH,Mumbai Suburban,Maharashtra,Non Delivery,Mumbai City North East Division,Mumbai Region,Maharashtra Circle
400069,Andheri East S.O,MH-Mumbai Suburban,MH,Mumbai Suburban,Maharashtra,Delivery,Mumbai City North Division,Mumbai Region,Maharashtra Circle
400053,Azad Nagar S.O (Mumbai),MH-Mumbai Suburban,MH,Mumbai Suburban,Maharashtra,Delivery,Mumbai City North Division,Mumbai Region,Maharashtra Circle
400051,B.N. Bhavan S.O,MH-Mumbai Suburban,MH,Mumbai Suburban,Maharashtra,Non Delivery,Mumbai City North Division,Mumbai Region,Maharashtra Circle
400051,Bandra(East) S.O,MH-Mumbai Suburban,MH,Mumbai Suburban,Maharashtra,Delivery,Mumbai City North Division,Mumbai Region,Maharashtra Circle
400093,Chakala Midc S.O,MH-Mumbai Suburban,MH,Mumbai Suburban,Maharashtra,Delivery,Mumbai City North Division,Mumbai Region,Maharashtra Circle
400056,IRLA S.O,MH-Mumbai Suburban,MH,Mumbai Suburban,Maharashtra,Non Delivery,Mumbai City North Division,Mumbai Region,Maharashtra Circle
400052,V.P. Road S.O,MH-Mumbai Suburban,MH,Mumbai Suburban,Maharashtra,Non Delivery,Mumbai City North Division,Mumbai Region,Maharashtra Circle
400061,Vesava S.O,MH-Mumbai Suburban,MH,Mumbai Suburban,Maharashtra,Delivery,Mumbai City North Division,Mumbai Region,Maharashtra Circle
400057,Vileparle Railway Station S.O,MH-Mumbai Suburban,MH,Mumbai Suburban,Maharashtra,Non Delivery,Mumbai City North Division,Mumbai Region,Maharashtra Circle
400078,Bhandup West SO,MH-Mumbai Suburban,MH,Mumbai Suburban,Maharashtra,Delivery,Mumbai City North East Division,Mumbai Region,Maharashtra Circle
400075,RANagar SO,MH-Mumbai Suburban,MH,Mumbai Suburban,Maharashtra,Non Delivery,Mumbai City North East Division,Mumbai Region,Maharashtra Circle
400080,SB Road SO,MH-Mumbai Suburban,MH,Mumbai Suburban,Maharashtra,Non Delivery,Mumbai City North East Division,Mumbai Region,Maharashtra Circle
400065,Aareymilk Colony SO,MH-Mumbai Suburban,MH,Mumbai Suburban,Maharashtra,Delivery,Mumbai City North West Division,Mumbai Region,Maharashtra Circle
400092,Borivali West SO,MH-Mumbai Suburban,MH,Mumbai Suburban,Maharashtra,Delivery,Mumbai City North West Division,Mumbai Region,Maharashtra Circle
400063,Goregaon East SO,MH-Mumbai Suburban,MH,Mumbai Suburban,Maharashtra,Delivery,Mumbai City North West Division,Mumbai Region,Maharashtra Circle
400104,Goregaon SO Mumbai,MH-Mumbai Suburban,MH,Mumbai Suburban,Maharashtra,Non Delivery,Mumbai City North West Division,Mumbai Region,Maharashtra Circle
400101,Kandivali East SO,MH-Mumbai Suburban,MH,Mumbai Suburban,Maharashtra,Delivery,Mumbai City North West Division,Mumbai Region,Maharashtra Circle
400095,Kharodi SO,MH-Mumbai Suburban,MH,Mumbai Suburban,Maharashtra,Delivery,Mumbai City North West Division,Mumbai Region,Maharashtra Circle
400064,Liberty Garden SO,MH-Mumbai Suburban,MH,Mumbai Suburban,Maharashtra,Non Delivery,Mumbai City North West Division,Mumbai Region,Maharashtra Circle
400064,Malad West Dely SO,MH-Mumbai Suburban,MH,Mumbai Suburban,Maharashtra,Delivery,Mumbai City North West Division,Mumbai Region,Maharashtra Circle
400103,Mandapeshwar SO,MH-Mumbai Suburban,MH,Mumbai Suburban,Maharashtra,Delivery,Mumbai City North West Division,Mumbai Region,Maharashtra Circle
400067,Kandivali RS SO,MH-Mumbai Suburban,MH,Mumbai Suburban,Maharashtra,Non Delivery,Mumbai City North West Division,Mumbai Region,Maharashtra Circle
400004,Chaupati S.O,MH-Mumbai,MH,Mumbai,Maharashtra,Non Delivery,Mumbai City South Division,Mumbai Region,Maharashtra Circle
400002,S. C. Court S.O,MH-Mumbai,MH,Mumbai,Maharashtra,Non Delivery,Mumbai City South Division,Mumbai Region,Maharashtra Circle
400030,Century Mill S.O,MH-Mumbai,MH,Mumbai,Maharashtra,Non Delivery,Mumbai City West Division,Mumbai Region,Maharashtra Circle
400016,Mahim East S.O,MH-Mumbai,MH,Mumbai,Maharashtra,Non Delivery,Mumbai City West Division,Mumbai Region,Maharashtra Circle
400028,Shivaji Park S.O (Mumbai),MH-Mumbai,MH,Mumbai,Maharashtra,Non Delivery,Mumbai City West Division,Mumbai Region,Maharashtra Circle
400026,Cumballa Sea Face S.O,MH-Mumbai,MH,Mumbai,Maharashtra,Non Delivery,Mumbai City West Division,Mumbai Region,Maharashtra Circle
400008,Falkland Road S.O,MH-Mumbai,MH,Mumbai,Maharashtra,Non Delivery,Mumbai City West Division,Mumbai Region,Maharashtra Circle
400011,Jacob Circle S.O,MH-Mumbai,MH,Mumbai,Maharashtra,Delivery,Mumbai City West Division,Mumbai Region,Maharashtra Circle
400035,Rajbhavan S.O (Mumbai),MH-Mumbai,MH,Mumbai,Maharashtra,Delivery,Mumbai City West Division,Mumbai Region,Maharashtra Circle
400007,Tardeo S.O,MH-Mumbai,MH,Mumbai,Maharashtra,Non Delivery,Mumbai City West Division,Mumbai Region,Maharashtra Circle
400005,Colaba Bazar SO,MH-Mumbai,MH,Mumbai,Maharashtra,Non Delivery,Mumbai City South Division,Mumbai Region,Maharashtra Circle
400005,Colaba SO,MH-Mumbai,MH,Mumbai,Maharashtra,Delivery,Mumbai City South Division,Mumbai Region,Maharashtra Circle
400032,High Court Building SO Mumbai,MH-Mumbai,MH,Mumbai,Maharashtra,Non Delivery,Mumbai City South Division,Mumbai Region,Maharashtra Circle
400001,Town Hall SO Mumbai,MH-Mumbai,MH,Mumbai,Maharashtra,Non Delivery,Mumbai City South Division,Mumbai Region,Maharashtra Circle
400708,Airoli S.O,MH-Thane,MH,Thane,Maharashtra,Delivery,Navi Mumbai Division,Navi Mumbai Region,Maharashtra Circle
410203,Khopoli S.O,MH-Raigad,MH,Raigad,Maharashtra,Non Delivery,Navi Mumbai Division,Navi Mumbai Region,Maharashtra Circle
400614,Konkan Bhavan S.O,MH-Thane,MH,Thane,Maharashtra,Delivery,Navi Mumbai Division,Navi Mumbai Region,Maharashtra Circle
400706,Nerul Node II S.O,MH-Thane,MH,Thane,Maharashtra,Non Delivery,Navi Mumbai Division,Navi Mumbai Region,Maharashtra Circle
410208,Taloja Panchanand SO,MH-Raigad,MH,Raigad,Maharashtra,Non Delivery,Navi Mumbai Division,Navi Mumbai Region,Maharashtra Circle
402107,Pen SO,MH-Raigad,MH,Raigad,Maharashtra,Delivery,Raigad Division,Navi Mumbai Region,Maharashtra Circle
402303,Poladpur SO,MH-Raigad,MH,Raigad,Maharashtra,Delivery,Raigad Division,Navi Mumbai Region,Maharashtra Circle
402122,Sai SO,MH-Raigad,MH,Raigad,Maharashtra,Delivery,Raigad Division,Navi Mumbai Region,Maharashtra Circle
402111,Tala SO RaigarhMH,MH-Raigad,MH,Raigad,Maharashtra,Delivery,Raigad Division,Navi Mumbai Region,Maharashtra Circle
402207,Thal SO RaigarhMH,MH-Raigad,MH,Raigad,Maharashtra,Delivery,Raigad Division,Navi Mumbai Region,Maharashtra Circle
402113,Walwati SO,MH-Raigad,MH,Raigad,Maharashtra,Delivery,Raigad Division,Navi Mumbai Region,Maharashtra Circle
421501,Ambernath South S.O,MH-Thane,MH,Thane,Maharashtra,Non Delivery,Thane Division,Navi Mumbai Region,Maharashtra Circle
421603,Bhatsanagar S.O,MH-Thane,MH,Thane,Maharashtra,Delivery,Thane Division,Navi Mumbai Region,Maharashtra Circle
421402,Dhasai S.O,MH-Thane,MH,Thane,Maharashtra,Delivery,Thane Division,Navi Mumbai Region,Maharashtra Circle
421203,Dombivali I.A. S.O,MH-Thane,MH,Thane,Maharashtra,Delivery,Thane Division,Navi Mumbai Region,Maharashtra Circle
421306,Ganeshwadi S.O (Thane),MH-Thane,MH,Thane,Maharashtra,Non Delivery,Thane Division,Navi Mumbai Region,Maharashtra Circle
421505,Netaji Bazar S.O,MH-Thane,MH,Thane,Maharashtra,Delivery,Thane Division,Navi Mumbai Region,Maharashtra Circle
421103,Shahad S.O,MH-Thane,MH,Thane,Maharashtra,Delivery,Thane Division,Navi Mumbai Region,Maharashtra Circle
400606,Jekegram S.O,MH-Thane,MH,Thane,Maharashtra,Delivery,Thane Division,Navi Mumbai Region,Maharashtra Circle
421312,Kudus S.O,MH-Palghar,MH,Palghar,Maharashtra,Delivery,Thane Division,Navi Mumbai Region,Maharashtra Circle
400602,Naupada S.O (Thane),MH-Thane,MH,Thane,Maharashtra,Delivery,Thane Division,Navi Mumbai Region,Maharashtra Circle
421311,Saravali S.O,MH-Thane,MH,Thane,Maharashtra,Delivery,Thane Division,Navi Mumbai Region,Maharashtra Circle
401503,Chinchani S.O,MH-Palghar,MH,Palghar,Maharashtra,Delivery,Palghar Division,Navi Mumbai Region,Maharashtra Circle
401401,Kelwa S.O (Thane),MH-Palghar,MH,Palghar,Maharashtra,Delivery,Palghar Division,Navi Mumbai Region,Maharashtra Circle
401204,Vajreshwari S.O,MH-Thane,MH,Thane,Maharashtra,Delivery,Palghar Division,Navi Mumbai Region,Maharashtra Circle
401208,Vasai East IE S.O,MH-Palghar,MH,Palghar,Maharashtra,Delivery,Palghar Division,Navi Mumbai Region,Maharashtra Circle
401303,Virar S.O,MH-Palghar,MH,Palghar,Maharashtra,Delivery,Palghar Division,Navi Mumbai Region,Maharashtra Circle
401205,Juchandra,MH-Palghar,MH,Palghar,Maharashtra,Delivery,Palghar Division,Navi Mumbai Region,Maharashtra Circle
444101,Akot Kut S.O,MH-Akola,MH,Akola,Maharashtra,Non Delivery,Akola Division,Nagpur Region,Maharashtra Circle
444101,Akot S.O,MH-Akola,MH,Akola,Maharashtra,Delivery,Akola Division,Nagpur Region,Maharashtra Circle
444507,Ansing S.O,MH-Washim,MH,Washim,Maharashtra,Delivery,Akola Division,Nagpur Region,Maharashtra Circle
444401,Barshitakli S.O,MH-Akola,MH,Akola,Maharashtra,Delivery,Akola Division,Nagpur Region,Maharashtra Circle
444102,Borgaon Manju S.O,MH-Akola,MH,Akola,Maharashtra,Delivery,Akola Division,Nagpur Region,Maharashtra Circle
444405,Mahan S.O,MH-Akola,MH,Akola,Maharashtra,Delivery,Akola Division,Nagpur Region,Maharashtra Circle
444403,Mangrulpir S.O,MH-Washim,MH,Washim,Maharashtra,Delivery,Akola Division,Nagpur Region,Maharashtra Circle
444404,Manora S.O (Washim),MH-Washim,MH,Washim,Maharashtra,Delivery,Akola Division,Nagpur Region,Maharashtra Circle
444402,Shelubazar S.O,MH-Washim,MH,Washim,Maharashtra,Delivery,Akola Division,Nagpur Region,Maharashtra Circle
444502,Vadegaon S.O,MH-Akola,MH,Akola,Maharashtra,Delivery,Akola Division,Nagpur Region,Maharashtra Circle
444505,Washim City S.O,MH-Washim,MH,Washim,Maharashtra,Non Delivery,Akola Division,Nagpur Region,Maharashtra Circle
444602,Amravati Camp S.O,MH-Amravati,MH,Amravati,Maharashtra,Delivery,Amaravati Division,Nagpur Region,Maharashtra Circle
444605,H. V. Nagar S.O,MH-Amravati,MH,Amravati,Maharashtra,Delivery,Amaravati Division,Nagpur Region,Maharashtra Circle
444711,Mangrul Dastgir S.O,MH-Amravati,MH,Amravati,Maharashtra,Delivery,Amaravati Division,Nagpur Region,Maharashtra Circle
444804,Purna Nagar S.O,MH-Amravati,MH,Amravati,Maharashtra,Delivery,Amaravati Division,Nagpur Region,Maharashtra Circle
444907,Shendurjana Ghat S.O,MH-Amravati,MH,Amravati,Maharashtra,Delivery,Amaravati Division,Nagpur Region,Maharashtra Circle
444801,Walgaon S.O,MH-Amravati,MH,Amravati,Maharashtra,Delivery,Amaravati Division,Nagpur Region,Maharashtra Circle
444915,Yawali S.O,MH-Amravati,MH,Amravati,Maharashtra,Delivery,Amaravati Division,Nagpur Region,Maharashtra Circle
444704,Chandur Bazar S.O,MH-Amravati,MH,Amravati,Maharashtra,Delivery,Amaravati Division,Nagpur Region,Maharashtra Circle
444807,Chikhaldara S.O,MH-Amravati,MH,Amravati,Maharashtra,Delivery,Amaravati Division,Nagpur Region,Maharashtra Circle
444702,Dharni S.O,MH-Amravati,MH,Amravati,Maharashtra,Delivery,Amaravati Division,Nagpur Region,Maharashtra Circle
443002,Chaitanya Wadi S.O,MH-Buldhana,MH,Buldhana,Maharashtra,Delivery,Buldana Division,Nagpur Region,Maharashtra Circle
443102,Datala S.O,MH-Buldhana,MH,Buldhana,Maharashtra,Delivery,Buldana Division,Nagpur Region,Maharashtra Circle
443104,Dhamangaon Badhe S.O,MH-Buldhana,MH,Buldhana,Maharashtra,Delivery,Buldana Division,Nagpur Region,Maharashtra Circle
443101,Malkapur S.O (Buldhana),MH-Buldhana,MH,Buldhana,Maharashtra,Delivery,Buldana Division,Nagpur Region,Maharashtra Circle
443203,Sindkhed Raja S.O,MH-Buldhana,MH,Buldhana,Maharashtra,Delivery,Buldana Division,Nagpur Region,Maharashtra Circle
444301,Amdapur S.O,MH-Buldhana,MH,Buldhana,Maharashtra,Delivery,Buldana Division,Nagpur Region,Maharashtra Circle
443302,Lonar S.O,MH-Buldhana,MH,Buldhana,Maharashtra,Delivery,Buldana Division,Nagpur Region,Maharashtra Circle
441207,Desaiganj S.O,MH-Gadchiroli,MH,Gadchiroli,Maharashtra,Delivery,Chandrapur Division,Nagpur Region,Maharashtra Circle
442605,Gadchiroli Coll S.O,MH-Gadchiroli,MH,Gadchiroli,Maharashtra,Non Delivery,Chandrapur Division,Nagpur Region,Maharashtra Circle
442505,Ghugus Colliery S.O,MH-Chandrapur,MH,Chandrapur,Maharashtra,Delivery,Chandrapur Division,Nagpur Region,Maharashtra Circle
442702,Gondpipri S.O,MH-Chandrapur,MH,Chandrapur,Maharashtra,Delivery,Chandrapur Division,Nagpur Region,Maharashtra Circle
442507,H.L.C. S.O,MH-Chandrapur,MH,Chandrapur,Maharashtra,Delivery,Chandrapur Division,Nagpur Region,Maharashtra Circle
441224,Mul S.O,MH-Chandrapur,MH,Chandrapur,Maharashtra,Delivery,Chandrapur Division,Nagpur Region,Maharashtra Circle
441212,Rajoli S.O (Chandrapur),MH-Chandrapur,MH,Chandrapur,Maharashtra,Delivery,Chandrapur Division,Nagpur Region,Maharashtra Circle
442503,Shivjinagar S.O,MH-Chandrapur,MH,Chandrapur,Maharashtra,Delivery,Chandrapur Division,Nagpur Region,Maharashtra Circle
441217,Vairagadh S.O,MH-Gadchiroli,MH,Gadchiroli,Maharashtra,Delivery,Chandrapur Division,Nagpur Region,Maharashtra Circle
440024,Hanuman Nagar S.O,MH-Nagpur,MH,Nagpur,Maharashtra,Non Delivery,Nagpur City Division,Nagpur Region,Maharashtra Circle
440035,Kalmna Market Yard S.O,MH-Nagpur,MH,Nagpur,Maharashtra,Delivery,Nagpur City Division,Nagpur Region,Maharashtra Circle
440032,Mahal S.O (Nagpur),MH-Nagpur,MH,Nagpur,Maharashtra,Delivery,Nagpur City Division,Nagpur Region,Maharashtra Circle
440002,Nayapura S.O,MH-Nagpur,MH,Nagpur,Maharashtra,Non Delivery,Nagpur City Division,Nagpur Region,Maharashtra Circle
440037,BESA Road S.O,MH-Nagpur,MH,Nagpur,Maharashtra,Delivery,Nagpur City Division,Nagpur Region,Maharashtra Circle
440010,Gokulpeth S.O,MH-Nagpur,MH,Nagpur,Maharashtra,Non Delivery,Nagpur City Division,Nagpur Region,Maharashtra Circle
440015,Narendra Nagar S.O (Nagpur),MH-Nagpur,MH,Nagpur,Maharashtra,Non Delivery,Nagpur City Division,Nagpur Region,Maharashtra Circle
440015,Samartha Nagar S.O,MH-Nagpur,MH,Nagpur,Maharashtra,Non Delivery,Nagpur City Division,Nagpur Region,Maharashtra Circle
440016,SRPF S.O,MH-Nagpur,MH,Nagpur,Maharashtra,Non Delivery,Nagpur City Division,Nagpur Region,Maharashtra Circle
440022,Trimurti Nagar S.O,MH-Nagpur,MH,Nagpur,Maharashtra,Non Delivery,Nagpur City Division,Nagpur Region,Maharashtra Circle
440033,University Campus S.O (Nagpur),MH-Nagpur,MH,Nagpur,Maharashtra,Delivery,Nagpur City Division,Nagpur Region,Maharashtra Circle
441110,Hingna S.O,MH-Nagpur,MH,Nagpur,Maharashtra,Delivery,Nagpur Moffusil Division,Nagpur Region,Maharashtra Circle
440016,MIDC Nagpur S.O,MH-Nagpur,MH,Nagpur,Maharashtra,Non Delivery,Nagpur Moffusil Division,Nagpur Region,Maharashtra Circle
441914,Andhalgaon S.O,MH-Bhandara,MH,Bhandara,Maharashtra,Delivery,Nagpur Moffusil Division,Nagpur Region,Maharashtra Circle
441805,Dighori S.O,MH-Bhandara,MH,Bhandara,Maharashtra,Delivery,Nagpur Moffusil Division,Nagpur Region,Maharashtra Circle
441908,Konda Kosra S.O,MH-Bhandara,MH,Bhandara,Maharashtra,Delivery,Nagpur Moffusil Division,Nagpur Region,Maharashtra Circle
441804,Lakhni S.O,MH-Bhandara,MH,Bhandara,Maharashtra,Delivery,Nagpur Moffusil Division,Nagpur Region,Maharashtra Circle
441915,Sihora S.O (Bhandara),MH-Bhandara,MH,Bhandara,Maharashtra,Delivery,Nagpur Moffusil Division,Nagpur Region,Maharashtra Circle
441701,Arjuni Morgaon S.O,MH-Gondia,MH,Gondia,Maharashtra,Delivery,Nagpur Moffusil Division,Nagpur Region,Maharashtra Circle
441806,Soundad S.O,MH-Gondia,MH,Gondia,Maharashtra,Delivery,Nagpur Moffusil Division,Nagpur Region,Maharashtra Circle
441501,Kalmeshwar S.O,MH-Nagpur,MH,Nagpur,Maharashtra,Delivery,Nagpur Moffusil Division,Nagpur Region,Maharashtra Circle
441404,Kamthi Colliery S.O,MH-Nagpur,MH,Nagpur,Maharashtra,Delivery,Nagpur Moffusil Division,Nagpur Region,Maharashtra Circle
441202,Kuhi S.O,MH-Nagpur,MH,Nagpur,Maharashtra,Delivery,Nagpur Moffusil Division,Nagpur Region,Maharashtra Circle
441210,Mandhal S.O,MH-Nagpur,MH,Nagpur,Maharashtra,Delivery,Nagpur Moffusil Division,Nagpur Region,Maharashtra Circle
441502,Mohpa S.O,MH-Nagpur,MH,Nagpur,Maharashtra,Delivery,Nagpur Moffusil Division,Nagpur Region,Maharashtra Circle
441203,Umred S.O,MH-Nagpur,MH,Nagpur,Maharashtra,Delivery,Nagpur Moffusil Division,Nagpur Region,Maharashtra Circle
442001,Indira Market Wardha S.O,MH-Wardha,MH,Wardha,Maharashtra,Non Delivery,Wardha Division,Nagpur Region,Maharashtra Circle
442001,Ramnagar Wardha S.O,MH-Wardha,MH,Wardha,Maharashtra,Non Delivery,Wardha Division,Nagpur Region,Maharashtra Circle
442104,Seloo S.O,MH-Wardha,MH,Wardha,Maharashtra,Delivery,Wardha Division,Nagpur Region,Maharashtra Circle
445001,Chhoti Gujri (Yavatmal) S.O,MH-Yavatmal,MH,Yavatmal,Maharashtra,Non Delivery,Yeotmal Division,Nagpur Region,Maharashtra Circle
445209,Issapur S.O,MH-Yavatmal,MH,Yavatmal,Maharashtra,Delivery,Yeotmal Division,Nagpur Region,Maharashtra Circle
445306,Parwa S.O,MH-Yavatmal,MH,Yavatmal,Maharashtra,Delivery,Yeotmal Division,Nagpur Region,Maharashtra Circle
445001,Tilakwadi (Yavatmal) S.O,MH-Yavatmal,MH,Yavatmal,Maharashtra,Non Delivery,Yeotmal Division,Nagpur Region,Maharashtra Circle
445308,Wadki S.O,MH-Yavatmal,MH,Yavatmal,Maharashtra,Delivery,Yeotmal Division,Nagpur Region,Maharashtra Circle
445002,Zillla Parishad (Yavatmal) S.O,MH-Yavatmal,MH,Yavatmal,Maharashtra,Delivery,Yeotmal Division,Nagpur Region,Maharashtra Circle
445324,Zari Jamni S.O,MH-Yavatmal,MH,Yavatmal,Maharashtra,Delivery,Yeotmal Division,Nagpur Region,Maharashtra Circle
414002,Bhingar S.O,MH-Ahmednagar,MH,Ahmednagar,Maharashtra,Non Delivery,Ahmednagar Division,Pune Region,Maharashtra Circle
414001,M.G.Udyan S.O,MH-Ahmednagar,MH,Ahmednagar,Maharashtra,Non Delivery,Ahmednagar Division,Pune Region,Maharashtra Circle
414102,Pathardi S.O,MH-Ahmednagar,MH,Ahmednagar,Maharashtra,Delivery,Ahmednagar Division,Pune Region,Maharashtra Circle
414003,Savedi Road S.O,MH-Ahmednagar,MH,Ahmednagar,Maharashtra,Delivery,Ahmednagar Division,Pune Region,Maharashtra Circle
414502,Shevgaon S.O,MH-Ahmednagar,MH,Ahmednagar,Maharashtra,Delivery,Ahmednagar Division,Pune Region,Maharashtra Circle
414106,Tisgaon S.O,MH-Ahmednagar,MH,Ahmednagar,Maharashtra,Delivery,Ahmednagar Division,Pune Region,Maharashtra Circle
414602,Vadalamission S.O,MH-Ahmednagar,MH,Ahmednagar,Maharashtra,Delivery,Ahmednagar Division,Pune Region,Maharashtra Circle
413703,Visapur S.O (Ahmed Nagar),MH-Ahmednagar,MH,Ahmednagar,Maharashtra,Delivery,Ahmednagar Division,Pune Region,Maharashtra Circle
413302,Karkam S.O,MH-Solapur,MH,Solapur,Maharashtra,Delivery,Pandharpur Division,Pune Region,Maharashtra Circle
413223,Kem S.O,MH-Solapur,MH,Solapur,Maharashtra,Delivery,Pandharpur Division,Pune Region,Maharashtra Circle
413107,Malsiras S.O,MH-Solapur,MH,Solapur,Maharashtra,Delivery,Pandharpur Division,Pune Region,Maharashtra Circle
413305,Mangalvedha S.O,MH-Solapur,MH,Solapur,Maharashtra,Delivery,Pandharpur Division,Pune Region,Maharashtra Circle
413301,Modnimb S.O,MH-Solapur,MH,Solapur,Maharashtra,Delivery,Pandharpur Division,Pune Region,Maharashtra Circle
413111,Sadashivenagar S.O,MH-Solapur,MH,Solapur,Maharashtra,Delivery,Pandharpur Division,Pune Region,Maharashtra Circle
413112,Shreepur S.O,MH-Solapur,MH,Solapur,Maharashtra,Delivery,Pandharpur Division,Pune Region,Maharashtra Circle
411039,Bhosarigoan S.O,MH-Pune,MH,Pune,Maharashtra,Delivery,Pune City East Division,Pune Region,Maharashtra Circle
411012,Dapodi S.O,MH-Pune,MH,Pune,Maharashtra,Delivery,Pune City East Division,Pune Region,Maharashtra Circle
411014,Dunkirk lines S.O,MH-Pune,MH,Pune,Maharashtra,Delivery,Pune City East Division,Pune Region,Maharashtra Circle
411028,Hadapsar S.O,MH-Pune,MH,Pune,Maharashtra,Delivery,Pune City East Division,Pune Region,Maharashtra Circle
411032,Iaf Station S.O,MH-Pune,MH,Pune,Maharashtra,Delivery,Pune City East Division,Pune Region,Maharashtra Circle
411003,Khadki Bazar S.O,MH-Pune,MH,Pune,Maharashtra,Non Delivery,Pune City East Division,Pune Region,Maharashtra Circle
411003,Khadki S.O,MH-Pune,MH,Pune,Maharashtra,Delivery,Pune City East Division,Pune Region,Maharashtra Circle
411060,Mohamadwadi S.O,MH-Pune,MH,Pune,Maharashtra,Delivery,Pune City East Division,Pune Region,Maharashtra Circle
411048,N I B M S.O,MH-Pune,MH,Pune,Maharashtra,Delivery,Pune City East Division,Pune Region,Maharashtra Circle
411017,Pimpri Colony S.O,MH-Pune,MH,Pune,Maharashtra,Delivery,Pune City East Division,Pune Region,Maharashtra Circle
411001,Pune New Bazar S.O,MH-Pune,MH,Pune,Maharashtra,Non Delivery,Pune City East Division,Pune Region,Maharashtra Circle
411062,Rupeenagar S.O,MH-Pune,MH,Pune,Maharashtra,Delivery,Pune City East Division,Pune Region,Maharashtra Circle
411032,Vidyanagar S.O (Pune),MH-Pune,MH,Pune,Maharashtra,Non Delivery,Pune City East Division,Pune Region,Maharashtra Circle
411014,Viman nagar S.O,MH-Pune,MH,Pune,Maharashtra,Non Delivery,Pune City East Division,Pune Region,Maharashtra Circle
411015,Vishrantwadi S.O,MH-Pune,MH,Pune,Maharashtra,Non Delivery,Pune City East Division,Pune Region,Maharashtra Circle
411021,Armament S.O,MH-Pune,MH,Pune,Maharashtra,Delivery,Pune City West Division,Pune Region,Maharashtra Circle
411007,Aundh T.S. S.O,MH-Pune,MH,Pune,Maharashtra,Non Delivery,Pune City West Division,Pune Region,Maharashtra Circle
411043,Dhankawadi S.O,MH-Pune,MH,Pune,Maharashtra,Delivery,Pune City West Division,Pune Region,Maharashtra Circle
411023,N.D.A. Khadakwasla S.O,MH-Pune,MH,Pune,Maharashtra,Delivery,Pune City West Division,Pune Region,Maharashtra Circle
411045,N.I.A. S.O,MH-Pune,MH,Pune,Maharashtra,Delivery,Pune City West Division,Pune Region,Maharashtra Circle
411052,Navsahyadri S.O,MH-Pune,MH,Pune,Maharashtra,Delivery,Pune City West Division,Pune Region,Maharashtra Circle
411009,Parvati Gaon S.O,MH-Pune,MH,Pune,Maharashtra,Non Delivery,Pune City West Division,Pune Region,Maharashtra Circle
411020,Range Hills S.O,MH-Pune,MH,Pune,Maharashtra,Delivery,Pune City West Division,Pune Region,Maharashtra Circle
411005,S.S.C.Exam Board S.O,MH-Pune,MH,Pune,Maharashtra,Non Delivery,Pune City West Division,Pune Region,Maharashtra Circle
411042,Swargate S.O,MH-Pune,MH,Pune,Maharashtra,Delivery,Pune City West Division,Pune Region,Maharashtra Circle
411041,Sinhgad Technical Education Society,MH-Pune,MH,Pune,Maharashtra,Non Delivery,Pune City West Division,Pune Region,Maharashtra Circle
411068,Nanded S.O (Pune),MH-Pune,MH,Pune,Maharashtra,Delivery,Pune City West Division,Pune Region,Maharashtra Circle
411069,Baner DSO (Pune),MH-Pune,MH,Pune,Maharashtra,Delivery,Pune City West Division,Pune Region,Maharashtra Circle
413103,Bawada S.O,MH-Pune,MH,Pune,Maharashtra,Delivery,Baramati Division,Pune Region,Maharashtra Circle
411081,Charholi SO,MH-Pune,MH,Pune,Maharashtra,Delivery,Pune Moffusil Division,Pune Region,Maharashtra Circle
410405,Kamshet S.O,MH-Pune,MH,Pune,Maharashtra,Delivery,Pune Moffusil Division,Pune Region,Maharashtra Circle
412203,Kedgaon S.O (Pune),MH-Pune,MH,Pune,Maharashtra,Delivery,Baramati Division,Pune Region,Maharashtra Circle
412216,Koregaon Bhima S.O,MH-Pune,MH,Pune,Maharashtra,Delivery,Pune Moffusil Division,Pune Region,Maharashtra Circle
412304,Morgaon S.O,MH-Pune,MH,Pune,Maharashtra,Delivery,Baramati Division,Pune Region,Maharashtra Circle
410504,Narayangaon S.O,MH-Pune,MH,Pune,Maharashtra,Delivery,Pune Moffusil Division,Pune Region,Maharashtra Circle
410506,Ordanance Dep Talegaon Dabhade S.O,MH-Pune,MH,Pune,Maharashtra,Non Delivery,Pune Moffusil Division,Pune Region,Maharashtra Circle
412107,Panshet S.O,MH-Pune,MH,Pune,Maharashtra,Delivery,Pune Moffusil Division,Pune Region,Maharashtra Circle
412115,Pirangut S.O,MH-Pune,MH,Pune,Maharashtra,Delivery,Pune Moffusil Division,Pune Region,Maharashtra Circle
410516,Shinoli S.O,MH-Pune,MH,Pune,Maharashtra,Delivery,Pune Moffusil Division,Pune Region,Maharashtra Circle
412306,Someshwarnagar S.O,MH-Pune,MH,Pune,Maharashtra,Delivery,Baramati Division,Pune Region,Maharashtra Circle
412208,Talegaon Dhamdhere S.O,MH-Pune,MH,Pune,Maharashtra,Delivery,Baramati Division,Pune Region,Maharashtra Circle
412110,Theur S.O,MH-Pune,MH,Pune,Maharashtra,Delivery,Pune Moffusil Division,Pune Region,Maharashtra Circle
412202,Urulikanchan S.O,MH-Pune,MH,Pune,Maharashtra,Delivery,Pune Moffusil Division,Pune Region,Maharashtra Circle
412402,Vada S.O (Pune),MH-Pune,MH,Pune,Maharashtra,Delivery,Pune Moffusil Division,Pune Region,Maharashtra Circle
412106,Vadgaon S.O (Pune),MH-Pune,MH,Pune,Maharashtra,Delivery,Pune Moffusil Division,Pune Region,Maharashtra Circle
412305,Valha S.O,MH-Pune,MH,Pune,Maharashtra,Delivery,Baramati Division,Pune Region,Maharashtra Circle
412312,Veer S.O,MH-Pune,MH,Pune,Maharashtra,Delivery,Baramati Division,Pune Region,Maharashtra Circle
415510,Aundh S.O,MH-Satara,MH,Satara,Maharashtra,Delivery,Karad Division,Pune Region,Maharashtra Circle
415205,Malharpeth Karad S.O,MH-Satara,MH,Satara,Maharashtra,Delivery,Karad Division,Pune Region,Maharashtra Circle
415110,Mangalwar Peth Karad S.O,MH-Satara,MH,Satara,Maharashtra,Non Delivery,Karad Division,Pune Region,Maharashtra Circle
415512,Pusesavali S.O,MH-Satara,MH,Satara,Maharashtra,Delivery,Karad Division,Pune Region,Maharashtra Circle
415506,Vaduj S.O,MH-Satara,MH,Satara,Maharashtra,Delivery,Karad Division,Pune Region,Maharashtra Circle
415503,Budh S.O,MH-Satara,MH,Satara,Maharashtra,Delivery,Satara Division,Pune Region,Maharashtra Circle
415516,Kavathe S.O,MH-Satara,MH,Satara,Maharashtra,Delivery,Satara Division,Pune Region,Maharashtra Circle
415501,Koregaon City S.O,MH-Satara,MH,Satara,Maharashtra,Non Delivery,Satara Division,Pune Region,Maharashtra Circle
415015,Limbgove S.O,MH-Satara,MH,Satara,Maharashtra,Delivery,Satara Division,Pune Region,Maharashtra Circle
415522,Sakharwadi S.O,MH-Satara,MH,Satara,Maharashtra,Delivery,Satara Division,Pune Region,Maharashtra Circle
413710,Kolhar S.O (Ahmed Nagar),MH-Ahmednagar,MH,Ahmednagar,Maharashtra,Delivery,Shrirampur Division,Pune Region,Maharashtra Circle
422610,Kotul S.O,MH-Ahmednagar,MH,Ahmednagar,Maharashtra,Delivery,Shrirampur Division,Pune Region,Maharashtra Circle
413708,Sakarwadi S.O,MH-Ahmednagar,MH,Ahmednagar,Maharashtra,Delivery,Shrirampur Division,Pune Region,Maharashtra Circle
423109,Shirdi S.O,MH-Ahmednagar,MH,Ahmednagar,Maharashtra,Delivery,Shrirampur Division,Pune Region,Maharashtra Circle
413720,Tilaknagar S.O (Ahmed Nagar),MH-Ahmednagar,MH,Ahmednagar,Maharashtra,Delivery,Shrirampur Division,Pune Region,Maharashtra Circle
413739,Vadala Mahadeo S.O,MH-Ahmednagar,MH,Ahmednagar,Maharashtra,Delivery,Shrirampur Division,Pune Region,Maharashtra Circle
413409,Agalgaon S.O,MH-Solapur,MH,Solapur,Maharashtra,Delivery,Solapur Division,Pune Region,Maharashtra Circle
413002,Dayanand College S.O,MH-Solapur,MH,Solapur,Maharashtra,Non Delivery,Solapur Division,Pune Region,Maharashtra Circle
413220,Dudhani S.O,MH-Solapur,MH,Solapur,Maharashtra,Delivery,Solapur Division,Pune Region,Maharashtra Circle
413253,Kamati Khurd S.O,MH-Solapur,MH,Solapur,Maharashtra,Delivery,Solapur Division,Pune Region,Maharashtra Circle
413401,Market Yard Barshi S.O,MH-Solapur,MH,Solapur,Maharashtra,Non Delivery,Solapur Division,Pune Region,Maharashtra Circle
413005,Sakhar Peth S.O,MH-Solapur,MH,Solapur,Maharashtra,Non Delivery,Solapur Division,Pune Region,Maharashtra Circle
413224,Shivshahi S.O,MH-Solapur,MH,Solapur,Maharashtra,Delivery,Solapur Division,Pune Region,Maharashtra Circle
413228,Valsang S.O,MH-Solapur,MH,Solapur,Maharashtra,Delivery,Solapur Division,Pune Region,Maharashtra Circle
431004,Begumpura S.O,MH-Aurangabad,MH,Aurangabad,Maharashtra,Non Delivery,Chhatrapati Sambhajinagar Division,Regional Office Aurangabad,Maharashtra Circle
431105,Bidkingaon S.O,MH-Aurangabad,MH,Aurangabad,Maharashtra,Delivery,Chhatrapati Sambhajinagar Division,Regional Office Aurangabad,Maharashtra Circle
431006,Chikalthana Industrial Area S.O,MH-Aurangabad,MH,Aurangabad,Maharashtra,Delivery,Chhatrapati Sambhajinagar Division,Regional Office Aurangabad,Maharashtra Circle
431005,High Court Building S.O (Chhatrapati Sambhajinaga,MH-Aurangabad,MH,Aurangabad,Maharashtra,Non Delivery,Chhatrapati Sambhajinagar Division,Regional Office Aurangabad,Maharashtra Circle
431103,Kannad S.O,MH-Aurangabad,MH,Aurangabad,Maharashtra,Delivery,Chhatrapati Sambhajinagar Division,Regional Office Aurangabad,Maharashtra Circle
431101,Khuldabad S.O,MH-Aurangabad,MH,Aurangabad,Maharashtra,Delivery,Chhatrapati Sambhajinagar Division,Regional Office Aurangabad,Maharashtra Circle
431005,Kranti Chowk S.O,MH-Aurangabad,MH,Aurangabad,Maharashtra,Delivery,Chhatrapati Sambhajinagar Division,Regional Office Aurangabad,Maharashtra Circle
431104,Pishore S.O,MH-Aurangabad,MH,Aurangabad,Maharashtra,Delivery,Chhatrapati Sambhajinagar Division,Regional Office Aurangabad,Maharashtra Circle
423701,Vaijapur Town S.O,MH-Aurangabad,MH,Aurangabad,Maharashtra,Non Delivery,Chhatrapati Sambhajinagar Division,Regional Office Aurangabad,Maharashtra Circle
431133,Waluj S.O,MH-Aurangabad,MH,Aurangabad,Maharashtra,Delivery,Chhatrapati Sambhajinagar Division,Regional Office Aurangabad,Maharashtra Circle
431007,Airport Chikalthana S.O,MH-Aurangabad,MH,Aurangabad,Maharashtra,Non Delivery,Chhatrapati Sambhajinagar Division,Regional Office Aurangabad,Maharashtra Circle
431011,Kanchanwadi SO,MH-Aurangabad,MH,Aurangabad,Maharashtra,Delivery,Chhatrapati Sambhajinagar Division,Regional Office Aurangabad,Maharashtra Circle
431213,Collectorate Complex Jalna S.O,MH-Jalna,MH,Jalna,Maharashtra,Non Delivery,Chhatrapati Sambhajinagar Division,Regional Office Aurangabad,Maharashtra Circle
431213,Midc Jalna S.O,MH-Jalna,MH,Jalna,Maharashtra,Non Delivery,Chhatrapati Sambhajinagar Division,Regional Office Aurangabad,Maharashtra Circle
431517,Ambajogai S.O,MH-Beed,MH,Beed,Maharashtra,Delivery,Beed Division,Regional Office Aurangabad,Maharashtra Circle
414203,Ashti S.O (Beed),MH-Beed,MH,Beed,Maharashtra,Delivery,Beed Division,Regional Office Aurangabad,Maharashtra Circle
431126,Chousala S.O,MH-Beed,MH,Beed,Maharashtra,Delivery,Beed Division,Regional Office Aurangabad,Maharashtra Circle
431519,Ghatnandur S.O,MH-Beed,MH,Beed,Maharashtra,Delivery,Beed Division,Regional Office Aurangabad,Maharashtra Circle
431124,Kille Dharur S.O,MH-Beed,MH,Beed,Maharashtra,Delivery,Beed Division,Regional Office Aurangabad,Maharashtra Circle
414205,Rajuri Navgan S.O,MH-Beed,MH,Beed,Maharashtra,Delivery,Beed Division,Regional Office Aurangabad,Maharashtra Circle
413249,Shirur S.O (Beed),MH-Beed,MH,Beed,Maharashtra,Delivery,Beed Division,Regional Office Aurangabad,Maharashtra Circle
431130,Umapur S.O,MH-Beed,MH,Beed,Maharashtra,Delivery,Beed Division,Regional Office Aurangabad,Maharashtra Circle
425201,Bhusawal Shivaji Nagar S.O,MH-Jalgaon,MH,Jalgaon,Maharashtra,Non Delivery,Bhusaval Division,Regional Office Aurangabad,Maharashtra Circle
425302,Sakali S.O,MH-Jalgaon,MH,Jalgaon,Maharashtra,Delivery,Bhusaval Division,Regional Office Aurangabad,Maharashtra Circle
425114,Neri BK S.O,MH-Jalgaon,MH,Jalgaon,Maharashtra,Delivery,Bhusaval Division,Regional Office Aurangabad,Maharashtra Circle
425414,Dhadgaon S.O,MH-Nandurbar,MH,Nandurbar,Maharashtra,Delivery,Dhule Division,Regional Office Aurangabad,Maharashtra Circle
424004,Dhule Market Yard S.O,MH-Dhule,MH,Dhule,Maharashtra,Delivery,Dhule Division,Regional Office Aurangabad,Maharashtra Circle
424301,Fagana S.O,MH-Dhule,MH,Dhule,Maharashtra,Delivery,Dhule Division,Regional Office Aurangabad,Maharashtra Circle
425419,Khapar S.O,MH-Nandurbar,MH,Nandurbar,Maharashtra,Delivery,Dhule Division,Regional Office Aurangabad,Maharashtra Circle
424302,Kusumba S.O,MH-Dhule,MH,Dhule,Maharashtra,Delivery,Dhule Division,Regional Office Aurangabad,Maharashtra Circle
425405,Mandi shirpur S.O,MH-Dhule,MH,Dhule,Maharashtra,Non Delivery,Dhule Division,Regional Office Aurangabad,Maharashtra Circle
425452,Molgi S.O,MH-Nandurbar,MH,Nandurbar,Maharashtra,Delivery,Dhule Division,Regional Office Aurangabad,Maharashtra Circle
425412,Nandurbar Kutchery S.O,MH-Nandurbar,MH,Nandurbar,Maharashtra,Non Delivery,Dhule Division,Regional Office Aurangabad,Maharashtra Circle
425412,Nandurbar S.O,MH-Nandurbar,MH,Nandurbar,Maharashtra,Delivery,Dhule Division,Regional Office Aurangabad,Maharashtra Circle
425418,Navapur S.O,MH-Nandurbar,MH,Nandurbar,Maharashtra,Delivery,Dhule Division,Regional Office Aurangabad,Maharashtra Circle
424304,Sakri (Dhule) S.O,MH-Dhule,MH,Dhule,Maharashtra,Delivery,Dhule Division,Regional Office Aurangabad,Maharashtra Circle
425410,Sarangkheda S.O,MH-Nandurbar,MH,Nandurbar,Maharashtra,Delivery,Dhule Division,Regional Office Aurangabad,Maharashtra Circle
424308,Shirud S.O,MH-Dhule,MH,Dhule,Maharashtra,Delivery,Dhule Division,Regional Office Aurangabad,Maharashtra Circle
425423,Vadali S.O (Nandurbar),MH-Nandurbar,MH,Nandurbar,Maharashtra,Delivery,Dhule Division,Regional Office Aurangabad,Maharashtra Circle
425426,Visarwadi S.O,MH-Nandurbar,MH,Nandurbar,Maharashtra,Delivery,Dhule Division,Regional Office Aurangabad,Maharashtra Circle
425112,Deogaon S.O (Jalgaon),MH-Jalgaon,MH,Jalgaon,Maharashtra,Delivery,Jalgaon Division,Regional Office Aurangabad,Maharashtra Circle
424108,Hirapur S.O,MH-Jalgaon,MH,Jalgaon,Maharashtra,Delivery,Jalgaon Division,Regional Office Aurangabad,Maharashtra Circle
424102,Patonda S.O,MH-Jalgaon,MH,Jalgaon,Maharashtra,Delivery,Jalgaon Division,Regional Office Aurangabad,Maharashtra Circle
423303,Jaikheda S.O,MH-Nashik,MH,Nashik,Maharashtra,Delivery,Malegaon Division,Navi Mumbai Region,Maharashtra Circle
423203,Malegaon City S.O,MH-Nashik,MH,Nashik,Maharashtra,Non Delivery,Malegaon Division,Navi Mumbai Region,Maharashtra Circle
423104,Manmad S.O,MH-Nashik,MH,Nashik,Maharashtra,Delivery,Malegaon Division,Navi Mumbai Region,Maharashtra Circle
423301,Satana Market S.O,MH-Nashik,MH,Nashik,Maharashtra,Non Delivery,Malegaon Division,Navi Mumbai Region,Maharashtra Circle
423301,Satana S.O,MH-Nashik,MH,Nashik,Maharashtra,Delivery,Malegaon Division,Navi Mumbai Region,Maharashtra Circle
423111,Vadner Bhairav S.O,MH-Nashik,MH,Nashik,Maharashtra,Delivery,Malegaon Division,Navi Mumbai Region,Maharashtra Circle
431603,Cidco Nanded S.O,MH-Nanded,MH,Nanded,Maharashtra,Delivery,Nanded Division,Regional Office Aurangabad,Maharashtra Circle
431802,Himayatnagar S.O,MH-Nanded,MH,Nanded,Maharashtra,Delivery,Nanded Division,Regional Office Aurangabad,Maharashtra Circle
431714,Kandhar S.O,MH-Nanded,MH,Nanded,Maharashtra,Delivery,Nanded Division,Regional Office Aurangabad,Maharashtra Circle
431602,Nayamondha Nanded S.O,MH-Nanded,MH,Nanded,Maharashtra,Non Delivery,Nanded Division,Regional Office Aurangabad,Maharashtra Circle
422221,Ojhar A.F. Stn. S.O,MH-Nashik,MH,Nashik,Maharashtra,Delivery,Nasik Division,Navi Mumbai Region,Maharashtra Circle
422206,Ojhar S.O,MH-Nashik,MH,Nashik,Maharashtra,Delivery,Nasik Division,Navi Mumbai Region,Maharashtra Circle
422211,Surgana S.O,MH-Nashik,MH,Nashik,Maharashtra,Delivery,Nasik Division,Navi Mumbai Region,Maharashtra Circle
422502,Bhagur S.O,MH-Nashik,MH,Nashik,Maharashtra,Delivery,Nasik Division,Navi Mumbai Region,Maharashtra Circle
422201,Chandori S.O,MH-Nashik,MH,Nashik,Maharashtra,Delivery,Nasik Division,Navi Mumbai Region,Maharashtra Circle
422606,Nandurshingote S.O,MH-Nashik,MH,Nashik,Maharashtra,Delivery,Nasik Division,Navi Mumbai Region,Maharashtra Circle
422101,Nehru Nagar S.O (Nashik),MH-Nashik,MH,Nashik,Maharashtra,Non Delivery,Nasik Division,Navi Mumbai Region,Maharashtra Circle
413515,Ahmedpur S.O (Latur),MH-Latur,MH,Latur,Maharashtra,Delivery,Osmanabad Division,Regional Office Aurangabad,Maharashtra Circle
413522,Aurad Shahajani S.O,MH-Latur,MH,Latur,Maharashtra,Delivery,Osmanabad Division,Regional Office Aurangabad,Maharashtra Circle
413532,Jalkot S.O,MH-Latur,MH,Latur,Maharashtra,Delivery,Osmanabad Division,Regional Office Aurangabad,Maharashtra Circle
413516,Killari S.O,MH-Latur,MH,Latur,Maharashtra,Delivery,Osmanabad Division,Regional Office Aurangabad,Maharashtra Circle
413512,Latur Bazar S.O,MH-Latur,MH,Latur,Maharashtra,Non Delivery,Osmanabad Division,Regional Office Aurangabad,Maharashtra Circle
413524,Nalegaon S.O,MH-Latur,MH,Latur,Maharashtra,Delivery,Osmanabad Division,Regional Office Aurangabad,Maharashtra Circle
413521,Nilanga S.O,MH-Latur,MH,Latur,Maharashtra,Delivery,Osmanabad Division,Regional Office Aurangabad,Maharashtra Circle
413506,Bembli S.O,MH-Osmanabad,MH,Osmanabad,Maharashtra,Delivery,Osmanabad Division,Regional Office Aurangabad,Maharashtra Circle
413534,Ieet S.O,MH-Osmanabad,MH,Osmanabad,Maharashtra,Delivery,Osmanabad Division,Regional Office Aurangabad,Maharashtra Circle
413624,Kati S.O,MH-Osmanabad,MH,Osmanabad,Maharashtra,Delivery,Osmanabad Division,Regional Office Aurangabad,Maharashtra Circle
413501,Osmanabad Town SO,MH-Osmanabad,MH,Osmanabad,Maharashtra,Non Delivery,Osmanabad Division,Regional Office Aurangabad,Maharashtra Circle
413502,Paranda S.O,MH-Osmanabad,MH,Osmanabad,Maharashtra,Delivery,Osmanabad Division,Regional Office Aurangabad,Maharashtra Circle
413503,Vashi S.O (Osmanabad),MH-Osmanabad,MH,Osmanabad,Maharashtra,Delivery,Osmanabad Division,Regional Office Aurangabad,Maharashtra Circle
413525,Yermala S.O,MH-Osmanabad,MH,Osmanabad,Maharashtra,Delivery,Osmanabad Division,Regional Office Aurangabad,Maharashtra Circle
431508,Bori S.O (Parbhani),MH-Parbhani,MH,Parbhani,Maharashtra,Delivery,Pharbhani Division,Regional Office Aurangabad,Maharashtra Circle
431402,Mau Parbhani S.O,MH-Parbhani,MH,Parbhani,Maharashtra,Delivery,Pharbhani Division,Regional Office Aurangabad,Maharashtra Circle
431401,Naya Mondha Parbhani S.O,MH-Parbhani,MH,Parbhani,Maharashtra,Non Delivery,Pharbhani Division,Regional Office Aurangabad,Maharashtra Circle
431401,Station Parbhani S.O,MH-Parbhani,MH,Parbhani,Maharashtra,Non Delivery,Pharbhani Division,Regional Office Aurangabad,Maharashtra Circle
431510,Yeldari S.O,MH-Parbhani,MH,Parbhani,Maharashtra,Delivery,Pharbhani Division,Regional Office Aurangabad,Maharashtra Circle
795113,CRPF Camp Langjing S.O,MN-Imphal West,MN,Imphal West,Manipur,Delivery,Manipur Division,North East - II Region,North Eastern Circle
795122,Kalapahar S.O,MN-Kangpokpi,MN,Kangpokpi,Manipur,Delivery,Manipur Division,North East - II Region,North Eastern Circle
795010,Lamlong S.O,MN-Imphal East,MN,Imphal East,Manipur,Delivery,Manipur Division,North East - II Region,North Eastern Circle
795147,Nungba S.O,MN-Noney,MN,Noney,Manipur,Delivery,Manipur Division,North East - II Region,North Eastern Circle
795005,Porompat S.O,MN-Imphal East,MN,Imphal East,Manipur,Delivery,Manipur Division,North East - II Region,North Eastern Circle
795149,Yairipok S.O,MN-Kangpokpi,MN,Kangpokpi,Manipur,Delivery,Manipur Division,North East - II Region,North Eastern Circle
795006,New Lamka S.O,MN-Pherzawl,MN,Pherzawl,Manipur,Delivery,Manipur Division,North East - II Region,North Eastern Circle
795001,Manipur High Court S.O,MN-Imphal West,MN,Imphal West,Manipur,Non Delivery,Manipur Division,North East - II Region,North Eastern Circle
796321,Champhai S.O,MZ-Champhai,MZ,Champhai,Mizoram,Delivery,Mizoram Division,North East - I Region,North Eastern Circle
796081,Kolasib S.O,MZ-Kolasib,MZ,Kolasib,Mizoram,Delivery,Mizoram Division,North East - I Region,North Eastern Circle
796421,Lengpui Airport S.O,MZ-Aizawl,MZ,Aizawl,Mizoram,Delivery,Mizoram Division,North East - I Region,North Eastern Circle
796701,Lunglei M.D.G,MZ-Aizawl,MZ,Aizawl,Mizoram,Delivery,Mizoram Division,North East - I Region,North Eastern Circle
796441,Mamit S.O,MZ-Aizawl,MZ,Aizawl,Mizoram,Delivery,Mizoram Division,North East - I Region,North Eastern Circle
796431,Phaileng S.O,MZ-Mamit,MZ,Mamit,Mizoram,Delivery,Mizoram Division,North East - I Region,North Eastern Circle
796320,S.Khawbung S.O,MZ-Champhai,MZ,Champhai,Mizoram,Delivery,Mizoram Division,North East - I Region,North Eastern Circle
796410,Sairang S.O,MZ-Aizawl,MZ,Aizawl,Mizoram,Delivery,Mizoram Division,North East - I Region,North Eastern Circle
796181,Serchhip S.O,MZ-Serchhip,MZ,Serchhip,Mizoram,Delivery,Mizoram Division,North East - I Region,North Eastern Circle
796101,Vairengte S.O,MZ-Kolasib,MZ,Kolasib,Mizoram,Delivery,Mizoram Division,North East - I Region,North Eastern Circle
796017,Zemabawk S.O,MZ-Aizawl,MZ,Aizawl,Mizoram,Delivery,Mizoram Division,North East - I Region,North Eastern Circle
796015,Durtlang SO,MZ-Aizawl,MZ,Aizawl,Mizoram,Delivery,Mizoram Division,North East - I Region,North Eastern Circle
796470,Kawrthah S.O,MZ-Aizawl,MZ,Aizawl,Mizoram,Delivery,Mizoram Division,North East - I Region,North Eastern Circle
797099,Bhandari S.O,NL-Wokha,NL,Wokha,Nagaland,Delivery,Nagaland Division,North East - II Region,North Eastern Circle
797105,Chiechama S.O,NL-Kohima,NL,Kohima,Nagaland,Delivery,Nagaland Division,North East - II Region,North Eastern Circle
797104,Chozuba S.O,NL-Phek,NL,Phek,Nagaland,Delivery,Nagaland Division,North East - II Region,North Eastern Circle
797108,Phek S.O,NL-Phek,NL,Phek,Nagaland,Delivery,Nagaland Division,North East - II Region,North Eastern Circle
798618,Tuli S.O,NL-Mokokchung,NL,Mokokchung,Nagaland,Delivery,Nagaland Division,North East - II Region,North Eastern Circle
798617,Pungro,NL-Kohima,NL,Kohima,Nagaland,Delivery,Nagaland Division,North East - II Region,North Eastern Circle
799009,Agartala Aerodrome S.O,TR-West Tripura,TR,West Tripura,Tripura,Delivery,Agartala Division,North East - I Region,North Eastern Circle
799004,Agartala College S.O,TR-West Tripura,TR,West Tripura,Tripura,Delivery,Agartala Division,North East - I Region,North Eastern Circle
799003,Arundhutinagar S.O,TR-West Tripura,TR,West Tripura,Tripura,Delivery,Agartala Division,North East - I Region,North Eastern Circle
799008,Khayerpur S.O,TR-West Tripura,TR,West Tripura,Tripura,Delivery,Agartala Division,North East - I Region,North Eastern Circle
799211,Mohanpur S.O (West Tripura),TR-West Tripura,TR,West Tripura,Tripura,Delivery,Agartala Division,North East - I Region,North Eastern Circle
799011,Jampuijala SO,TR-Sepahijala,TR,Sepahijala,Tripura,Delivery,Agartala Division,North East - I Region,North Eastern Circle
799101,Amarpur S.O (South Tripura),TR-Gomati,TR,Gomati,Tripura,Delivery,Agartala Division,North East - I Region,North Eastern Circle
799103,Bishramganj S.O,TR-Sepahijala,TR,Sepahijala,Tripura,Delivery,Agartala Division,North East - I Region,North Eastern Circle
799105,Kakraban S.O,TR-Gomati,TR,Gomati,Tripura,Delivery,Agartala Division,North East - I Region,North Eastern Circle
799142,Muhuripur S.O,TR-South Tripura,TR,South Tripura,Tripura,Delivery,Agartala Division,North East - I Region,North Eastern Circle
799131,Sonamura S.O,TR-Sepahijala,TR,Sepahijala,Tripura,Delivery,Agartala Division,North East - I Region,North Eastern Circle
791001,Along S.O,AR-West Siang,AR,West Siang,Arunachal Pradesh,Delivery,Arunachal Pradesh Division,Shillong HQ Region,North Eastern Circle
791123,Banderdewa S.O,AR-Papum Pare,AR,Papum Pare,Arunachal Pradesh,Delivery,Arunachal Pradesh Division,Shillong HQ Region,North Eastern Circle
791101,Basar S.O (West Siang),AR-Leparada,AR,Leparada,Arunachal Pradesh,Delivery,Arunachal Pradesh Division,Shillong HQ Region,North Eastern Circle
792104,Hayuliang S.O,AR-Anjaw,AR,Anjaw,Arunachal Pradesh,Delivery,Arunachal Pradesh Division,Shillong HQ Region,North Eastern Circle
790002,Kalaktang S.O,AR-West Kameng,AR,West Kameng,Arunachal Pradesh,Delivery,Arunachal Pradesh Division,Shillong HQ Region,North Eastern Circle
791109,Nirjuli S.O,AR-Papum Pare,AR,Papum Pare,Arunachal Pradesh,Delivery,Arunachal Pradesh Division,Shillong HQ Region,North Eastern Circle
791118,Palin S.O,AR-Kra Daadi,AR,Kra Daadi,Arunachal Pradesh,Delivery,Arunachal Pradesh Division,Shillong HQ Region,North Eastern Circle
791113,Ram Krishna Mission S.O,AR-Papum Pare,AR,Papum Pare,Arunachal Pradesh,Delivery,Arunachal Pradesh Division,Shillong HQ Region,North Eastern Circle
792110,Roing S.O,AR-Lower Dibang Valley,AR,Lower Dibang Valley,Arunachal Pradesh,Delivery,Arunachal Pradesh Division,Shillong HQ Region,North Eastern Circle
790102,Seppa S.O,AR-East Kameng,AR,East Kameng,Arunachal Pradesh,Delivery,Arunachal Pradesh Division,Shillong HQ Region,North Eastern Circle
799289,Ambassa S.O,TR-Dhalai,TR,Dhalai,Tripura,Delivery,Dharmanagar Division,North East - I Region,North Eastern Circle
799281,Baburbazar S.O,TR-Unakoti,TR,Unakoti,Tripura,Delivery,Dharmanagar Division,North East - I Region,North Eastern Circle
799269,Jampui S.O,TR-North Tripura,TR,North Tripura,Tripura,Delivery,Dharmanagar Division,North East - I Region,North Eastern Circle
799277,Kailashahar S.O,TR-Unakoti,TR,Unakoti,Tripura,Delivery,Dharmanagar Division,North East - I Region,North Eastern Circle
799285,Kamalpur S.O (Dhalai),TR-Dhalai,TR,Dhalai,Tripura,Delivery,Dharmanagar Division,North East - I Region,North Eastern Circle
799275,Manughat S.O,TR-Dhalai,TR,Dhalai,Tripura,Delivery,Dharmanagar Division,North East - I Region,North Eastern Circle
799279,Paiturbazar S.O,TR-Unakoti,TR,Unakoti,Tripura,Delivery,Dharmanagar Division,North East - I Region,North Eastern Circle
799277,Panichowkibazar S.O,TR-Unakoti,TR,Unakoti,Tripura,Non Delivery,Dharmanagar Division,North East - I Region,North Eastern Circle
799263,Pecharthal S.O,TR-Unakoti,TR,Unakoti,Tripura,Delivery,Dharmanagar Division,North East - I Region,North Eastern Circle
799280,Sonamukhi S.O (North Tripura),TR-Unakoti,TR,Unakoti,Tripura,Delivery,Dharmanagar Division,North East - I Region,North Eastern Circle
799205,Teliamura S.O,TR-Khowai,TR,Khowai,Tripura,Delivery,Dharmanagar Division,North East - I Region,North Eastern Circle
799256,Tripura Damcherra S.O,TR-North Tripura,TR,North Tripura,Tripura,Delivery,Dharmanagar Division,North East - I Region,North Eastern Circle
793108,Cherrapunjee S.O,ML-East Khasi Hills,ML,East Khasi Hills,Meghalaya,Delivery,Meghalaya Division,Shillong HQ Region,North Eastern Circle
793003,Laitumkhrah S.O,ML-East Khasi Hills,ML,East Khasi Hills,Meghalaya,Delivery,Meghalaya Division,Shillong HQ Region,North Eastern Circle
793021,Madanriting S.O,ML-East Khasi Hills,ML,East Khasi Hills,Meghalaya,Delivery,Meghalaya Division,Shillong HQ Region,North Eastern Circle
793001,Meghalaya Secretariat S.O,ML-East Khasi Hills,ML,East Khasi Hills,Meghalaya,Non Delivery,Meghalaya Division,Shillong HQ Region,North Eastern Circle
793122,Ucc S.O,ML-Ri Bhoi,ML,Ri Bhoi,Meghalaya,Delivery,Meghalaya Division,Shillong HQ Region,North Eastern Circle
793103,Umiam S.O,ML-Ri Bhoi,ML,Ri Bhoi,Meghalaya,Delivery,Meghalaya Division,Shillong HQ Region,North Eastern Circle
793123,Umsaw S.O,ML-Ri Bhoi,ML,Ri Bhoi,Meghalaya,Delivery,Meghalaya Division,Shillong HQ Region,North Eastern Circle
794107,Nangwalbibra S.O,ML-South Garo Hills,ML,South Garo Hills,Meghalaya,Delivery,Meghalaya Division,Shillong HQ Region,North Eastern Circle
794114,Rongra S.O,ML-South Garo Hills,ML,South Garo Hills,Meghalaya,Delivery,Meghalaya Division,Shillong HQ Region,North Eastern Circle
756029,Basta S.O,OD-Baleshwar,OD,Baleshwar,Odisha,Delivery,Balasore Division,Bhubaneswar HQ Region,Odisha Circle
756058,Raj Berhampur S.O,OD-Baleshwar,OD,Baleshwar,Odisha,Delivery,Balasore Division,Bhubaneswar HQ Region,Odisha Circle
756021,Rasalpur S.O,OD-Baleshwar,OD,Baleshwar,Odisha,Delivery,Balasore Division,Bhubaneswar HQ Region,Odisha Circle
756001,Sahadevkhunta S.O,OD-Baleshwar,OD,Baleshwar,Odisha,Non Delivery,Balasore Division,Bhubaneswar HQ Region,Odisha Circle
756045,Soro Bazar S.O,OD-Baleshwar,OD,Baleshwar,Odisha,Non Delivery,Balasore Division,Bhubaneswar HQ Region,Odisha Circle
756047,Turigaria S.O,OD-Baleshwar,OD,Baleshwar,Odisha,Delivery,Balasore Division,Bhubaneswar HQ Region,Odisha Circle
756089,VYASAVIHAR S.O,OD-Baleshwar,OD,Baleshwar,Odisha,Delivery,Balasore Division,Bhubaneswar HQ Region,Odisha Circle
756050,Gandibed SO,OD-Baleshwar,OD,Baleshwar,Odisha,Delivery,Balasore Division,Bhubaneswar HQ Region,Odisha Circle
756026,Baliapal S.O,OD-Baleshwar,OD,Baleshwar,Odisha,Delivery,Balasore Division,Bhubaneswar HQ Region,Odisha Circle
756022,Darada S.O,OD-Baleshwar,OD,Baleshwar,Odisha,Delivery,Balasore Division,Bhubaneswar HQ Region,Odisha Circle
756036,Dehurda S.O,OD-Baleshwar,OD,Baleshwar,Odisha,Delivery,Balasore Division,Bhubaneswar HQ Region,Odisha Circle
756080,Irda S.O,OD-Baleshwar,OD,Baleshwar,Odisha,Delivery,Balasore Division,Bhubaneswar HQ Region,Odisha Circle
756034,Nampo S.O,OD-Baleshwar,OD,Baleshwar,Odisha,Delivery,Balasore Division,Bhubaneswar HQ Region,Odisha Circle
756122,Akhuapada S.O,OD-Bhadrak,OD,Bhadrak,Odisha,Delivery,Bhadrak Division,Bhubaneswar HQ Region,Odisha Circle
756115,B T Pur S.O,OD-Bhadrak,OD,Bhadrak,Odisha,Delivery,Bhadrak Division,Bhubaneswar HQ Region,Odisha Circle
756166,Balikhanda S.O,OD-Baleshwar,OD,Baleshwar,Odisha,Delivery,Bhadrak Division,Bhubaneswar HQ Region,Odisha Circle
756113,Barapada S.O,OD-Bhadrak,OD,Bhadrak,Odisha,Delivery,Bhadrak Division,Bhubaneswar HQ Region,Odisha Circle
756125,Basudevpur College S.O,OD-Bhadrak,OD,Bhadrak,Odisha,Non Delivery,Bhadrak Division,Bhubaneswar HQ Region,Odisha Circle
756100,Bhadrak College S.O,OD-Bhadrak,OD,Bhadrak,Odisha,Non Delivery,Bhadrak Division,Bhubaneswar HQ Region,Odisha Circle
756100,Bhadrak Puruna Bazar S.O,OD-Bhadrak,OD,Bhadrak,Odisha,Non Delivery,Bhadrak Division,Bhubaneswar HQ Region,Odisha Circle
756101,Charampa S.O,OD-Bhadrak,OD,Bhadrak,Odisha,Delivery,Bhadrak Division,Bhubaneswar HQ Region,Odisha Circle
756129,Ghanteswar S.O,OD-Bhadrak,OD,Bhadrak,Odisha,Delivery,Bhadrak Division,Bhubaneswar HQ Region,Odisha Circle
756125,Prabodhpur S.O,OD-Bhadrak,OD,Bhadrak,Odisha,Non Delivery,Bhadrak Division,Bhubaneswar HQ Region,Odisha Circle
756135,Randiahat S.O,OD-Bhadrak,OD,Bhadrak,Odisha,Delivery,Bhadrak Division,Bhubaneswar HQ Region,Odisha Circle
756100,Salandi Colony S.O,OD-Bhadrak,OD,Bhadrak,Odisha,Non Delivery,Bhadrak Division,Bhubaneswar HQ Region,Odisha Circle
756130,Tihidi S.O,OD-Bhadrak,OD,Bhadrak,Odisha,Delivery,Bhadrak Division,Bhubaneswar HQ Region,Odisha Circle
751014,B J B Nagar S.O,OD-Khordha,OD,Khordha,Odisha,Delivery,Bhubaneswar Division,Bhubaneswar HQ Region,Odisha Circle
752105,Balanga SO,OD-Puri,OD,Puri,Odisha,Delivery,Puri Division,Bhubaneswar HQ Region,Odisha Circle
752118,Bangurigaon,OD-Puri,OD,Puri,Odisha,Delivery,Puri Division,Bhubaneswar HQ Region,Odisha Circle
752113,Brahmakundi,OD-Puri,OD,Puri,Odisha,Delivery,Puri Division,Bhubaneswar HQ Region,Odisha Circle
752108,Kakatpur,OD-Puri,OD,Puri,Odisha,Delivery,Puri Division,Bhubaneswar HQ Region,Odisha Circle
751006,Kalpana Square S.O,OD-Khordha,OD,Khordha,Odisha,Non Delivery,Bhubaneswar Division,Bhubaneswar HQ Region,Odisha Circle
751002,Kedargouri S.O,OD-Khordha,OD,Khordha,Odisha,Non Delivery,Bhubaneswar Division,Bhubaneswar HQ Region,Odisha Circle
751022,Madhusudan Nagar S.O (Khorda),OD-Khordha,OD,Khordha,Odisha,Non Delivery,Bhubaneswar Division,Bhubaneswar HQ Region,Odisha Circle
751023,S.E Rly.Proj. Complex S.O,OD-Khordha,OD,Khordha,Odisha,Delivery,Bhubaneswar Division,Bhubaneswar HQ Region,Odisha Circle
751005,Sainik School S.O (Khorda),OD-Khordha,OD,Khordha,Odisha,Delivery,Bhubaneswar Division,Bhubaneswar HQ Region,Odisha Circle
751007,Satyanagar S.O (Khorda),OD-Khordha,OD,Khordha,Odisha,Non Delivery,Bhubaneswar Division,Bhubaneswar HQ Region,Odisha Circle
751009,Udyan Marg S.O,OD-Khordha,OD,Khordha,Odisha,Non Delivery,Bhubaneswar Division,Bhubaneswar HQ Region,Odisha Circle
751034,RASULGARH NDC,OD-Khordha,OD,Khordha,Odisha,Delivery,Bhubaneswar Division,Bhubaneswar HQ Region,Odisha Circle
751026,N.M.D Parcel Centre Bhubaneswar,OD-Khordha,OD,Khordha,Odisha,Delivery,Bhubaneswar Division,Bhubaneswar HQ Region,Odisha Circle
754011,Adaspur S.O,OD-Cuttack,OD,Cuttack,Odisha,Delivery,Cuttack City Division,Bhubaneswar HQ Region,Odisha Circle
754010,Bairoi S.O,OD-Cuttack,OD,Cuttack,Odisha,Delivery,Cuttack City Division,Bhubaneswar HQ Region,Odisha Circle
754005,Barang S.O,OD-Cuttack,OD,Cuttack,Odisha,Delivery,Cuttack City Division,Bhubaneswar HQ Region,Odisha Circle
753002,Binod Bihari S.O,OD-Cuttack,OD,Cuttack,Odisha,Non Delivery,Cuttack City Division,Bhubaneswar HQ Region,Odisha Circle
754018,Bramhansailo S.O,OD-Cuttack,OD,Cuttack,Odisha,Delivery,Cuttack City Division,Bhubaneswar HQ Region,Odisha Circle
754009,Kalapathar S.O,OD-Cuttack,OD,Cuttack,Odisha,Delivery,Cuttack South Division,Bhubaneswar HQ Region,Odisha Circle
754006,Mundali Colony S.O,OD-Cuttack,OD,Cuttack,Odisha,Delivery,Cuttack City Division,Bhubaneswar HQ Region,Odisha Circle
753009,Telenga Bazar S.O,OD-Cuttack,OD,Cuttack,Odisha,Delivery,Cuttack City Division,Bhubaneswar HQ Region,Odisha Circle
754209,ASURESWAR S.O,OD-Cuttack,OD,Cuttack,Odisha,Delivery,Cuttack City Division,Bhubaneswar HQ Region,Odisha Circle
754207,NISCHINTAKOILI S.O,OD-Cuttack,OD,Cuttack,Odisha,Delivery,Cuttack City Division,Bhubaneswar HQ Region,Odisha Circle
753001,Cantonment Road S.O,OD-Cuttack,OD,Cuttack,Odisha,Non Delivery,Cuttack City Division,Bhubaneswar HQ Region,Odisha Circle
753012,Khannagar S.O,OD-Cuttack,OD,Cuttack,Odisha,Non Delivery,Cuttack City Division,Bhubaneswar HQ Region,Odisha Circle
753007,Medical College S.O (Cuttack),OD-Cuttack,OD,Cuttack,Odisha,Delivery,Cuttack City Division,Bhubaneswar HQ Region,Odisha Circle
753007,O S E S.O,OD-Cuttack,OD,Cuttack,Odisha,Non Delivery,Cuttack City Division,Bhubaneswar HQ Region,Odisha Circle
755001,Ankula S.O,OD-Jajapur,OD,Jajapur,Odisha,Non Delivery,JAJPUR DIVISION,Bhubaneswar HQ Region,Odisha Circle
755004,Binjharpur S.O,OD-Jajapur,OD,Jajapur,Odisha,Delivery,JAJPUR DIVISION,Bhubaneswar HQ Region,Odisha Circle
755062,Chitalo S.O,OD-Jajapur,OD,Jajapur,Odisha,Delivery,JAJPUR DIVISION,Bhubaneswar HQ Region,Odisha Circle
755019,Jajpur Road RS S.O,OD-Jajapur,OD,Jajapur,Odisha,Delivery,JAJPUR DIVISION,Bhubaneswar HQ Region,Odisha Circle
755023,Jenapur S.O,OD-Jajapur,OD,Jajapur,Odisha,Delivery,JAJPUR DIVISION,Bhubaneswar HQ Region,Odisha Circle
755009,Kabirpur S.O,OD-Jajapur,OD,Jajapur,Odisha,Delivery,JAJPUR DIVISION,Bhubaneswar HQ Region,Odisha Circle
755014,Rambag S.O,OD-Jajapur,OD,Jajapur,Odisha,Delivery,JAJPUR DIVISION,Bhubaneswar HQ Region,Odisha Circle
755019,Sobra S.O,OD-Jajapur,OD,Jajapur,Odisha,Non Delivery,JAJPUR DIVISION,Bhubaneswar HQ Region,Odisha Circle
754245,Barpada S.O,OD-Kendrapara,OD,Kendrapara,Odisha,Delivery,KENDRAPARA DIVISION,Bhubaneswar HQ Region,Odisha Circle
754210,Danpur S.O (Kendrapara),OD-Kendrapara,OD,Kendrapara,Odisha,Delivery,KENDRAPARA DIVISION,Bhubaneswar HQ Region,Odisha Circle
754214,Indupur S.O,OD-Kendrapara,OD,Kendrapara,Odisha,Delivery,KENDRAPARA DIVISION,Bhubaneswar HQ Region,Odisha Circle
754244,Jampara S.O,OD-Kendrapara,OD,Kendrapara,Odisha,Delivery,KENDRAPARA DIVISION,Bhubaneswar HQ Region,Odisha Circle
754211,Kendrapara College S.O,OD-Kendrapara,OD,Kendrapara,Odisha,Non Delivery,KENDRAPARA DIVISION,Bhubaneswar HQ Region,Odisha Circle
754228,Patakura S.O (Kendrapara),OD-Kendrapara,OD,Kendrapara,Odisha,Delivery,KENDRAPARA DIVISION,Bhubaneswar HQ Region,Odisha Circle
754211,Tinimuhani S.O,OD-Kendrapara,OD,Kendrapara,Odisha,Non Delivery,KENDRAPARA DIVISION,Bhubaneswar HQ Region,Odisha Circle
754082,BYREE S.O,OD-Jajapur,OD,Jajapur,Odisha,Delivery,JAJPUR DIVISION,Bhubaneswar HQ Region,Odisha Circle
754025,Choudwar Bazar S.O,OD-Cuttack,OD,Cuttack,Odisha,Non Delivery,Cuttack South Division,Bhubaneswar HQ Region,Odisha Circle
754025,Choudwar S.O,OD-Cuttack,OD,Cuttack,Odisha,Delivery,Cuttack South Division,Bhubaneswar HQ Region,Odisha Circle
754035,Nuapatna S.O,OD-Cuttack,OD,Cuttack,Odisha,Delivery,Cuttack South Division,Bhubaneswar HQ Region,Odisha Circle
754296,SUNGUDA S.O,OD-Jajapur,OD,Jajapur,Odisha,Delivery,JAJPUR DIVISION,Bhubaneswar HQ Region,Odisha Circle
754110,Borikina S.O,OD-Jagatsinghapur,OD,Jagatsinghapur,Odisha,Delivery,Cuttack South Division,Bhubaneswar HQ Region,Odisha Circle
754139,Ersama S.O,OD-Jagatsinghapur,OD,Jagatsinghapur,Odisha,Delivery,Cuttack South Division,Bhubaneswar HQ Region,Odisha Circle
754114,Mandasahi S.O,OD-Jagatsinghapur,OD,Jagatsinghapur,Odisha,Delivery,Cuttack South Division,Bhubaneswar HQ Region,Odisha Circle
754145,Ppl Township S.O,OD-Jagatsinghapur,OD,Jagatsinghapur,Odisha,Delivery,Cuttack South Division,Bhubaneswar HQ Region,Odisha Circle
754141,IOCL(Paradeep) S.O,OD-Jagatsinghapur,OD,Jagatsinghapur,Odisha,Non Delivery,Cuttack South Division,Bhubaneswar HQ Region,Odisha Circle
757055,Amarda S.O,OD-Mayurbhanj,OD,Mayurbhanj,Odisha,Delivery,Mayurbhanj Division,Bhubaneswar HQ Region,Odisha Circle
757002,Belgadia S.O,OD-Mayurbhanj,OD,Mayurbhanj,Odisha,Non Delivery,Mayurbhanj Division,Bhubaneswar HQ Region,Odisha Circle
757021,Deuli S.O,OD-Mayurbhanj,OD,Mayurbhanj,Odisha,Delivery,Mayurbhanj Division,Bhubaneswar HQ Region,Odisha Circle
757075,Dukura S.O,OD-Mayurbhanj,OD,Mayurbhanj,Odisha,Delivery,Mayurbhanj Division,Bhubaneswar HQ Region,Odisha Circle
757030,Kuliana S.O,OD-Mayurbhanj,OD,Mayurbhanj,Odisha,Delivery,Mayurbhanj Division,Bhubaneswar HQ Region,Odisha Circle
757107,Laxmiposi S.O,OD-Mayurbhanj,OD,Mayurbhanj,Odisha,Delivery,Mayurbhanj Division,Bhubaneswar HQ Region,Odisha Circle
757001,Palabani Chhak S.O,OD-Mayurbhanj,OD,Mayurbhanj,Odisha,Non Delivery,Mayurbhanj Division,Bhubaneswar HQ Region,Odisha Circle
757054,Bahalda Rd RS S.O,OD-Mayurbhanj,OD,Mayurbhanj,Odisha,Delivery,Rairangpur Division,Bhubaneswar HQ Region,Odisha Circle
757042,Gorumahisani S.O,OD-Mayurbhanj,OD,Mayurbhanj,Odisha,Delivery,Rairangpur Division,Bhubaneswar HQ Region,Odisha Circle
757050,Hatbadra S.O,OD-Mayurbhanj,OD,Mayurbhanj,Odisha,Delivery,Rairangpur Division,Bhubaneswar HQ Region,Odisha Circle
757045,Jamda S.O (Mayurbhanj),OD-Mayurbhanj,OD,Mayurbhanj,Odisha,Delivery,Rairangpur Division,Bhubaneswar HQ Region,Odisha Circle
757043,Rairangpur R.S S.O,OD-Mayurbhanj,OD,Mayurbhanj,Odisha,Non Delivery,Rairangpur Division,Bhubaneswar HQ Region,Odisha Circle
757039,Sukruli S.O,OD-Mayurbhanj,OD,Mayurbhanj,Odisha,Delivery,Rairangpur Division,Bhubaneswar HQ Region,Odisha Circle
752022,Kaluparaghat S.O,OD-Khordha,OD,Khordha,Odisha,Delivery,Bhubaneswar Division,Bhubaneswar HQ Region,Odisha Circle
752037,Navalbasechilika  S.O,OD-Khordha,OD,Khordha,Odisha,Delivery,Bhubaneswar Division,Bhubaneswar HQ Region,Odisha Circle
752019,Nirakarpur S.O,OD-Khordha,OD,Khordha,Odisha,Delivery,Bhubaneswar Division,Bhubaneswar HQ Region,Odisha Circle
752050,Orissa Engineering College S.O,OD-Khordha,OD,Khordha,Odisha,Non Delivery,Bhubaneswar Division,Bhubaneswar HQ Region,Odisha Circle
752038,Siko S.O,OD-Khordha,OD,Khordha,Odisha,Delivery,Bhubaneswar Division,Bhubaneswar HQ Region,Odisha Circle
752092,Godipada S.O,OD-Nayagarh,OD,Nayagarh,Odisha,Delivery,Nayagarh Division,Bhubaneswar HQ Region,Odisha Circle
752077,Khandapadagarh S.O,OD-Nayagarh,OD,Nayagarh,Odisha,Delivery,Nayagarh Division,Bhubaneswar HQ Region,Odisha Circle
752090,Kural S.O,OD-Nayagarh,OD,Nayagarh,Odisha,Delivery,Nayagarh Division,Bhubaneswar HQ Region,Odisha Circle
752094,Mahipur S.O,OD-Nayagarh,OD,Nayagarh,Odisha,Delivery,Nayagarh Division,Bhubaneswar HQ Region,Odisha Circle
752079,Mandhatapur S.O,OD-Nayagarh,OD,Nayagarh,Odisha,Delivery,Nayagarh Division,Bhubaneswar HQ Region,Odisha Circle
752080,Sarankul S.O,OD-Nayagarh,OD,Nayagarh,Odisha,Delivery,Nayagarh Division,Bhubaneswar HQ Region,Odisha Circle
752069,Sinduria S.O,OD-Nayagarh,OD,Nayagarh,Odisha,Non Delivery,Nayagarh Division,Bhubaneswar HQ Region,Odisha Circle
752002,B S Nagar S.O,OD-Puri,OD,Puri,Odisha,Non Delivery,Puri Division,Bhubaneswar HQ Region,Odisha Circle
752016,Berboi S.O,OD-Puri,OD,Puri,Odisha,Delivery,Puri Division,Bhubaneswar HQ Region,Odisha Circle
752001,Kalikadevisahi S.O,OD-Puri,OD,Puri,Odisha,Non Delivery,Puri Division,Bhubaneswar HQ Region,Odisha Circle
752001,Labanikhiachhak S.O,OD-Puri,OD,Puri,Odisha,Non Delivery,Puri Division,Bhubaneswar HQ Region,Odisha Circle
752014,Sakhigopal S.O,OD-Puri,OD,Puri,Odisha,Delivery,Puri Division,Bhubaneswar HQ Region,Odisha Circle
752104,Pipili SO,OD-Puri,OD,Puri,Odisha,Delivery,Puri Division,Bhubaneswar HQ Region,Odisha Circle
767001,Balangir RS S.O,OD-Balangir,OD,Balangir,Odisha,Non Delivery,Balangir Division,Sambalpur Region,Odisha Circle
767023,Dungripali S.O,OD-Sonepur,OD,Sonepur,Odisha,Delivery,Balangir Division,Sambalpur Region,Odisha Circle
767017,Ghodaghatpara S.O,OD-Sonepur,OD,Sonepur,Odisha,Non Delivery,Balangir Division,Sambalpur Region,Odisha Circle
767033,Hatpadapara S.O,OD-Balangir,OD,Balangir,Odisha,Non Delivery,Balangir Division,Sambalpur Region,Odisha Circle
767001,Marwari Bazar S.O,OD-Balangir,OD,Balangir,Odisha,Non Delivery,Balangir Division,Sambalpur Region,Odisha Circle
767070,Of Badmal S.O,OD-Balangir,OD,Balangir,Odisha,Delivery,Balangir Division,Sambalpur Region,Odisha Circle
767021,Salebhata S.O,OD-Balangir,OD,Balangir,Odisha,Delivery,Balangir Division,Sambalpur Region,Odisha Circle
767001,Talpalipara S.O,OD-Balangir,OD,Balangir,Odisha,Non Delivery,Balangir Division,Sambalpur Region,Odisha Circle
767001,Tikrapara S.O,OD-Balangir,OD,Balangir,Odisha,Non Delivery,Balangir Division,Sambalpur Region,Odisha Circle
767030,Tusra S.O,OD-Balangir,OD,Balangir,Odisha,Delivery,Balangir Division,Sambalpur Region,Odisha Circle
767071,Puintala S.O,OD-Balangir,OD,Balangir,Odisha,Delivery,Balangir Division,Sambalpur Region,Odisha Circle
759124,Chhendipada S.O,OD-Anugul,OD,Anugul,Odisha,Delivery,Dhenkanal Division,Sambalpur Region,Odisha Circle
759143,Hakimpada S.O,OD-Anugul,OD,Anugul,Odisha,Delivery,Dhenkanal Division,Sambalpur Region,Odisha Circle
759127,Kishoreganj S.O,OD-Anugul,OD,Anugul,Odisha,Delivery,Dhenkanal Division,Sambalpur Region,Odisha Circle
759039,Badasuanlo S.O,OD-Dhenkanal,OD,Dhenkanal,Odisha,Delivery,Dhenkanal Division,Sambalpur Region,Odisha Circle
759022,Hindol S.O,OD-Dhenkanal,OD,Dhenkanal,Odisha,Delivery,Dhenkanal Division,Sambalpur Region,Odisha Circle
759014,Mahimagadi S.O,OD-Dhenkanal,OD,Dhenkanal,Odisha,Delivery,Dhenkanal Division,Sambalpur Region,Odisha Circle
759121,Meramandali S.O,OD-Dhenkanal,OD,Dhenkanal,Odisha,Delivery,Dhenkanal Division,Sambalpur Region,Odisha Circle
759040,Talmul S.O,OD-Anugul,OD,Anugul,Odisha,Delivery,Dhenkanal Division,Sambalpur Region,Odisha Circle
759029,Mahabirod S.O,OD-Dhenkanal,OD,Dhenkanal,Odisha,Delivery,Dhenkanal Division,Sambalpur Region,Odisha Circle
758082,Brahmanipal S.O,OD-Kendujhar,OD,Kendujhar,Odisha,Delivery,Keonjhar Division,Sambalpur Region,Odisha Circle
758022,Fakirpur S.O,OD-Kendujhar,OD,Kendujhar,Odisha,Delivery,Keonjhar Division,Sambalpur Region,Odisha Circle
758083,Hatadihi S.O,OD-Kendujhar,OD,Kendujhar,Odisha,Delivery,Keonjhar Division,Sambalpur Region,Odisha Circle
758084,Jagamohanpur S.O,OD-Kendujhar,OD,Kendujhar,Odisha,Delivery,Keonjhar Division,Sambalpur Region,Odisha Circle
758002,Keonjhar Bazar S.O,OD-Kendujhar,OD,Kendujhar,Odisha,Delivery,Keonjhar Division,Sambalpur Region,Odisha Circle
758001,Keonjhar Court S.O,OD-Kendujhar,OD,Kendujhar,Odisha,Non Delivery,Keonjhar Division,Sambalpur Region,Odisha Circle
758001,Keonjhar Science College S.O,OD-Kendujhar,OD,Kendujhar,Odisha,Non Delivery,Keonjhar Division,Sambalpur Region,Odisha Circle
758036,Matkambeda S.O,OD-Kendujhar,OD,Kendujhar,Odisha,Delivery,Keonjhar Division,Sambalpur Region,Odisha Circle
758047,Remuli S.O,OD-Kendujhar,OD,Kendujhar,Odisha,Delivery,Keonjhar Division,Sambalpur Region,Odisha Circle
758087,Pandapada S.O,OD-Kendujhar,OD,Kendujhar,Odisha,Delivery,Keonjhar Division,Sambalpur Region,Odisha Circle
768037,Gaisilet S.O,OD-Bargarh,OD,Bargarh,Odisha,Delivery,Sambalpur Division,Sambalpur Region,Odisha Circle
768034,Ghess S.O,OD-Bargarh,OD,Bargarh,Odisha,Delivery,Sambalpur Division,Sambalpur Region,Odisha Circle
768042,Jharbandh S.O,OD-Bargarh,OD,Bargarh,Odisha,Delivery,Sambalpur Division,Sambalpur Region,Odisha Circle
768040,Tora S.O,OD-Bargarh,OD,Bargarh,Odisha,Delivery,Sambalpur Division,Sambalpur Region,Odisha Circle
768211,Bandhbahal Colony S.O,OD-Jharsuguda,OD,Jharsuguda,Odisha,Delivery,Sundargarh Division,Sambalpur Region,Odisha Circle
768217,Belpahar Rs S.O,OD-Jharsuguda,OD,Jharsuguda,Odisha,Delivery,Sundargarh Division,Sambalpur Region,Odisha Circle
768225,Rampur Colliery S.O,OD-Jharsuguda,OD,Jharsuguda,Odisha,Delivery,Sundargarh Division,Sambalpur Region,Odisha Circle
768115,Gondturum S.O,OD-Bargarh,OD,Bargarh,Odisha,Delivery,Sambalpur Division,Sambalpur Region,Odisha Circle
768016,Hirakud S.O,OD-Sambalpur,OD,Sambalpur,Odisha,Delivery,Sambalpur Division,Sambalpur Region,Odisha Circle
768109,Reamal S.O,OD-Deogarh,OD,Deogarh,Odisha,Delivery,Sambalpur Division,Sambalpur Region,Odisha Circle
769001,Daily Market S.O,OD-Sundargarh,OD,Sundargarh,Odisha,Non Delivery,Rourkela Division,Sambalpur Region,Odisha Circle
769042,Jhirpani S.O,OD-Sundargarh,OD,Sundargarh,Odisha,Delivery,Rourkela Division,Sambalpur Region,Odisha Circle
769013,Rourkela - 13 S.O,OD-Sundargarh,OD,Sundargarh,Odisha,Delivery,Rourkela Division,Sambalpur Region,Odisha Circle
769014,Rourkela - 14 S.O,OD-Sundargarh,OD,Sundargarh,Odisha,Delivery,Rourkela Division,Sambalpur Region,Odisha Circle
769007,Rourkela - 7 S.O,OD-Sundargarh,OD,Sundargarh,Odisha,Delivery,Rourkela Division,Sambalpur Region,Odisha Circle
769006,Sector - 2 S.O,OD-Sundargarh,OD,Sundargarh,Odisha,Non Delivery,Rourkela Division,Sambalpur Region,Odisha Circle
770076,Basundhara S.O,OD-Sundargarh,OD,Sundargarh,Odisha,Delivery,Sundargarh Division,Sambalpur Region,Odisha Circle
770018,Kutra S.O,OD-Sundargarh,OD,Sundargarh,Odisha,Delivery,Sundargarh Division,Sambalpur Region,Odisha Circle
770020,Sankara S.O,OD-Sundargarh,OD,Sundargarh,Odisha,Delivery,Sundargarh Division,Sambalpur Region,Odisha Circle
770001,Sundargarh Court S.O,OD-Sundargarh,OD,Sundargarh,Odisha,Non Delivery,Sundargarh Division,Sambalpur Region,Odisha Circle
770033,Biramitrapur S.O,OD-Sundargarh,OD,Sundargarh,Odisha,Delivery,Rourkela Division,Sambalpur Region,Odisha Circle
770038,Bonaigarh S.O,OD-Sundargarh,OD,Sundargarh,Odisha,Delivery,Rourkela Division,Sambalpur Region,Odisha Circle
770046,Hatibari S.O,OD-Sundargarh,OD,Sundargarh,Odisha,Delivery,Rourkela Division,Sambalpur Region,Odisha Circle
770048,Koira S.O,OD-Sundargarh,OD,Sundargarh,Odisha,Delivery,Rourkela Division,Sambalpur Region,Odisha Circle
770039,Kuarmunda S.O,OD-Sundargarh,OD,Sundargarh,Odisha,Delivery,Rourkela Division,Sambalpur Region,Odisha Circle
770040,Lahunipara S.O,OD-Sundargarh,OD,Sundargarh,Odisha,Delivery,Rourkela Division,Sambalpur Region,Odisha Circle
770034,PIET MANDIAKUDAR,OD-Sundargarh,OD,Sundargarh,Odisha,Non Delivery,Rourkela Division,Sambalpur Region,Odisha Circle
770035,Purnapani S.O,OD-Sundargarh,OD,Sundargarh,Odisha,Delivery,Rourkela Division,Sambalpur Region,Odisha Circle
770042,Tensa S.O,OD-Sundargarh,OD,Sundargarh,Odisha,Delivery,Rourkela Division,Sambalpur Region,Odisha Circle
761102,Hinjilicut S.O,OD-Ganjam,OD,Ganjam,Odisha,Delivery,Aska Division,Berhampur Region,Odisha Circle
761101,Kanchuru S.O,OD-Ganjam,OD,Ganjam,Odisha,Delivery,Aska Division,Berhampur Region,Odisha Circle
761108,Surada S.O,OD-Ganjam,OD,Ganjam,Odisha,Delivery,Aska Division,Berhampur Region,Odisha Circle
761119,B D Sahi Bellagunhta S.O,OD-Ganjam,OD,Ganjam,Odisha,Non Delivery,Aska Division,Berhampur Region,Odisha Circle
761126,Bhanjanagar Bazar S.O,OD-Ganjam,OD,Ganjam,Odisha,Non Delivery,Aska Division,Berhampur Region,Odisha Circle
761123,Gangapur (Ganjam) S.O,OD-Ganjam,OD,Ganjam,Odisha,Delivery,Aska Division,Berhampur Region,Odisha Circle
761121,Jagannath Prasad S.O,OD-Ganjam,OD,Ganjam,Odisha,Delivery,Aska Division,Berhampur Region,Odisha Circle
761012,Digapahandi Tahasil Colony S.O,OD-Ganjam,OD,Ganjam,Odisha,Non Delivery,Berhampur Division,Berhampur Region,Odisha Circle
760001,Gandhinagar S.O (Ganjam),OD-Ganjam,OD,Ganjam,Odisha,Non Delivery,Berhampur Division,Berhampur Region,Odisha Circle
761009,Girisola S.O,OD-Ganjam,OD,Ganjam,Odisha,Delivery,Berhampur Division,Berhampur Region,Odisha Circle
761052,Golabandha S.O,OD-Ganjam,OD,Ganjam,Odisha,Delivery,Berhampur Division,Berhampur Region,Odisha Circle
760003,Gosaninuagam S.O,OD-Ganjam,OD,Ganjam,Odisha,Delivery,Berhampur Division,Berhampur Region,Odisha Circle
760002,Park Street S.O,OD-Ganjam,OD,Ganjam,Odisha,Non Delivery,Berhampur Division,Berhampur Region,Odisha Circle
761020,Chatrapur Bazar S.O,OD-Ganjam,OD,Ganjam,Odisha,Non Delivery,Berhampur Division,Berhampur Region,Odisha Circle
761025,Jayashree S.O,OD-Ganjam,OD,Ganjam,Odisha,Delivery,Berhampur Division,Berhampur Region,Odisha Circle
761045,Matikhalo S.O,OD-Ganjam,OD,Ganjam,Odisha,Delivery,Berhampur Division,Berhampur Region,Odisha Circle
761200,Chitrakar Street S.O,OD-Gajapati,OD,Gajapati,Odisha,Non Delivery,Rayagada Division,Berhampur Region,Odisha Circle
761207,Gumma S.O Gajapati,OD-Gajapati,OD,Gajapati,Odisha,Delivery,Rayagada Division,Berhampur Region,Odisha Circle
761210,Gurandi S.O,OD-Gajapati,OD,Gajapati,Odisha,Delivery,Rayagada Division,Berhampur Region,Odisha Circle
761206,Kashinagar S.O Gajapati,OD-Gajapati,OD,Gajapati,Odisha,Delivery,Rayagada Division,Berhampur Region,Odisha Circle
761200,Paralakhemundi Bus Stand S.O,OD-Gajapati,OD,Gajapati,Odisha,Non Delivery,Rayagada Division,Berhampur Region,Odisha Circle
766020,Biswanathpur S.O,OD-Kalahandi,OD,Kalahandi,Odisha,Delivery,Kalahandi Division,Berhampur Region,Odisha Circle
766012,Kesinga RS S.O,OD-Kalahandi,OD,Kalahandi,Odisha,Non Delivery,Kalahandi Division,Berhampur Region,Odisha Circle
766104,Khariar Road S.O,OD-Nuapada,OD,Nuapada,Odisha,Delivery,Kalahandi Division,Berhampur Region,Odisha Circle
766101,Rupra Road S.O,OD-Kalahandi,OD,Kalahandi,Odisha,Delivery,Kalahandi Division,Berhampur Region,Odisha Circle
766108,Sinhapalli S.O,OD-Nuapada,OD,Nuapada,Odisha,Delivery,Kalahandi Division,Berhampur Region,Odisha Circle
766029,Sosia S.O,OD-Kalahandi,OD,Kalahandi,Odisha,Delivery,Kalahandi Division,Berhampur Region,Odisha Circle
766011,Utkela S.O,OD-Kalahandi,OD,Kalahandi,Odisha,Delivery,Kalahandi Division,Berhampur Region,Odisha Circle
766003,Bhawanipatna Engineering College SO,OD-Kalahandi,OD,Kalahandi,Odisha,Delivery,Kalahandi Division,Berhampur Region,Odisha Circle
764043,Boipariguda S.O,OD-Koraput,OD,Koraput,Odisha,Delivery,Koraput Division,Berhampur Region,Odisha Circle
764052,Chitrakonda S.O,OD-Malkangiri,OD,Malkangiri,Odisha,Delivery,Koraput Division,Berhampur Region,Odisha Circle
764041,Jolaput S.O,OD-Koraput,OD,Koraput,Odisha,Delivery,Koraput Division,Berhampur Region,Odisha Circle
764085,Khatiguda S.O,OD-Nabarangpur,OD,Nabarangpur,Odisha,Delivery,Koraput Division,Berhampur Region,Odisha Circle
764059,Nabarangpur S.O,OD-Nabarangpur,OD,Nabarangpur,Odisha,Delivery,Koraput Division,Berhampur Region,Odisha Circle
764071,Papadahandi S.O,OD-Nabarangpur,OD,Nabarangpur,Odisha,Delivery,Koraput Division,Berhampur Region,Odisha Circle
764073,Umerkote Bazar S.O,OD-Nabarangpur,OD,Nabarangpur,Odisha,Non Delivery,Koraput Division,Berhampur Region,Odisha Circle
763003,D.P.Camp Sunabeda S.O,OD-Koraput,OD,Koraput,Odisha,Delivery,Koraput Division,Berhampur Region,Odisha Circle
764011,Kolab Nagar S.O,OD-Koraput,OD,Koraput,Odisha,Delivery,Koraput Division,Berhampur Region,Odisha Circle
764021,Koraput R.S. S.O,OD-Koraput,OD,Koraput,Odisha,Non Delivery,Koraput Division,Berhampur Region,Odisha Circle
764021,Omp Line S.O,OD-Koraput,OD,Koraput,Odisha,Delivery,Koraput Division,Berhampur Region,Odisha Circle
763002,Sector VII(Sunabeda) S.O,OD-Koraput,OD,Koraput,Odisha,Non Delivery,Koraput Division,Berhampur Region,Odisha Circle
765026,Gudari S.O,OD-Rayagada,OD,Rayagada,Odisha,Delivery,Rayagada Division,Berhampur Region,Odisha Circle
765025,Padmapur S.O,OD-Rayagada,OD,Rayagada,Odisha,Delivery,Rayagada Division,Berhampur Region,Odisha Circle
765001,R K Nagar Rayagada S.O,OD-Rayagada,OD,Rayagada,Odisha,Non Delivery,Rayagada Division,Berhampur Region,Odisha Circle
765010,Kolnara  S.O,OD-Rayagada,OD,Rayagada,Odisha,Delivery,Rayagada Division,Berhampur Region,Odisha Circle
762021,Bamunigaon S.O (Kandhamal),OD-Kandhamal,OD,Kandhamal,Odisha,Delivery,Phulbani Division,Berhampur Region,Odisha Circle
762015,Bounsoni S.O,OD-Boudh,OD,Boudh,Odisha,Delivery,Phulbani Division,Berhampur Region,Odisha Circle
762100,G.Udayagiri S.O,OD-Kandhamal,OD,Kandhamal,Odisha,Delivery,Phulbani Division,Berhampur Region,Odisha Circle
762017,Kantamal S.O,OD-Boudh,OD,Boudh,Odisha,Delivery,Phulbani Division,Berhampur Region,Odisha Circle
762103,Nuasahi S.O,OD-Kandhamal,OD,Kandhamal,Odisha,Non Delivery,Phulbani Division,Berhampur Region,Odisha Circle
762011,Phiringia S.O,OD-Kandhamal,OD,Kandhamal,Odisha,Delivery,Phulbani Division,Berhampur Region,Odisha Circle
762013,Purunakatak S.O,OD-Boudh,OD,Boudh,Odisha,Delivery,Phulbani Division,Berhampur Region,Odisha Circle
160025,Maloya Colony SO,CH-Chandigarh,CH,Chandigarh,Chandigarh,Delivery,Chandigarh Division,DivReportingCircle,Punjab Circle
160101,Manimajra SO,CH-Chandigarh,CH,Chandigarh,Chandigarh,Delivery,Chandigarh Division,DivReportingCircle,Punjab Circle
160001,New Sectt Chandigarh SO,CH-Chandigarh,CH,Chandigarh,Chandigarh,Delivery,Chandigarh Division,DivReportingCircle,Punjab Circle
160002,Ram Darbar SO,CH-Chandigarh,CH,Chandigarh,Chandigarh,Non Delivery,Chandigarh Division,DivReportingCircle,Punjab Circle
160012,Sector 12 Chandigarh SO,CH-Chandigarh,CH,Chandigarh,Chandigarh,Delivery,Chandigarh Division,DivReportingCircle,Punjab Circle
160019,Sector 19 Chandigarh SO,CH-Chandigarh,CH,Chandigarh,Chandigarh,Delivery,Chandigarh Division,DivReportingCircle,Punjab Circle
160020,Sector 20 Chandigarh SO,CH-Chandigarh,CH,Chandigarh,Chandigarh,Delivery,Chandigarh Division,DivReportingCircle,Punjab Circle
160019,Sector 26 Chandigarh SO,CH-Chandigarh,CH,Chandigarh,Chandigarh,Non Delivery,Chandigarh Division,DivReportingCircle,Punjab Circle
160019,Sector 27ChandigarhSO,CH-Chandigarh,CH,Chandigarh,Chandigarh,Non Delivery,Chandigarh Division,DivReportingCircle,Punjab Circle
160030,Sector 31 Chandigarh SO,CH-Chandigarh,CH,Chandigarh,Chandigarh,Non Delivery,Chandigarh Division,DivReportingCircle,Punjab Circle
160022,Sector 34Chandigarh SO,CH-Chandigarh,CH,Chandigarh,Chandigarh,Non Delivery,Chandigarh Division,DivReportingCircle,Punjab Circle
160047,Sector 48 Chandigarh S.O,CH-Chandigarh,CH,Chandigarh,Chandigarh,Non Delivery,Chandigarh Division,DivReportingCircle,Punjab Circle
160006,NDC Chandigarh,CH-Chandigarh,CH,Chandigarh,Chandigarh,Delivery,Chandigarh Division,DivReportingCircle,Punjab Circle
140118,Anand Pur Sahib SO,PB-Rupnagar,PB,Rupnagar,Punjab,Delivery,Chandigarh Division,DivReportingCircle,Punjab Circle
140133,Bhanupali SO,PB-Rupnagar,PB,Rupnagar,Punjab,Delivery,Chandigarh Division,DivReportingCircle,Punjab Circle
140114,Bharatgarh SO,PB-Rupnagar,PB,Rupnagar,Punjab,Delivery,Chandigarh Division,DivReportingCircle,Punjab Circle
140126,Fertilizer Factory Nangal SO,PB-Rupnagar,PB,Rupnagar,Punjab,Delivery,Chandigarh Division,DivReportingCircle,Punjab Circle
140109,Khizrabad West SO,PB-S.A.S Nagar,PB,S.A.S Nagar,Punjab,Delivery,Chandigarh Division,DivReportingCircle,Punjab Circle
140103,Kurali SO,PB-S.A.S Nagar,PB,S.A.S Nagar,Punjab,Delivery,Chandigarh Division,DivReportingCircle,Punjab Circle
140307,Landran SO,PB-S.A.S Nagar,PB,S.A.S Nagar,Punjab,Delivery,Chandigarh Division,DivReportingCircle,Punjab Circle
140102,Lutheri SO,PB-Rupnagar,PB,Rupnagar,Punjab,Delivery,Chandigarh Division,DivReportingCircle,Punjab Circle
140124,Nangal Township SO,PB-Rupnagar,PB,Rupnagar,Punjab,Delivery,Chandigarh Division,DivReportingCircle,Punjab Circle
140127,New Nangram SO,PB-Rupnagar,PB,Rupnagar,Punjab,Delivery,Chandigarh Division,DivReportingCircle,Punjab Circle
141003,AP Basti SO,PB-Ludhiana,PB,Ludhiana,Punjab,Non Delivery,Ludhiana City Division,DivReportingCircle,Punjab Circle
141008,Central Post Office SO,PB-Ludhiana,PB,Ludhiana,Punjab,Delivery,Ludhiana City Division,DivReportingCircle,Punjab Circle
141010,Focal Point SO,PB-Ludhiana,PB,Ludhiana,Punjab,Delivery,Ludhiana City Division,DivReportingCircle,Punjab Circle
141003,Labour Colony SO Ludhiana,PB-Ludhiana,PB,Ludhiana,Punjab,Non Delivery,Ludhiana City Division,DivReportingCircle,Punjab Circle
141016,Lohora SO,PB-Ludhiana,PB,Ludhiana,Punjab,Delivery,Ludhiana City Division,DivReportingCircle,Punjab Circle
141001,Ludhiana Kty SO,PB-Ludhiana,PB,Ludhiana,Punjab,Non Delivery,Ludhiana City Division,DivReportingCircle,Punjab Circle
141008,Madhopuri SO,PB-Ludhiana,PB,Ludhiana,Punjab,Non Delivery,Ludhiana City Division,DivReportingCircle,Punjab Circle
141015,Mundian Kalan SO,PB-Ludhiana,PB,Ludhiana,Punjab,Delivery,Ludhiana City Division,DivReportingCircle,Punjab Circle
141008,Partpsinghwala SO,PB-Ludhiana,PB,Ludhiana,Punjab,Non Delivery,Ludhiana City Division,DivReportingCircle,Punjab Circle
142021,Baddowal SO,PB-Ludhiana,PB,Ludhiana,Punjab,Delivery,Ludhiana Moffusil Division,DivReportingCircle,Punjab Circle
141102,Dakha SO,PB-Ludhiana,PB,Ludhiana,Punjab,Delivery,Ludhiana Moffusil Division,DivReportingCircle,Punjab Circle
142030,Kamalpura SO,PB-Ludhiana,PB,Ludhiana,Punjab,Delivery,Ludhiana Moffusil Division,DivReportingCircle,Punjab Circle
142022,Lalton Kalan SO,PB-Ludhiana,PB,Ludhiana,Punjab,Delivery,Ludhiana Moffusil Division,DivReportingCircle,Punjab Circle
142033,Sidhwan Bet SO,PB-Ludhiana,PB,Ludhiana,Punjab,Delivery,Ludhiana Moffusil Division,DivReportingCircle,Punjab Circle
142024,Sidhwan Khurd SO,PB-Ludhiana,PB,Ludhiana,Punjab,Delivery,Ludhiana Moffusil Division,DivReportingCircle,Punjab Circle
141121,Behlolpur SO,PB-Ludhiana,PB,Ludhiana,Punjab,Delivery,Ludhiana Moffusil Division,DivReportingCircle,Punjab Circle
141206,Ghawaddi SO,PB-Ludhiana,PB,Ludhiana,Punjab,Delivery,Ludhiana Moffusil Division,DivReportingCircle,Punjab Circle
141122,Jaspal Banger SO,PB-Ludhiana,PB,Ludhiana,Punjab,Delivery,Ludhiana Moffusil Division,DivReportingCircle,Punjab Circle
141115,Machhiwara SO,PB-Ludhiana,PB,Ludhiana,Punjab,Delivery,Ludhiana Moffusil Division,DivReportingCircle,Punjab Circle
141114,Samrala SO,PB-Ludhiana,PB,Ludhiana,Punjab,Delivery,Ludhiana Moffusil Division,DivReportingCircle,Punjab Circle
141117,Sihar SO,PB-Ludhiana,PB,Ludhiana,Punjab,Delivery,Ludhiana Moffusil Division,DivReportingCircle,Punjab Circle
141127,Koom Kalan SO,PB-Ludhiana,PB,Ludhiana,Punjab,Delivery,Ludhiana Moffusil Division,DivReportingCircle,Punjab Circle
147001,Bahera Road Patiala SO,PB-Patiala,PB,Patiala,Punjab,Non Delivery,Patiala Division,DivReportingCircle,Punjab Circle
147111,Devigarh SO,PB-Patiala,PB,Patiala,Punjab,Delivery,Patiala Division,DivReportingCircle,Punjab Circle
147021,Guruteghbahadurgarh SO,PB-Patiala,PB,Patiala,Punjab,Delivery,Patiala Division,DivReportingCircle,Punjab Circle
147007,New Lal Bagh Colony SO,PB-Patiala,PB,Patiala,Punjab,Delivery,Patiala Division,DivReportingCircle,Punjab Circle
147105,Patran SO,PB-Patiala,PB,Patiala,Punjab,Delivery,Patiala Division,DivReportingCircle,Punjab Circle
147002,University SO,PB-Patiala,PB,Patiala,Punjab,Delivery,Patiala Division,DivReportingCircle,Punjab Circle
147006,RGNUL Punjab Patiala SO,PB-Patiala,PB,Patiala,Punjab,Delivery,Patiala Division,DivReportingCircle,Punjab Circle
147001,NSNIS PATIALA SO,PB-Patiala,PB,Patiala,Punjab,Non Delivery,Patiala Division,DivReportingCircle,Punjab Circle
147008,Nodal Delivery Center (Parcel)  Patiala,PB-Patiala,PB,Patiala,Punjab,Delivery,Patiala Division,DivReportingCircle,Punjab Circle
140701,Kauli SO,PB-Patiala,PB,Patiala,Punjab,Delivery,Patiala Division,DivReportingCircle,Punjab Circle
147301,Mandigobindgarh SO,PB-Fatehgarh Sahib,PB,Fatehgarh Sahib,Punjab,Delivery,Patiala Division,DivReportingCircle,Punjab Circle
140402,Rajpura Township SO,PB-Patiala,PB,Patiala,Punjab,Delivery,Patiala Division,DivReportingCircle,Punjab Circle
140408,Chunni Kalan SO,PB-Fatehgarh Sahib,PB,Fatehgarh Sahib,Punjab,Delivery,Patiala Division,DivReportingCircle,Punjab Circle
148029,Cheema SO,PB-Sangrur,PB,Sangrur,Punjab,Delivery,Sangrur Division,DivReportingCircle,Punjab Circle
148030,Chhajli SO,PB-Sangrur,PB,Sangrur,Punjab,Delivery,Sangrur Division,DivReportingCircle,Punjab Circle
148024,Dhuri SO,PB-Sangrur,PB,Sangrur,Punjab,Delivery,Sangrur Division,DivReportingCircle,Punjab Circle
148106,Longowal SO,PB-Barnala,PB,Barnala,Punjab,Delivery,Sangrur Division,DivReportingCircle,Punjab Circle
148104,Mehal Kalan SO,PB-Barnala,PB,Barnala,Punjab,Delivery,Sangrur Division,DivReportingCircle,Punjab Circle
148109,Sanghera SO,PB-Barnala,PB,Barnala,Punjab,Delivery,Sangrur Division,DivReportingCircle,Punjab Circle
148028,Sunam City SO,PB-Sangrur,PB,Sangrur,Punjab,Non Delivery,Sangrur Division,DivReportingCircle,Punjab Circle
148028,Sunam SO,PB-Sangrur,PB,Sangrur,Punjab,Delivery,Sangrur Division,DivReportingCircle,Punjab Circle
143001,Amritsar Kty SO,PB-Amritsar,PB,Amritsar,Punjab,Non Delivery,Amritsar Division,Punjab West Region,Punjab Circle
143203,Butala SO,PB-Amritsar,PB,Amritsar,Punjab,Delivery,Amritsar Division,Punjab West Region,Punjab Circle
143002,JFMill SO,PB-Amritsar,PB,Amritsar,Punjab,Non Delivery,Amritsar Division,Punjab West Region,Punjab Circle
143149,Jandiala RS SO,PB-Amritsar,PB,Amritsar,Punjab,Delivery,Amritsar Division,Punjab West Region,Punjab Circle
143502,Kathunangal SO,PB-Amritsar,PB,Amritsar,Punjab,Delivery,Amritsar Division,Punjab West Region,Punjab Circle
143006,Majith Mandi SO,PB-Amritsar,PB,Amritsar,Punjab,Non Delivery,Amritsar Division,Punjab West Region,Punjab Circle
143601,Majitha SO,PB-Amritsar,PB,Amritsar,Punjab,Delivery,Amritsar Division,Punjab West Region,Punjab Circle
143105,Rayon  Silk Mill SO,PB-Amritsar,PB,Amritsar,Punjab,Non Delivery,Amritsar Division,Punjab West Region,Punjab Circle
143001,Vijaya Nagar SO,PB-Amritsar,PB,Amritsar,Punjab,Non Delivery,Amritsar Division,Punjab West Region,Punjab Circle
143006,Focal Point SO,PB-Amritsar,PB,Amritsar,Punjab,Non Delivery,Amritsar Division,Punjab West Region,Punjab Circle
143004,Nodal Delivery Centre Amritsar,PB-Amritsar,PB,Amritsar,Punjab,Delivery,Amritsar Division,Punjab West Region,Punjab Circle
143408,Chohla Sahib SO,PB-Tarn Taran,PB,Tarn Taran,Punjab,Delivery,Amritsar Division,Punjab West Region,Punjab Circle
143411,Dhotian SO,PB-Tarn Taran,PB,Tarn Taran,Punjab,Delivery,Amritsar Division,Punjab West Region,Punjab Circle
143117,Khadoor Sahib SO,PB-Tarn Taran,PB,Tarn Taran,Punjab,Delivery,Amritsar Division,Punjab West Region,Punjab Circle
143419,Khem Karan SO,PB-Tarn Taran,PB,Tarn Taran,Punjab,Delivery,Amritsar Division,Punjab West Region,Punjab Circle
143410,Sarhali SO Tarn Taran,PB-Tarn Taran,PB,Tarn Taran,Punjab,Delivery,Amritsar Division,Punjab West Region,Punjab Circle
151005,Bathinda City SO,PB-Bathinda,PB,Bathinda,Punjab,Delivery,Bhatinda Division,Punjab West Region,Punjab Circle
151206,Bhagta Bhai SO,PB-Bathinda,PB,Bathinda,Punjab,Delivery,Bhatinda Division,Punjab West Region,Punjab Circle
151005,Railway Colony SO Bathinda,PB-Bathinda,PB,Bathinda,Punjab,Non Delivery,Bhatinda Division,Punjab West Region,Punjab Circle
151006,NDC Bathinda,PB-Bathinda,PB,Bathinda,Punjab,Delivery,Bhatinda Division,Punjab West Region,Punjab Circle
151007,Air Force Station Bhisiana,PB-Bathinda,PB,Bathinda,Punjab,Delivery,Bhatinda Division,Punjab West Region,Punjab Circle
152115,Bhaika Khera SO,PB-Sri Muktsar Sahib,PB,Sri Muktsar Sahib,Punjab,Delivery,Faridkot Division,Punjab West Region,Punjab Circle
151204,Kotkapura SO,PB-Faridkot,PB,Faridkot,Punjab,Delivery,Faridkot Division,Punjab West Region,Punjab Circle
152113,Lambi SO,PB-Sri Muktsar Sahib,PB,Sri Muktsar Sahib,Punjab,Delivery,Faridkot Division,Punjab West Region,Punjab Circle
151211,Mandi Killianwali SO,PB-Sri Muktsar Sahib,PB,Sri Muktsar Sahib,Punjab,Delivery,Faridkot Division,Punjab West Region,Punjab Circle
152026,Muktsar Kty SO,PB-Sri Muktsar Sahib,PB,Sri Muktsar Sahib,Punjab,Non Delivery,Faridkot Division,Punjab West Region,Punjab Circle
152112,Ram Nagar SO Muktsar,PB-Sri Muktsar Sahib,PB,Sri Muktsar Sahib,Punjab,Delivery,Faridkot Division,Punjab West Region,Punjab Circle
142001,GTR MOGA SO,PB-Moga,PB,Moga,Punjab,Non Delivery,Faridkot Division,Punjab West Region,Punjab Circle
142046,Patto Hira Singh SO,PB-Moga,PB,Moga,Punjab,Delivery,Faridkot Division,Punjab West Region,Punjab Circle
142057,Samadh Bhai SO,PB-Moga,PB,Moga,Punjab,Delivery,Faridkot Division,Punjab West Region,Punjab Circle
152124,Arniwala Sheikh Subhan SO,PB-Fazilka,PB,Fazilka,Punjab,Delivery,Ferozpur Division,Punjab West Region,Punjab Circle
152003,Canal Colony Ferozepur SO,PB-Firozepur,PB,Firozepur,Punjab,Delivery,Ferozpur Division,Punjab West Region,Punjab Circle
152033,Mandi Amin Ganj SO,PB-Fazilka,PB,Fazilka,Punjab,Delivery,Ferozpur Division,Punjab West Region,Punjab Circle
152122,Nihal Khera SO,PB-Fazilka,PB,Fazilka,Punjab,Delivery,Ferozpur Division,Punjab West Region,Punjab Circle
152118,Sitto SO,PB-Fazilka,PB,Fazilka,Punjab,Delivery,Ferozpur Division,Punjab West Region,Punjab Circle
152002,Industrial Area Ferozepur city,PB-Firozepur,PB,Firozepur,Punjab,Non Delivery,Ferozpur Division,Punjab West Region,Punjab Circle
143605,Dhianpur SO,PB-Gurdaspur,PB,Gurdaspur,Punjab,Delivery,Gurdaspur Division,Punjab West Region,Punjab Circle
143505,Guru Nanak Nagar SO Gurdaspur,PB-Gurdaspur,PB,Gurdaspur,Punjab,Non Delivery,Gurdaspur Division,Punjab West Region,Punjab Circle
143513,Kala Afgana SO,PB-Gurdaspur,PB,Gurdaspur,Punjab,Delivery,Gurdaspur Division,Punjab West Region,Punjab Circle
143518,Naushera Majja Singh SO,PB-Gurdaspur,PB,Gurdaspur,Punjab,Delivery,Gurdaspur Division,Punjab West Region,Punjab Circle
145001,Beacon Pathankot SO,PB-Pathankot,PB,Pathankot,Punjab,Non Delivery,Gurdaspur Division,Punjab West Region,Punjab Circle
145022,Dunera SO,PB-Pathankot,PB,Pathankot,Punjab,Delivery,Gurdaspur Division,Punjab West Region,Punjab Circle
145024,Madhopur SO Gurdaspur,PB-Pathankot,PB,Pathankot,Punjab,Delivery,Gurdaspur Division,Punjab West Region,Punjab Circle
145101,Mirthal SO,PB-Pathankot,PB,Pathankot,Punjab,Delivery,Gurdaspur Division,Punjab West Region,Punjab Circle
145026,Narot Jailmal Singh SO,PB-Pathankot,PB,Pathankot,Punjab,Delivery,Gurdaspur Division,Punjab West Region,Punjab Circle
145029,Shahpur Kandi Township SO,PB-Pathankot,PB,Pathankot,Punjab,Delivery,Gurdaspur Division,Punjab West Region,Punjab Circle
145023,Sujanpur SO Gurdaspur,PB-Pathankot,PB,Pathankot,Punjab,Delivery,Gurdaspur Division,Punjab West Region,Punjab Circle
143521,Kalanaur Road Gurdaspur SO,PB-Gurdaspur,PB,Gurdaspur,Punjab,Non Delivery,Gurdaspur Division,Punjab West Region,Punjab Circle
144212,Budhipind SO,PB-Hoshiarpur,PB,Hoshiarpur,Punjab,Delivery,Hoshiarpur Division,Punjab West Region,Punjab Circle
146113,Bulhowal SO,PB-Hoshiarpur,PB,Hoshiarpur,Punjab,Delivery,Hoshiarpur Division,Punjab West Region,Punjab Circle
144222,Datarpur SO,PB-Hoshiarpur,PB,Hoshiarpur,Punjab,Delivery,Hoshiarpur Division,Punjab West Region,Punjab Circle
144208,Hariana SO,PB-Hoshiarpur,PB,Hoshiarpur,Punjab,Delivery,Hoshiarpur Division,Punjab West Region,Punjab Circle
146115,Pajjodeotta SO,PB-Hoshiarpur,PB,Hoshiarpur,Punjab,Delivery,Hoshiarpur Division,Punjab West Region,Punjab Circle
144214,Tanda Ram Sahai SO,PB-Hoshiarpur,PB,Hoshiarpur,Punjab,Delivery,Hoshiarpur Division,Punjab West Region,Punjab Circle
144404,Ajnoha SO,PB-Hoshiarpur,PB,Hoshiarpur,Punjab,Delivery,Hoshiarpur Division,Punjab West Region,Punjab Circle
144533,Asron S.O,PB-Shahid Bhagat Singh Nagar,PB,Shahid Bhagat Singh Nagar,Punjab,Delivery,Hoshiarpur Division,DivReportingCircle,Punjab Circle
146001,Bahadurpur Chowk SO,PB-Hoshiarpur,PB,Hoshiarpur,Punjab,Non Delivery,Hoshiarpur Division,Punjab West Region,Punjab Circle
146102,Bassi Kalan SO,PB-Hoshiarpur,PB,Hoshiarpur,Punjab,Delivery,Hoshiarpur Division,Punjab West Region,Punjab Circle
146104,Bihala SO,PB-Hoshiarpur,PB,Hoshiarpur,Punjab,Delivery,Hoshiarpur Division,Punjab West Region,Punjab Circle
146024,Factory Area Chohal SO,PB-Hoshiarpur,PB,Hoshiarpur,Punjab,Delivery,Hoshiarpur Division,Punjab West Region,Punjab Circle
144527,Garhshanker SO,PB-Hoshiarpur,PB,Hoshiarpur,Punjab,Delivery,Hoshiarpur Division,Punjab West Region,Punjab Circle
146105,Mahilpur SO,PB-Hoshiarpur,PB,Hoshiarpur,Punjab,Delivery,Hoshiarpur Division,Punjab West Region,Punjab Circle
146001,Mini Sectt SO,PB-Hoshiarpur,PB,Hoshiarpur,Punjab,Non Delivery,Hoshiarpur Division,Punjab West Region,Punjab Circle
146106,Nangal Kalan SO,PB-Hoshiarpur,PB,Hoshiarpur,Punjab,Delivery,Hoshiarpur Division,Punjab West Region,Punjab Circle
146022,Piplanwala SO,PB-Hoshiarpur,PB,Hoshiarpur,Punjab,Delivery,Hoshiarpur Division,Punjab West Region,Punjab Circle
146001,Railway Road SO Hoshiarpur,PB-Hoshiarpur,PB,Hoshiarpur,Punjab,Non Delivery,Hoshiarpur Division,Punjab West Region,Punjab Circle
144528,Rampur Bilron SO,PB-Hoshiarpur,PB,Hoshiarpur,Punjab,Delivery,Hoshiarpur Division,Punjab West Region,Punjab Circle
146108,Sarhala Kalan SO,PB-Hoshiarpur,PB,Hoshiarpur,Punjab,Delivery,Hoshiarpur Division,Punjab West Region,Punjab Circle
144417,Aur SO,PB-Shahid Bhagat Singh Nagar,PB,Shahid Bhagat Singh Nagar,Punjab,Delivery,Jalandhar Division,Punjab West Region,Punjab Circle
144419,Dayalpur SO Jalandhar,PB-Jalandhar,PB,Jalandhar,Punjab,Delivery,Jalandhar Division,Punjab West Region,Punjab Circle
144502,Dosanjh Kalan SO,PB-Jalandhar,PB,Jalandhar,Punjab,Delivery,Jalandhar Division,Punjab West Region,Punjab Circle
144510,Ladhana Jhikka SO,PB-Shahid Bhagat Singh Nagar,PB,Shahid Bhagat Singh Nagar,Punjab,Delivery,Jalandhar Division,Punjab West Region,Punjab Circle
144514,Nawanshahar Mandi SO,PB-Shahid Bhagat Singh Nagar,PB,Shahid Bhagat Singh Nagar,Punjab,Non Delivery,Jalandhar Division,Punjab West Region,Punjab Circle
144006,PAP Lines Jalandhar Cantt SO,PB-Jalandhar,PB,Jalandhar,Punjab,Delivery,Jalandhar Division,Punjab West Region,Punjab Circle
144102,Adampur Doaba SO,PB-Jalandhar,PB,Jalandhar,Punjab,Delivery,Jalandhar Division,Punjab West Region,Punjab Circle
144002,Basti Sheikh SO,PB-Jalandhar,PB,Jalandhar,Punjab,Non Delivery,Jalandhar Division,Punjab West Region,Punjab Circle
144001,Bazar Shahidan SO,PB-Jalandhar,PB,Jalandhar,Punjab,Non Delivery,Jalandhar Division,Punjab West Region,Punjab Circle
144008,Grain Market SO Jalandhar,PB-Jalandhar,PB,Jalandhar,Punjab,Delivery,Jalandhar Division,Punjab West Region,Punjab Circle
144008,Guru Ravidass Road SO,PB-Jalandhar,PB,Jalandhar,Punjab,Non Delivery,Jalandhar Division,Punjab West Region,Punjab Circle
144008,Hoshiarpur Road SO,PB-Jalandhar,PB,Jalandhar,Punjab,Non Delivery,Jalandhar Division,Punjab West Region,Punjab Circle
144008,Industrial Town SO,PB-Jalandhar,PB,Jalandhar,Punjab,Delivery,Jalandhar Division,Punjab West Region,Punjab Circle
144001,Railway Road SO Jalandhar,PB-Jalandhar,PB,Jalandhar,Punjab,Non Delivery,Jalandhar Division,Punjab West Region,Punjab Circle
144009,Regional Campus GNDU SO,PB-Jalandhar,PB,Jalandhar,Punjab,Non Delivery,Jalandhar Division,Punjab West Region,Punjab Circle
144001,S U S Nagar SO,PB-Jalandhar,PB,Jalandhar,Punjab,Non Delivery,Jalandhar Division,Punjab West Region,Punjab Circle
144027,Suranussi SO,PB-Jalandhar,PB,Jalandhar,Punjab,Delivery,Jalandhar Division,Punjab West Region,Punjab Circle
144802,Jagatjit Nagar SO,PB-Kapurthala,PB,Kapurthala,Punjab,Delivery,Kapurthala Division,Punjab West Region,Punjab Circle
144039,Nurmahal SO,PB-Jalandhar,PB,Jalandhar,Punjab,Delivery,Kapurthala Division,Punjab West Region,Punjab Circle
144602,RAIL COACH FACTORY KAPURTHALA SO,PB-Kapurthala,PB,Kapurthala,Punjab,Delivery,Kapurthala Division,Punjab West Region,Punjab Circle
144601,Sainik School Kapurthala SO,PB-Kapurthala,PB,Kapurthala,Punjab,Non Delivery,Kapurthala Division,Punjab West Region,Punjab Circle
144601,Kanjli Road Kapurthala SO,PB-Kapurthala,PB,Kapurthala,Punjab,Non Delivery,Kapurthala Division,Punjab West Region,Punjab Circle
144040,NEW JUDICIAL COURT COMPLEX NAKODAR SO,PB-Jalandhar,PB,Jalandhar,Punjab,Non Delivery,Kapurthala Division,Punjab West Region,Punjab Circle
144311,DHESIAN KAHNA SO,PB-Jalandhar,PB,Jalandhar,Punjab,Delivery,Kapurthala Division,Punjab West Region,Punjab Circle
305001,Alwar Gate Ajmer S.O,RJ-Ajmer,RJ,Ajmer,Rajasthan,Non Delivery,Ajmer Division,Ajmer Region,Rajasthan Circle
305001,Jones Ganj Ajmer S.O,RJ-Ajmer,RJ,Ajmer,Rajasthan,Non Delivery,Ajmer Division,Ajmer Region,Rajasthan Circle
305004,Panchsheel Nagar  S.O,RJ-Ajmer,RJ,Ajmer,Rajasthan,Non Delivery,Ajmer Division,Ajmer Region,Rajasthan Circle
305022,Pushkar S.O,RJ-Ajmer,RJ,Ajmer,Rajasthan,Delivery,Ajmer Division,Ajmer Region,Rajasthan Circle
305801,Chandra Colony S.O,RJ-Ajmer,RJ,Ajmer,Rajasthan,Non Delivery,Ajmer Division,Ajmer Region,Rajasthan Circle
305812,Harmara S.O,RJ-Ajmer,RJ,Ajmer,Rajasthan,Delivery,Ajmer Division,Ajmer Region,Rajasthan Circle
305802,Kishangarh City S.O,RJ-Ajmer,RJ,Ajmer,Rajasthan,Delivery,Ajmer Division,Ajmer Region,Rajasthan Circle
305207,Jethana S.O,RJ-Ajmer,RJ,Ajmer,Rajasthan,Delivery,Beawar Division,Ajmer Region,Rajasthan Circle
305627,Tantoti S.O,RJ-Ajmer,RJ,Ajmer,Rajasthan,Delivery,Beawar Division,Ajmer Region,Rajasthan Circle
305406,Junia S.O,RJ-Ajmer,RJ,Ajmer,Rajasthan,Delivery,Beawar Division,Ajmer Region,Rajasthan Circle
305407,Sawar S.O,RJ-Ajmer,RJ,Ajmer,Rajasthan,Delivery,Beawar Division,Ajmer Region,Rajasthan Circle
311001,Bhilwara City S.O,RJ-Bhilwara,RJ,Bhilwara,Rajasthan,Non Delivery,Bhilwara Division,Ajmer Region,Rajasthan Circle
311001,Bhilwara Rly Station S.O,RJ-Bhilwara,RJ,Bhilwara,Rajasthan,Non Delivery,Bhilwara Division,Ajmer Region,Rajasthan Circle
311801,Gangapur (Bhilwara) S.O,RJ-Bhilwara,RJ,Bhilwara,Rajasthan,Delivery,Bhilwara Division,Ajmer Region,Rajasthan Circle
311001,Indra Market S.O,RJ-Bhilwara,RJ,Bhilwara,Rajasthan,Non Delivery,Bhilwara Division,Ajmer Region,Rajasthan Circle
311001,Kashipuri Bhilwara S.O,RJ-Bhilwara,RJ,Bhilwara,Rajasthan,Non Delivery,Bhilwara Division,Ajmer Region,Rajasthan Circle
311023,Kothian S.O,RJ-Bhilwara,RJ,Bhilwara,Rajasthan,Delivery,Bhilwara Division,Ajmer Region,Rajasthan Circle
311407,Phulia Kalan S.O,RJ-Bhilwara,RJ,Bhilwara,Rajasthan,Delivery,Bhilwara Division,Ajmer Region,Rajasthan Circle
311203,Piplund S.O,RJ-Bhilwara,RJ,Bhilwara,Rajasthan,Delivery,Bhilwara Division,Ajmer Region,Rajasthan Circle
311001,Subhash Nagar Bhilwara S.O,RJ-Bhilwara,RJ,Bhilwara,Rajasthan,Non Delivery,Bhilwara Division,Ajmer Region,Rajasthan Circle
312401,Bansi S.O (Chittorgarh),RJ-Chittorgarh,RJ,Chittorgarh,Rajasthan,Delivery,Chittorgarh Division,Ajmer Region,Rajasthan Circle
312403,Barisadari S.O,RJ-Chittorgarh,RJ,Chittorgarh,Rajasthan,Delivery,Chittorgarh Division,Ajmer Region,Rajasthan Circle
312404,Bohera S.O,RJ-Chittorgarh,RJ,Chittorgarh,Rajasthan,Delivery,Chittorgarh Division,Ajmer Region,Rajasthan Circle
312001,Collectorate  Chittorgarh S.O,RJ-Chittorgarh,RJ,Chittorgarh,Rajasthan,Non Delivery,Chittorgarh Division,Ajmer Region,Rajasthan Circle
312402,Doongla S.O,RJ-Chittorgarh,RJ,Chittorgarh,Rajasthan,Delivery,Chittorgarh Division,Ajmer Region,Rajasthan Circle
312202,Kapasan S.O,RJ-Chittorgarh,RJ,Chittorgarh,Rajasthan,Delivery,Chittorgarh Division,Ajmer Region,Rajasthan Circle
312601,Nimbahera S.O,RJ-Chittorgarh,RJ,Chittorgarh,Rajasthan,Delivery,Chittorgarh Division,Ajmer Region,Rajasthan Circle
323305,Rawatbhatta  Bazar S.O,RJ-Chittorgarh,RJ,Chittorgarh,Rajasthan,Delivery,Chittorgarh Division,Ajmer Region,Rajasthan Circle
312613,Sawa S.O,RJ-Chittorgarh,RJ,Chittorgarh,Rajasthan,Delivery,Chittorgarh Division,Ajmer Region,Rajasthan Circle
312207,Singhpur S.O (Chittorgarh),RJ-Chittorgarh,RJ,Chittorgarh,Rajasthan,Delivery,Chittorgarh Division,Ajmer Region,Rajasthan Circle
312001,COURT CAMPUS SO,RJ-Chittorgarh,RJ,Chittorgarh,Rajasthan,Non Delivery,Chittorgarh Division,Ajmer Region,Rajasthan Circle
327031,Anandpuri S.O (Banswara),RJ-Banswara,RJ,Banswara,Rajasthan,Delivery,Dungarpur Division,Ajmer Region,Rajasthan Circle
327603,Chhinch S.O,RJ-Banswara,RJ,Banswara,Rajasthan,Delivery,Dungarpur Division,Ajmer Region,Rajasthan Circle
327606,Kalinjara S.O,RJ-Banswara,RJ,Banswara,Rajasthan,Delivery,Dungarpur Division,Ajmer Region,Rajasthan Circle
314031,Bhiluda S.O,RJ-Dungarpur,RJ,Dungarpur,Rajasthan,Delivery,Dungarpur Division,Ajmer Region,Rajasthan Circle
314030,Chikhli S.O (Dungarpur),RJ-Dungarpur,RJ,Dungarpur,Rajasthan,Delivery,Dungarpur Division,Ajmer Region,Rajasthan Circle
314001,Dungarpur Gapsagar S.O,RJ-Dungarpur,RJ,Dungarpur,Rajasthan,Non Delivery,Dungarpur Division,Ajmer Region,Rajasthan Circle
314804,Kanba S.O,RJ-Dungarpur,RJ,Dungarpur,Rajasthan,Delivery,Dungarpur Division,Ajmer Region,Rajasthan Circle
314027,Khadagda S.O,RJ-Dungarpur,RJ,Dungarpur,Rajasthan,Delivery,Dungarpur Division,Ajmer Region,Rajasthan Circle
314011,Paldeval S.O,RJ-Dungarpur,RJ,Dungarpur,Rajasthan,Delivery,Dungarpur Division,Ajmer Region,Rajasthan Circle
314022,Sabla S.O,RJ-Dungarpur,RJ,Dungarpur,Rajasthan,Delivery,Dungarpur Division,Ajmer Region,Rajasthan Circle
314032,Saroda S.O,RJ-Dungarpur,RJ,Dungarpur,Rajasthan,Delivery,Dungarpur Division,Ajmer Region,Rajasthan Circle
326001,Collectorate Jhalawar S.O,RJ-Jhalawar,RJ,Jhalawar,Rajasthan,Non Delivery,Jhalawar Division,Ajmer Region,Rajasthan Circle
326514,Dag S.O,RJ-Jhalawar,RJ,Jhalawar,Rajasthan,Delivery,Jhalawar Division,Ajmer Region,Rajasthan Circle
326034,Pirawa S.O,RJ-Jhalawar,RJ,Jhalawar,Rajasthan,Delivery,Jhalawar Division,Ajmer Region,Rajasthan Circle
326035,Sarola S.O,RJ-Jhalawar,RJ,Jhalawar,Rajasthan,Delivery,Jhalawar Division,Ajmer Region,Rajasthan Circle
325218,ATRU S.O,RJ-Baran,RJ,Baran,Rajasthan,Delivery,Jhalawar Division,Ajmer Region,Rajasthan Circle
325205,Baran MDG S.O,RJ-Baran,RJ,Baran,Rajasthan,Delivery,Jhalawar Division,Ajmer Region,Rajasthan Circle
325201,Digod S.O,RJ-Kota,RJ,Kota,Rajasthan,Delivery,Kota Division,Ajmer Region,Rajasthan Circle
326529,Khairabad S.O (Kota),RJ-Kota,RJ,Kota,Rajasthan,Delivery,Kota Division,Ajmer Region,Rajasthan Circle
325216,Kishan Ganj S.O,RJ-Baran,RJ,Baran,Rajasthan,Delivery,Jhalawar Division,Ajmer Region,Rajasthan Circle
325215,Mangrol S.O,RJ-Baran,RJ,Baran,Rajasthan,Delivery,Jhalawar Division,Ajmer Region,Rajasthan Circle
325217,Shahabad S.O (Baran),RJ-Baran,RJ,Baran,Rajasthan,Delivery,Jhalawar Division,Ajmer Region,Rajasthan Circle
325206,Siswali S.O,RJ-Baran,RJ,Baran,Rajasthan,Delivery,Jhalawar Division,Ajmer Region,Rajasthan Circle
324007,Chhawni Ram Chandra Pura S.O,RJ-Kota,RJ,Kota,Rajasthan,Non Delivery,Kota Division,Ajmer Region,Rajasthan Circle
324009,Dadabari Kota S.O,RJ-Kota,RJ,Kota,Rajasthan,Delivery,Kota Division,Ajmer Region,Rajasthan Circle
324010,Engineering College Kota S.O,RJ-Kota,RJ,Kota,Rajasthan,Delivery,Kota Division,Ajmer Region,Rajasthan Circle
324006,Kaithuni Pole Kota S.O,RJ-Kota,RJ,Kota,Rajasthan,Non Delivery,Kota Division,Ajmer Region,Rajasthan Circle
323803,Khatkar S.O,RJ-Bundi,RJ,Bundi,Rajasthan,Delivery,Tonk Division,Ajmer Region,Rajasthan Circle
323026,Dablana S.O,RJ-Bundi,RJ,Bundi,Rajasthan,Delivery,Tonk Division,Ajmer Region,Rajasthan Circle
304026,Nagarfort S.O,RJ-Tonk,RJ,Tonk,Rajasthan,Delivery,Tonk Division,Ajmer Region,Rajasthan Circle
304801,Peeplu S.O,RJ-Tonk,RJ,Tonk,Rajasthan,Delivery,Tonk Division,Ajmer Region,Rajasthan Circle
304001,Quafala Bazar Tonk S.O,RJ-Tonk,RJ,Tonk,Rajasthan,Non Delivery,Tonk Division,Ajmer Region,Rajasthan Circle
313332,Charbhuja Road S.O,RJ-Rajsamand,RJ,Rajsamand,Rajasthan,Delivery,Udaipur Division,Ajmer Region,Rajasthan Circle
313211,Dariba S.O,RJ-Rajsamand,RJ,Rajsamand,Rajasthan,Delivery,Udaipur Division,Ajmer Region,Rajasthan Circle
313331,Deogarh S.O (Rajsamand),RJ-Rajsamand,RJ,Rajsamand,Rajasthan,Delivery,Udaipur Division,Ajmer Region,Rajasthan Circle
313321,Goanguda S.O,RJ-Rajsamand,RJ,Rajsamand,Rajasthan,Delivery,Udaipur Division,Ajmer Region,Rajasthan Circle
313323,Kotharia S.O (Rajsamand),RJ-Rajsamand,RJ,Rajsamand,Rajasthan,Delivery,Udaipur Division,Ajmer Region,Rajasthan Circle
313324,Rajsamand S.O,RJ-Rajsamand,RJ,Rajsamand,Rajasthan,Non Delivery,Udaipur Division,Ajmer Region,Rajasthan Circle
313705,Gogunda S.O,RJ-Udaipur,RJ,Udaipur,Rajasthan,Delivery,Udaipur Division,Ajmer Region,Rajasthan Circle
313038,Jhallara S.O,RJ-Udaipur,RJ,Udaipur,Rajasthan,Delivery,Udaipur Division,Ajmer Region,Rajasthan Circle
313604,Kanore S.O,RJ-Udaipur,RJ,Udaipur,Rajasthan,Delivery,Udaipur Division,Ajmer Region,Rajasthan Circle
313703,Kurawar S.O (Udaipur),RJ-Udaipur,RJ,Udaipur,Rajasthan,Delivery,Udaipur Division,Ajmer Region,Rajasthan Circle
313708,Nandeshma S.O,RJ-Udaipur,RJ,Udaipur,Rajasthan,Delivery,Udaipur Division,Ajmer Region,Rajasthan Circle
313801,Parsad S.O,RJ-Udaipur,RJ,Udaipur,Rajasthan,Delivery,Udaipur Division,Ajmer Region,Rajasthan Circle
313003,Udaipur Industrial Area S.O,RJ-Udaipur,RJ,Udaipur,Rajasthan,Delivery,Udaipur Division,Ajmer Region,Rajasthan Circle
313805,Dhelana,RJ-Udaipur,RJ,Udaipur,Rajasthan,Delivery,Udaipur Division,Ajmer Region,Rajasthan Circle
301001,Delhi Gate Alwar S.O,RJ-Alwar,RJ,Alwar,Rajasthan,Non Delivery,Alwar Division,DivReportingCircle,Rajasthan Circle
301406,Malakhera S.O,RJ-Alwar,RJ,Alwar,Rajasthan,Delivery,Alwar Division,DivReportingCircle,Rajasthan Circle
321633,Mauj Pur S.O,RJ-Alwar,RJ,Alwar,Rajasthan,Delivery,Alwar Division,DivReportingCircle,Rajasthan Circle
301408,Rajgarh (Alwar) S.O,RJ-Alwar,RJ,Alwar,Rajasthan,Delivery,Alwar Division,DivReportingCircle,Rajasthan Circle
301026,Ramgarh S.O (Alwar),RJ-Alwar,RJ,Alwar,Rajasthan,Delivery,Alwar Division,DivReportingCircle,Rajasthan Circle
301409,Reni S.O,RJ-Alwar,RJ,Alwar,Rajasthan,Delivery,Alwar Division,DivReportingCircle,Rajasthan Circle
301709,Gandala S.O,RJ-Alwar,RJ,Alwar,Rajasthan,Delivery,Alwar Division,DivReportingCircle,Rajasthan Circle
301404,Khairthal S.O,RJ-Alwar,RJ,Alwar,Rajasthan,Delivery,Alwar Division,DivReportingCircle,Rajasthan Circle
301703,Majari Kalan S.O,RJ-Alwar,RJ,Alwar,Rajasthan,Delivery,Alwar Division,DivReportingCircle,Rajasthan Circle
301704,Mandhan S.O,RJ-Alwar,RJ,Alwar,Rajasthan,Delivery,Alwar Division,DivReportingCircle,Rajasthan Circle
301705,Neemrana S.O,RJ-Alwar,RJ,Alwar,Rajasthan,Delivery,Alwar Division,DivReportingCircle,Rajasthan Circle
321001,Bharatpur City S.O,RJ-Bharatpur,RJ,Bharatpur,Rajasthan,Non Delivery,Bharatpur Division,DivReportingCircle,Rajasthan Circle
321026,Kanjoli Line S.O,RJ-Bharatpur,RJ,Bharatpur,Rajasthan,Delivery,Bharatpur Division,DivReportingCircle,Rajasthan Circle
321301,Pichuna S.O,RJ-Bharatpur,RJ,Bharatpur,Rajasthan,Delivery,Bharatpur Division,DivReportingCircle,Rajasthan Circle
321602,Nadbai S.O,RJ-Bharatpur,RJ,Bharatpur,Rajasthan,Delivery,Bharatpur Division,DivReportingCircle,Rajasthan Circle
321602,Nadbai Town S.O,RJ-Bharatpur,RJ,Bharatpur,Rajasthan,Non Delivery,Bharatpur Division,DivReportingCircle,Rajasthan Circle
321205,Nagar S.O (Bharatpur),RJ-Bharatpur,RJ,Bharatpur,Rajasthan,Delivery,Bharatpur Division,DivReportingCircle,Rajasthan Circle
328031,Barauli SO Dholpur,RJ-Dholpur,RJ,Dholpur,Rajasthan,Delivery,Dholpur Division,DivReportingCircle,Rajasthan Circle
328021,Bari Rs SO,RJ-Dholpur,RJ,Dholpur,Rajasthan,Non Delivery,Dholpur Division,DivReportingCircle,Rajasthan Circle
328023,Basai Nabab SO,RJ-Dholpur,RJ,Dholpur,Rajasthan,Delivery,Dholpur Division,DivReportingCircle,Rajasthan Circle
328022,Baseri SO,RJ-Dholpur,RJ,Dholpur,Rajasthan,Delivery,Dholpur Division,DivReportingCircle,Rajasthan Circle
321404,Roopbas SO,RJ-Bharatpur,RJ,Bharatpur,Rajasthan,Delivery,Dholpur Division,DivReportingCircle,Rajasthan Circle
302029,Airport Sanganer S.O,RJ-Jaipur,RJ,Jaipur,Rajasthan,Non Delivery,Jaipur City Division,DivReportingCircle,Rajasthan Circle
302001,C.P.M.G S.O,RJ-Jaipur,RJ,Jaipur,Rajasthan,Non Delivery,Jaipur City Division,DivReportingCircle,Rajasthan Circle
302003,Jaipur City S.O,RJ-Jaipur,RJ,Jaipur,Rajasthan,Delivery,Jaipur City Division,DivReportingCircle,Rajasthan Circle
302002,Kishanpole Bazar S.O,RJ-Jaipur,RJ,Jaipur,Rajasthan,Non Delivery,Jaipur City Division,DivReportingCircle,Rajasthan Circle
302005,Legislative Assembly S.O,RJ-Jaipur,RJ,Jaipur,Rajasthan,Non Delivery,Jaipur City Division,DivReportingCircle,Rajasthan Circle
302006,Station Road S.O (Jaipur),RJ-Jaipur,RJ,Jaipur,Rajasthan,Non Delivery,Jaipur City Division,DivReportingCircle,Rajasthan Circle
302002,Tripolia Bazar S.O,RJ-Jaipur,RJ,Jaipur,Rajasthan,Delivery,Jaipur City Division,DivReportingCircle,Rajasthan Circle
302018,Durgapura S.O,RJ-Jaipur,RJ,Jaipur,Rajasthan,Delivery,Jaipur City Division,DivReportingCircle,Rajasthan Circle
302017,Jagatpura S.O,RJ-Jaipur,RJ,Jaipur,Rajasthan,Non Delivery,Jaipur City Division,DivReportingCircle,Rajasthan Circle
302016,Bani Park S.O,RJ-Jaipur,RJ,Jaipur,Rajasthan,Non Delivery,Jaipur City Division,DivReportingCircle,Rajasthan Circle
302027,Crpf Campus  Lalwas S.O,RJ-Jaipur,RJ,Jaipur,Rajasthan,Delivery,Jaipur City Division,DivReportingCircle,Rajasthan Circle
302006,Jaipur R.S. S.O,RJ-Jaipur,RJ,Jaipur,Rajasthan,Delivery,Jaipur City Division,DivReportingCircle,Rajasthan Circle
302039,Murlipura S.O,RJ-Jaipur,RJ,Jaipur,Rajasthan,Delivery,Jaipur City Division,DivReportingCircle,Rajasthan Circle
302033,Pratap Nagar Housing Board S.O,RJ-Jaipur,RJ,Jaipur,Rajasthan,Non Delivery,Jaipur City Division,DivReportingCircle,Rajasthan Circle
302033,Pratap Nagar Sector 11 S.O,RJ-Jaipur,RJ,Jaipur,Rajasthan,Delivery,Jaipur City Division,DivReportingCircle,Rajasthan Circle
302006,Raj Bhawan S.O (Jaipur),RJ-Jaipur,RJ,Jaipur,Rajasthan,Non Delivery,Jaipur City Division,DivReportingCircle,Rajasthan Circle
302013,Road No 5 Vkia S.O,RJ-Jaipur,RJ,Jaipur,Rajasthan,Non Delivery,Jaipur City Division,DivReportingCircle,Rajasthan Circle
302021,Vaishali Nagar S.O,RJ-Jaipur,RJ,Jaipur,Rajasthan,Delivery,Jaipur City Division,DivReportingCircle,Rajasthan Circle
303313,Bandikui Mandi SO,RJ-Dausa,RJ,Dausa,Rajasthan,Non Delivery,Jaipur Moffusil Division,DivReportingCircle,Rajasthan Circle
303303,Dausa Town SO,RJ-Dausa,RJ,Dausa,Rajasthan,Non Delivery,Jaipur Moffusil Division,DivReportingCircle,Rajasthan Circle
303304,Dubbi SO,RJ-Dausa,RJ,Dausa,Rajasthan,Delivery,Jaipur Moffusil Division,DivReportingCircle,Rajasthan Circle
303505,Nangal Rajawatan SO,RJ-Dausa,RJ,Dausa,Rajasthan,Delivery,Jaipur Moffusil Division,DivReportingCircle,Rajasthan Circle
321612,Paota Dausa SO,RJ-Dausa,RJ,Dausa,Rajasthan,Delivery,Jaipur Moffusil Division,DivReportingCircle,Rajasthan Circle
303901,Chaksu SO,RJ-Jaipur,RJ,Jaipur,Rajasthan,Delivery,Jaipur Moffusil Division,DivReportingCircle,Rajasthan Circle
303328,Jobner SO,RJ-Jaipur,RJ,Jaipur,Rajasthan,Delivery,Jaipur Moffusil Division,DivReportingCircle,Rajasthan Circle
303006,Madhorajpura SO,RJ-Jaipur,RJ,Jaipur,Rajasthan,Delivery,Jaipur Moffusil Division,DivReportingCircle,Rajasthan Circle
303001,Andhi SO,RJ-Jaipur,RJ,Jaipur,Rajasthan,Delivery,Jaipur Moffusil Division,DivReportingCircle,Rajasthan Circle
303804,Etwa Bhopji SO,RJ-Jaipur,RJ,Jaipur,Rajasthan,Delivery,Jaipur Moffusil Division,DivReportingCircle,Rajasthan Circle
303120,Gathwadi SO,RJ-Jaipur,RJ,Jaipur,Rajasthan,Delivery,Jaipur Moffusil Division,DivReportingCircle,Rajasthan Circle
303701,Jahota SO,RJ-Jaipur,RJ,Jaipur,Rajasthan,Delivery,Jaipur Moffusil Division,DivReportingCircle,Rajasthan Circle
303108,Kotputli SO,RJ-Jaipur,RJ,Jaipur,Rajasthan,Delivery,Jaipur Moffusil Division,DivReportingCircle,Rajasthan Circle
303106,PaotaJaipur SO,RJ-Jaipur,RJ,Jaipur,Rajasthan,Delivery,Jaipur Moffusil Division,DivReportingCircle,Rajasthan Circle
303806,Samod SO,RJ-Jaipur,RJ,Jaipur,Rajasthan,Delivery,Jaipur Moffusil Division,DivReportingCircle,Rajasthan Circle
303807,Udaipuria SO,RJ-Jaipur,RJ,Jaipur,Rajasthan,Delivery,Jaipur Moffusil Division,DivReportingCircle,Rajasthan Circle
322201,Gangapur Bazar SO,RJ-Sawai Madhopur,RJ,Sawai Madhopur,Rajasthan,Non Delivery,Sawaimadhopur Division,DivReportingCircle,Rajasthan Circle
322213,Gudhachandraji SO,RJ-Karauli,RJ,Karauli,Rajasthan,Delivery,Sawaimadhopur Division,DivReportingCircle,Rajasthan Circle
322202,Mahukala SO,RJ-Sawai Madhopur,RJ,Sawai Madhopur,Rajasthan,Delivery,Sawaimadhopur Division,DivReportingCircle,Rajasthan Circle
322238,Balghat SO,RJ-Karauli,RJ,Karauli,Rajasthan,Delivery,Sawaimadhopur Division,DivReportingCircle,Rajasthan Circle
322241,Phoota Kot Karauli SO,RJ-Karauli,RJ,Karauli,Rajasthan,Non Delivery,Sawaimadhopur Division,DivReportingCircle,Rajasthan Circle
322001,Adarsh Nagar SO Sawai Madhopur,RJ-Sawai Madhopur,RJ,Sawai Madhopur,Rajasthan,Non Delivery,Sawaimadhopur Division,DivReportingCircle,Rajasthan Circle
322023,Bonli SO,RJ-Sawai Madhopur,RJ,Sawai Madhopur,Rajasthan,Delivery,Sawaimadhopur Division,DivReportingCircle,Rajasthan Circle
322034,Chakeri SO,RJ-Sawai Madhopur,RJ,Sawai Madhopur,Rajasthan,Delivery,Sawaimadhopur Division,DivReportingCircle,Rajasthan Circle
322703,Isharda SO,RJ-Sawai Madhopur,RJ,Sawai Madhopur,Rajasthan,Delivery,Sawaimadhopur Division,DivReportingCircle,Rajasthan Circle
322027,Soorwal SO,RJ-Sawai Madhopur,RJ,Sawai Madhopur,Rajasthan,Delivery,Sawaimadhopur Division,DivReportingCircle,Rajasthan Circle
344034,Baitu S.O,RJ-Barmer,RJ,Barmer,Rajasthan,Delivery,Barmer Division,Jodhpur Region,Rajasthan Circle
344001,Barmer Coll S.O,RJ-Barmer,RJ,Barmer,Rajasthan,Non Delivery,Barmer Division,Jodhpur Region,Rajasthan Circle
344031,Gudamalani S.O,RJ-Barmer,RJ,Barmer,Rajasthan,Delivery,Barmer Division,Jodhpur Region,Rajasthan Circle
344025,Mewanagar S.O,RJ-Barmer,RJ,Barmer,Rajasthan,Delivery,Barmer Division,Jodhpur Region,Rajasthan Circle
344032,Pachpadra City S.O,RJ-Barmer,RJ,Barmer,Rajasthan,Delivery,Barmer Division,Jodhpur Region,Rajasthan Circle
344801,Padru S.O,RJ-Barmer,RJ,Barmer,Rajasthan,Delivery,Barmer Division,Jodhpur Region,Rajasthan Circle
344033,Sindhari S.O,RJ-Barmer,RJ,Barmer,Rajasthan,Delivery,Barmer Division,Jodhpur Region,Rajasthan Circle
334305,Bajju S.O,RJ-Bikaner,RJ,Bikaner,Rajasthan,Delivery,Bikaner Division,Jodhpur Region,Rajasthan Circle
334401,Gangashahar S.O,RJ-Bikaner,RJ,Bikaner,Rajasthan,Delivery,Bikaner Division,Jodhpur Region,Rajasthan Circle
334001,Jassusar Gate S.O,RJ-Bikaner,RJ,Bikaner,Rajasthan,Non Delivery,Bikaner Division,Jodhpur Region,Rajasthan Circle
334602,Kalu S.O,RJ-Bikaner,RJ,Bikaner,Rajasthan,Delivery,Bikaner Division,Jodhpur Region,Rajasthan Circle
334001,Kotegate S.O,RJ-Bikaner,RJ,Bikaner,Rajasthan,Non Delivery,Bikaner Division,Jodhpur Region,Rajasthan Circle
334001,M.G.Road S.O,RJ-Bikaner,RJ,Bikaner,Rajasthan,Non Delivery,Bikaner Division,Jodhpur Region,Rajasthan Circle
334006,Raj.Krishi Vishwavidhyalaya S.O,RJ-Bikaner,RJ,Bikaner,Rajasthan,Non Delivery,Bikaner Division,Jodhpur Region,Rajasthan Circle
334001,Sadul Colony S.O,RJ-Bikaner,RJ,Bikaner,Rajasthan,Non Delivery,Bikaner Division,Jodhpur Region,Rajasthan Circle
334002,NDC BIKANER,CG-Raipur,CG,Raipur,Chhattisgarh,Delivery,Bikaner Division,Jodhpur Region,Rajasthan Circle
334025,JASRASAR S.O,RJ-Bikaner,RJ,Bikaner,Rajasthan,Delivery,Bikaner Division,Jodhpur Region,Rajasthan Circle
331001,Churu Collectorate S.O,RJ-Churu,RJ,Churu,Rajasthan,Non Delivery,Churu Division,Jodhpur Region,Rajasthan Circle
331029,Dudhwakhara S.O,RJ-Churu,RJ,Churu,Rajasthan,Delivery,Churu Division,Jodhpur Region,Rajasthan Circle
331001,Ghantaghar Churu S.O,RJ-Churu,RJ,Churu,Rajasthan,Non Delivery,Churu Division,Jodhpur Region,Rajasthan Circle
331403,Moti Chowk Sardarshahr S.O,RJ-Churu,RJ,Churu,Rajasthan,Non Delivery,Churu Division,Jodhpur Region,Rajasthan Circle
331023,Sadulpur City S.O,RJ-Churu,RJ,Churu,Rajasthan,Non Delivery,Churu Division,Jodhpur Region,Rajasthan Circle
331302,Sahwa S.O,RJ-Churu,RJ,Churu,Rajasthan,Delivery,Churu Division,Jodhpur Region,Rajasthan Circle
331701,Sidhmukh S.O,RJ-Churu,RJ,Churu,Rajasthan,Delivery,Churu Division,Jodhpur Region,Rajasthan Circle
331507,G.G.Sujangarh S.O,RJ-Churu,RJ,Churu,Rajasthan,Non Delivery,Churu Division,Jodhpur Region,Rajasthan Circle
331504,Gogasar S.O,RJ-Churu,RJ,Churu,Rajasthan,Delivery,Churu Division,Jodhpur Region,Rajasthan Circle
333031,Ceeri Pilani S.O,RJ-Jhunjhunu,RJ,Jhunjhunu,Rajasthan,Non Delivery,Jhunjhunu Division,DivReportingCircle,Rajasthan Circle
333514,Jasrapur S.O,RJ-Jhunjhunu,RJ,Jhunjhunu,Rajasthan,Delivery,Jhunjhunu Division,DivReportingCircle,Rajasthan Circle
333503,Khetri Bazar S.O,RJ-Jhunjhunu,RJ,Jhunjhunu,Rajasthan,Non Delivery,Jhunjhunu Division,DivReportingCircle,Rajasthan Circle
333031,Pilani S.O,RJ-Jhunjhunu,RJ,Jhunjhunu,Rajasthan,Delivery,Jhunjhunu Division,DivReportingCircle,Rajasthan Circle
331025,Alsisar S.O,RJ-Jhunjhunu,RJ,Jhunjhunu,Rajasthan,Delivery,Jhunjhunu Division,DivReportingCircle,Rajasthan Circle
331027,Bissau S.O,RJ-Jhunjhunu,RJ,Jhunjhunu,Rajasthan,Delivery,Jhunjhunu Division,DivReportingCircle,Rajasthan Circle
333302,Chhapoli S.O,RJ-Jhunjhunu,RJ,Jhunjhunu,Rajasthan,Delivery,Jhunjhunu Division,DivReportingCircle,Rajasthan Circle
333702,Dundlod S.O,RJ-Jhunjhunu,RJ,Jhunjhunu,Rajasthan,Delivery,Jhunjhunu Division,DivReportingCircle,Rajasthan Circle
333001,Footla Bazar S.O,RJ-Jhunjhunu,RJ,Jhunjhunu,Rajasthan,Non Delivery,Jhunjhunu Division,DivReportingCircle,Rajasthan Circle
333022,Gudhagorjika S.O,RJ-Jhunjhunu,RJ,Jhunjhunu,Rajasthan,Delivery,Jhunjhunu Division,DivReportingCircle,Rajasthan Circle
333305,Jakhal S.O,RJ-Jhunjhunu,RJ,Jhunjhunu,Rajasthan,Delivery,Jhunjhunu Division,DivReportingCircle,Rajasthan Circle
333704,Mandawa Bazar S.O,RJ-Jhunjhunu,RJ,Jhunjhunu,Rajasthan,Non Delivery,Jhunjhunu Division,DivReportingCircle,Rajasthan Circle
333704,Mandawa S.O,RJ-Jhunjhunu,RJ,Jhunjhunu,Rajasthan,Delivery,Jhunjhunu Division,DivReportingCircle,Rajasthan Circle
333055,Kankaria S.O,RJ-Jhunjhunu,RJ,Jhunjhunu,Rajasthan,Delivery,Jhunjhunu Division,DivReportingCircle,Rajasthan Circle
345001,Jaisalmer Collectorate SO,RJ-Jaisalmer,RJ,Jaisalmer,Rajasthan,Non Delivery,Jaisalmer Division,Jodhpur Region,Rajasthan Circle
345022,Ramgarh SO Jaisalmer,RJ-Jaisalmer,RJ,Jaisalmer,Rajasthan,Delivery,Jaisalmer Division,Jodhpur Region,Rajasthan Circle
342603,Bhopalgarh SO,RJ-Jodhpur,RJ,Jodhpur,Rajasthan,Delivery,Jodhpur Division,Jodhpur Region,Rajasthan Circle
342312,Chadi SO,RJ-Jodhpur,RJ,Jodhpur,Rajasthan,Delivery,Jodhpur Division,Jodhpur Region,Rajasthan Circle
342026,Jodhpur BSF Trg Centre SO,RJ-Jodhpur,RJ,Jodhpur,Rajasthan,Delivery,Jodhpur Division,Jodhpur Region,Rajasthan Circle
342001,Jodhpur City SO,RJ-Jodhpur,RJ,Jodhpur,Rajasthan,Non Delivery,Jodhpur Division,Jodhpur Region,Rajasthan Circle
342001,Jodhpur Girdikot SO,RJ-Jodhpur,RJ,Jodhpur,Rajasthan,Non Delivery,Jodhpur Division,Jodhpur Region,Rajasthan Circle
342005,Jodhpur KUM Bhagat Ki Kothi SO,RJ-Jodhpur,RJ,Jodhpur,Rajasthan,Delivery,Jodhpur Division,Jodhpur Region,Rajasthan Circle
342001,PMG Office Jodhpur SO,RJ-Jodhpur,RJ,Jodhpur,Rajasthan,Non Delivery,Jodhpur Division,Jodhpur Region,Rajasthan Circle
342005,Saraswati Nagar NDTSO Jodhpur S.O,RJ-Jodhpur,RJ,Jodhpur,Rajasthan,Non Delivery,Jodhpur Division,Jodhpur Region,Rajasthan Circle
342305,Mathania SO,RJ-Jodhpur,RJ,Jodhpur,Rajasthan,Delivery,Jodhpur Division,Jodhpur Region,Rajasthan Circle
342309,Peelwa SO,RJ-Jodhpur,RJ,Jodhpur,Rajasthan,Delivery,Jodhpur Division,Jodhpur Region,Rajasthan Circle
342306,Teori SO,RJ-Jodhpur,RJ,Jodhpur,Rajasthan,Delivery,Jodhpur Division,Jodhpur Region,Rajasthan Circle
342029,Soyla PO,RJ-Jodhpur,RJ,Jodhpur,Rajasthan,Delivery,Jodhpur Division,Jodhpur Region,Rajasthan Circle
342021,Somesar SO,RJ-Jodhpur,RJ,Jodhpur,Rajasthan,Delivery,Jodhpur Division,Jodhpur Region,Rajasthan Circle
342002,NDC Jodhpur,RJ-Jodhpur,RJ,Jodhpur,Rajasthan,Delivery,Jodhpur Division,Jodhpur Region,Rajasthan Circle
342017,JHANWAR SO,RJ-Jodhpur,RJ,Jodhpur,Rajasthan,Delivery,Jodhpur Division,Jodhpur Region,Rajasthan Circle
342032,Cherai SO,RJ-Jodhpur,RJ,Jodhpur,Rajasthan,Delivery,Jodhpur Division,Jodhpur Region,Rajasthan Circle
341303,D.M.Didwana S.O,RJ-Nagaur,RJ,Nagaur,Rajasthan,Non Delivery,Nagaur Division,Jodhpur Region,Rajasthan Circle
341318,Khunkhuna S.O,RJ-Nagaur,RJ,Nagaur,Rajasthan,Delivery,Nagaur Division,Jodhpur Region,Rajasthan Circle
341305,Koliya S.O,RJ-Nagaur,RJ,Nagaur,Rajasthan,Delivery,Nagaur Division,Jodhpur Region,Rajasthan Circle
341306,Ladnun Lsg S.O,RJ-Nagaur,RJ,Nagaur,Rajasthan,Delivery,Nagaur Division,Jodhpur Region,Rajasthan Circle
341306,Ladnuncity S.O,RJ-Nagaur,RJ,Nagaur,Rajasthan,Non Delivery,Nagaur Division,Jodhpur Region,Rajasthan Circle
341533,Mithri S.O,RJ-Nagaur,RJ,Nagaur,Rajasthan,Delivery,Nagaur Division,Jodhpur Region,Rajasthan Circle
341509,Nawacity Lsg S.O,RJ-Nagaur,RJ,Nagaur,Rajasthan,Delivery,Nagaur Division,Jodhpur Region,Rajasthan Circle
341317,Ratau S.O,RJ-Nagaur,RJ,Nagaur,Rajasthan,Delivery,Nagaur Division,Jodhpur Region,Rajasthan Circle
341508,S.R. Kuchamancity S.O,RJ-Nagaur,RJ,Nagaur,Rajasthan,Non Delivery,Nagaur Division,Jodhpur Region,Rajasthan Circle
341303,Station Road Didwana S.O,RJ-Nagaur,RJ,Nagaur,Rajasthan,Non Delivery,Nagaur Division,Jodhpur Region,Rajasthan Circle
341307,MITHRI MARWAR S.O.,RJ-Nagaur,RJ,Nagaur,Rajasthan,Delivery,Nagaur Division,Jodhpur Region,Rajasthan Circle
341022,Deh S.O,RJ-Nagaur,RJ,Nagaur,Rajasthan,Delivery,Nagaur Division,Jodhpur Region,Rajasthan Circle
341518,Jasnagar S.O,RJ-Nagaur,RJ,Nagaur,Rajasthan,Delivery,Nagaur Division,Jodhpur Region,Rajasthan Circle
341029,Sribalaji S.O,RJ-Nagaur,RJ,Nagaur,Rajasthan,Delivery,Nagaur Division,Jodhpur Region,Rajasthan Circle
305026,Thanwala S.O,RJ-Nagaur,RJ,Nagaur,Rajasthan,Delivery,Nagaur Division,Jodhpur Region,Rajasthan Circle
306502,Khinwara S.O,RJ-Pali,RJ,Pali,Rajasthan,Delivery,Pali Division,Jodhpur Region,Rajasthan Circle
306706,Lunawa S.O,RJ-Pali,RJ,Pali,Rajasthan,Delivery,Pali Division,Jodhpur Region,Rajasthan Circle
306115,Rani S.O (Pali),RJ-Pali,RJ,Pali,Rajasthan,Delivery,Pali Division,Jodhpur Region,Rajasthan Circle
306707,Sewari S.O,RJ-Pali,RJ,Pali,Rajasthan,Delivery,Pali Division,Jodhpur Region,Rajasthan Circle
306308,Balunda S.O,RJ-Pali,RJ,Pali,Rajasthan,Delivery,Pali Division,Jodhpur Region,Rajasthan Circle
306401,Pali City S.O,RJ-Pali,RJ,Pali,Rajasthan,Non Delivery,Pali Division,Jodhpur Region,Rajasthan Circle
306307,Pipliya Kalan S.O,RJ-Pali,RJ,Pali,Rajasthan,Delivery,Pali Division,Jodhpur Region,Rajasthan Circle
306902,Sumerpur Krishi Upaj Mandi S.O,RJ-Pali,RJ,Pali,Rajasthan,Non Delivery,Pali Division,Jodhpur Region,Rajasthan Circle
332001,Devipura SO,RJ-Sikar,RJ,Sikar,Rajasthan,Non Delivery,Sikar Division,Jodhpur Region,Rajasthan Circle
332302,Dhandhan SO,RJ-Sikar,RJ,Sikar,Rajasthan,Delivery,Sikar Division,Jodhpur Region,Rajasthan Circle
332001,Fatehpuri Gate SO,RJ-Sikar,RJ,Sikar,Rajasthan,Non Delivery,Sikar Division,Jodhpur Region,Rajasthan Circle
332024,Katrathal SO,RJ-Sikar,RJ,Sikar,Rajasthan,Delivery,Sikar Division,Jodhpur Region,Rajasthan Circle
332025,Losal Bazar SO,RJ-Sikar,RJ,Sikar,Rajasthan,Non Delivery,Sikar Division,Jodhpur Region,Rajasthan Circle
332026,Nechhwa SO,RJ-Sikar,RJ,Sikar,Rajasthan,Delivery,Sikar Division,Jodhpur Region,Rajasthan Circle
332041,Phagalwa SO,RJ-Sikar,RJ,Sikar,Rajasthan,Delivery,Sikar Division,Jodhpur Region,Rajasthan Circle
332403,Ranoli SO Sikar,RJ-Sikar,RJ,Sikar,Rajasthan,Delivery,Sikar Division,Jodhpur Region,Rajasthan Circle
332317,Roru Badi SO,RJ-Sikar,RJ,Sikar,Rajasthan,Delivery,Sikar Division,Jodhpur Region,Rajasthan Circle
332405,Shishu SO,RJ-Sikar,RJ,Sikar,Rajasthan,Delivery,Sikar Division,Jodhpur Region,Rajasthan Circle
332042,Tatanwa SO,RJ-Sikar,RJ,Sikar,Rajasthan,Delivery,Sikar Division,Jodhpur Region,Rajasthan Circle
332601,Baya SO,RJ-Sikar,RJ,Sikar,Rajasthan,Delivery,Sikar Division,Jodhpur Region,Rajasthan Circle
332721,Gurara SO,RJ-Sikar,RJ,Sikar,Rajasthan,Delivery,Sikar Division,Jodhpur Region,Rajasthan Circle
332742,Mandha Surera SO,RJ-Sikar,RJ,Sikar,Rajasthan,Delivery,Sikar Division,Jodhpur Region,Rajasthan Circle
332714,Sirohi SO,RJ-Sikar,RJ,Sikar,Rajasthan,Delivery,Sikar Division,Jodhpur Region,Rajasthan Circle
307029,Ahore S.O,RJ-Jalore,RJ,Jalore,Rajasthan,Delivery,Sirohi Division,Jodhpur Region,Rajasthan Circle
343029,Bhinmal S.O,RJ-Jalore,RJ,Jalore,Rajasthan,Delivery,Sirohi Division,Jodhpur Region,Rajasthan Circle
343001,Jalore V.D.C. S.O,RJ-Jalore,RJ,Jalore,Rajasthan,Non Delivery,Sirohi Division,Jodhpur Region,Rajasthan Circle
307515,Jaswantpura S.O,RJ-Jalore,RJ,Jalore,Rajasthan,Delivery,Sirohi Division,Jodhpur Region,Rajasthan Circle
343022,Sayla S.O (Jalor),RJ-Jalore,RJ,Jalore,Rajasthan,Delivery,Sirohi Division,Jodhpur Region,Rajasthan Circle
307026,Aburoad Gandhi Nagar S.O,RJ-Sirohi,RJ,Sirohi,Rajasthan,Non Delivery,Sirohi Division,Jodhpur Region,Rajasthan Circle
307802,Kalandari S.O,RJ-Sirohi,RJ,Sirohi,Rajasthan,Delivery,Sirohi Division,Jodhpur Region,Rajasthan Circle
307513,Mandar S.O (Sirohi),RJ-Sirohi,RJ,Sirohi,Rajasthan,Delivery,Sirohi Division,Jodhpur Region,Rajasthan Circle
307043,Palri M S.O,RJ-Sirohi,RJ,Sirohi,Rajasthan,Delivery,Sirohi Division,Jodhpur Region,Rajasthan Circle
335513,Hanumangarh Town Bazar S.O,RJ-Hanumangarh,RJ,Hanumangarh,Rajasthan,Non Delivery,Sriganganagar Division,Jodhpur Region,Rajasthan Circle
335502,Kalana S.O,RJ-Hanumangarh,RJ,Hanumangarh,Rajasthan,Delivery,Sriganganagar Division,Jodhpur Region,Rajasthan Circle
335524,Rawatsar S.O (Hanumangarh),RJ-Hanumangarh,RJ,Hanumangarh,Rajasthan,Delivery,Sriganganagar Division,Jodhpur Region,Rajasthan Circle
335063,Sangaria Rs S.O,RJ-Hanumangarh,RJ,Hanumangarh,Rajasthan,Non Delivery,Sriganganagar Division,Jodhpur Region,Rajasthan Circle
335063,Sangaria S.O (Hanumangarh),RJ-Hanumangarh,RJ,Hanumangarh,Rajasthan,Delivery,Sriganganagar Division,Jodhpur Region,Rajasthan Circle
335522,PALLU S.O,RJ-Hanumangarh,RJ,Hanumangarh,Rajasthan,Delivery,Sriganganagar Division,Jodhpur Region,Rajasthan Circle
335701,Anupgarh S.O,RJ-Ganganagar,RJ,Ganganagar,Rajasthan,Delivery,Sriganganagar Division,Jodhpur Region,Rajasthan Circle
335021,Bishanpura S.O,RJ-Ganganagar,RJ,Ganganagar,Rajasthan,Delivery,Sriganganagar Division,Jodhpur Region,Rajasthan Circle
335064,Dholipal S.O,RJ-Hanumangarh,RJ,Hanumangarh,Rajasthan,Delivery,Sriganganagar Division,Jodhpur Region,Rajasthan Circle
335001,Goushala Road S.O,RJ-Ganganagar,RJ,Ganganagar,Rajasthan,Non Delivery,Sriganganagar Division,Jodhpur Region,Rajasthan Circle
335805,STPS Suratgarh S.O,RJ-Ganganagar,RJ,Ganganagar,Rajasthan,Delivery,Sriganganagar Division,Jodhpur Region,Rajasthan Circle
600002,MADRAS ELECTRICITY SYSTEM,TN-Chennai,TN,Chennai,Tamil Nadu,Non Delivery,Chennai City North Division,Chennai City Region,Tamilnadu Circle
632520,Melpadi SO,TN-Vellore,TN,Vellore,Tamil Nadu,Delivery,Arakkonam Division,Chennai City Region,Tamilnadu Circle
632404,Karai SO,TN-Ranipet,TN,Ranipet,Tamil Nadu,Delivery,Arakkonam Division,Chennai City Region,Tamilnadu Circle
632401,Navalpur SO,TN-Ranipet,TN,Ranipet,Tamil Nadu,Non Delivery,Arakkonam Division,Chennai City Region,Tamilnadu Circle
632518,Pennagar SO,TN-Ranipet,TN,Ranipet,Tamil Nadu,Delivery,Arakkonam Division,Chennai City Region,Tamilnadu Circle
632513,Walajapet Bazaar SO,TN-Ranipet,TN,Ranipet,Tamil Nadu,Non Delivery,Arakkonam Division,Chennai City Region,Tamilnadu Circle
603201,Elapakkam SO,TN-Chengalpattu,TN,Chengalpattu,Tamil Nadu,Delivery,Chengalpattu Division,Chennai City Region,Tamilnadu Circle
603303,Karunguli SO,TN-Chengalpattu,TN,Chengalpattu,Tamil Nadu,Delivery,Chengalpattu Division,Chennai City Region,Tamilnadu Circle
603203,Kattankolathur SO,TN-Chengalpattu,TN,Chengalpattu,Tamil Nadu,Delivery,Chengalpattu Division,Chennai City Region,Tamilnadu Circle
603305,Kuvathur SO,TN-Chengalpattu,TN,Chengalpattu,Tamil Nadu,Delivery,Chengalpattu Division,Chennai City Region,Tamilnadu Circle
603319,Melmaruvathur SO,TN-Chengalpattu,TN,Chengalpattu,Tamil Nadu,Delivery,Chengalpattu Division,Chennai City Region,Tamilnadu Circle
603107,Salavakkam SO,TN-Kanchipuram,TN,Kanchipuram,Tamil Nadu,Delivery,Chengalpattu Division,Chennai City Region,Tamilnadu Circle
600086,Gopalapuram S.O (Chennai),TN-Chennai,TN,Chennai,Tamil Nadu,Delivery,Chennai City Central Division,Chennai City Region,Tamilnadu Circle
600014,Lloyds Estate S.O,TN-Chennai,TN,Chennai,Tamil Nadu,Non Delivery,Chennai City Central Division,Chennai City Region,Tamilnadu Circle
600028,Raja Annamalaipuram S.O,TN-Chennai,TN,Chennai,Tamil Nadu,Delivery,Chennai City South Division,Chennai City Region,Tamilnadu Circle
600017,Thygarayanagar South NDS.O,TN-Chennai,TN,Chennai,Tamil Nadu,Non Delivery,Chennai City Central Division,Chennai City Region,Tamilnadu Circle
600087,Alwarthirunagar S.O,TN-Chennai,TN,Chennai,Tamil Nadu,Delivery,Chennai City South Division,Chennai City Region,Tamilnadu Circle
600024,Kodambakkam S.O,TN-Chennai,TN,Chennai,Tamil Nadu,Delivery,Chennai City South Division,Chennai City Region,Tamilnadu Circle
600033,Mambalam R.S. S.O,TN-Chennai,TN,Chennai,Tamil Nadu,Non Delivery,Chennai City South Division,Chennai City Region,Tamilnadu Circle
600015,Saidapet S.O (Chennai),TN-Chennai,TN,Chennai,Tamil Nadu,Delivery,Chennai City South Division,Chennai City Region,Tamilnadu Circle
600026,Vadapalani S.O,TN-Chennai,TN,Chennai,Tamil Nadu,Delivery,Chennai City South Division,Chennai City Region,Tamilnadu Circle
600087,Valasaravakkam S.O,TN-Chennai,TN,Chennai,Tamil Nadu,Non Delivery,Chennai City South Division,Chennai City Region,Tamilnadu Circle
600092,Virugambakkam S.O,TN-Chennai,TN,Chennai,Tamil Nadu,Delivery,Chennai City South Division,Chennai City Region,Tamilnadu Circle
600101,Anna Nagar Western Extn S.O,TN-Chennai,TN,Chennai,Tamil Nadu,Delivery,Chennai City North Division,Chennai City Region,Tamilnadu Circle
600082,G K M Colony S.O,TN-Chennai,TN,Chennai,Tamil Nadu,Non Delivery,Chennai City North Division,Chennai City Region,Tamilnadu Circle
600082,Periyar Nagar S.O,TN-Chennai,TN,Chennai,Tamil Nadu,Delivery,Chennai City North Division,Chennai City Region,Tamilnadu Circle
600003,Ripon Buildings S.O,TN-Chennai,TN,Chennai,Tamil Nadu,Non Delivery,Chennai City North Division,Chennai City Region,Tamilnadu Circle
600012,Venkatesapuram S.O,TN-Chennai,TN,Chennai,Tamil Nadu,Non Delivery,Chennai City North Division,Chennai City Region,Tamilnadu Circle
600007,Vepery S.O,TN-Chennai,TN,Chennai,Tamil Nadu,Delivery,Chennai City North Division,Chennai City Region,Tamilnadu Circle
600020,Adyar S.O (Chennai),TN-Chennai,TN,Chennai,Tamil Nadu,Delivery,Chennai City South Division,Chennai City Region,Tamilnadu Circle
600090,Besantnagar S.O,TN-Chennai,TN,Chennai,Tamil Nadu,Delivery,Chennai City South Division,Chennai City Region,Tamilnadu Circle
600032,Guindy Industrial Estate S.O,TN-Chennai,TN,Chennai,Tamil Nadu,Delivery,Chennai City South Division,Chennai City Region,Tamilnadu Circle
600015,Guindy North S.O,TN-Chennai,TN,Chennai,Tamil Nadu,Non Delivery,Chennai City South Division,Chennai City Region,Tamilnadu Circle
600083,Jafferkhanpet S.O,TN-Chennai,TN,Chennai,Tamil Nadu,Non Delivery,Chennai City South Division,Chennai City Region,Tamilnadu Circle
600085,Kotturpuram S.O,TN-Chennai,TN,Chennai,Tamil Nadu,Delivery,Chennai City South Division,Chennai City Region,Tamilnadu Circle
600091,Madipakkam South S.O,TN-Chennai,TN,Chennai,Tamil Nadu,Non Delivery,Chennai City South Division,Chennai City Region,Tamilnadu Circle
600022,Rajbhavan S.O (Chennai),TN-Chennai,TN,Chennai,Tamil Nadu,Delivery,Chennai City South Division,Chennai City Region,Tamilnadu Circle
600091,Ram Nagar,TN-Chennai,TN,Chennai,Tamil Nadu,Non Delivery,Chennai City South Division,Chennai City Region,Tamilnadu Circle
600001,Flower Bazaar,TN-Chennai,TN,Chennai,Tamil Nadu,Non Delivery,Chennai City North Division,Chennai City Region,Tamilnadu Circle
600001,Mint Building S.O,TN-Chennai,TN,Chennai,Tamil Nadu,Non Delivery,Chennai City North Division,Chennai City Region,Tamilnadu Circle
600001,Sowcarpet NDSO,TN-Chennai,TN,Chennai,Tamil Nadu,Non Delivery,Chennai City North Division,Chennai City Region,Tamilnadu Circle
600081,Tondiarpet West S.O,TN-Chennai,TN,Chennai,Tamil Nadu,Non Delivery,Chennai City North Division,Chennai City Region,Tamilnadu Circle
600021,Washermanpet S.O,TN-Chennai,TN,Chennai,Tamil Nadu,Delivery,Chennai City North Division,Chennai City Region,Tamilnadu Circle
631553,Edayarpakkam S.O,TN-Kanchipuram,TN,Kanchipuram,Tamil Nadu,Delivery,Kanchipuram Division,Chennai City Region,Tamilnadu Circle
631561,Enathur S.O,TN-Kanchipuram,TN,Kanchipuram,Tamil Nadu,Delivery,Kanchipuram Division,Chennai City Region,Tamilnadu Circle
603402,Kaliyampoondi S.O,TN-Kanchipuram,TN,Kanchipuram,Tamil Nadu,Delivery,Kanchipuram Division,Chennai City Region,Tamilnadu Circle
603403,Manampathi S.O,TN-Kanchipuram,TN,Kanchipuram,Tamil Nadu,Delivery,Kanchipuram Division,Chennai City Region,Tamilnadu Circle
631502,Sankaramutt S.O,TN-Kanchipuram,TN,Kanchipuram,Tamil Nadu,Non Delivery,Kanchipuram Division,Chennai City Region,Tamilnadu Circle
631604,Thenneri S.O,TN-Kanchipuram,TN,Kanchipuram,Tamil Nadu,Delivery,Kanchipuram Division,Chennai City Region,Tamilnadu Circle
631605,Walajabad S.O,TN-Kanchipuram,TN,Kanchipuram,Tamil Nadu,Delivery,Kanchipuram Division,Chennai City Region,Tamilnadu Circle
631205,Kg Kandigai S.O,TN-Thiruvallur,TN,Thiruvallur,Tamil Nadu,Delivery,Kanchipuram Division,Chennai City Region,Tamilnadu Circle
631212,Poonimangadu S.O,TN-Thiruvallur,TN,Thiruvallur,Tamil Nadu,Delivery,Kanchipuram Division,Chennai City Region,Tamilnadu Circle
631303,Ramakrishnarajupeta S.O,TN-Thiruvallur,TN,Thiruvallur,Tamil Nadu,Delivery,Kanchipuram Division,Chennai City Region,Tamilnadu Circle
631304,Vanganur S.O,TN-Thiruvallur,TN,Thiruvallur,Tamil Nadu,Delivery,Kanchipuram Division,Chennai City Region,Tamilnadu Circle
605006,Dhanvantri Nagar SO,PY-Pondicherry,PY,Pondicherry,Puducherry,Delivery,Pondicherry Division,Chennai City Region,Tamilnadu Circle
605010,Reddiarpalayam SO,PY-Pondicherry,PY,Pondicherry,Puducherry,Delivery,Pondicherry Division,Chennai City Region,Tamilnadu Circle
605001,Pondicherry Bazaar SO,PY-Pondicherry,PY,Pondicherry,Puducherry,Non Delivery,Pondicherry Division,Chennai City Region,Tamilnadu Circle
604101,Akshipakkam SO,TN-Villupuram,TN,Villupuram,Tamil Nadu,Delivery,Pondicherry Division,Chennai City Region,Tamilnadu Circle
604303,Markanum SO,TN-Villupuram,TN,Villupuram,Tamil Nadu,Delivery,Pondicherry Division,Chennai City Region,Tamilnadu Circle
604001,Tindivanam Bazaar SO,TN-Villupuram,TN,Villupuram,Tamil Nadu,Non Delivery,Pondicherry Division,Chennai City Region,Tamilnadu Circle
604208,Valathi SO,TN-Villupuram,TN,Villupuram,Tamil Nadu,Delivery,Pondicherry Division,Chennai City Region,Tamilnadu Circle
604206,Vallam SO,TN-Villupuram,TN,Villupuram,Tamil Nadu,Delivery,Pondicherry Division,Chennai City Region,Tamilnadu Circle
605602,Kamala Nagar SO Villupuram,TN-Villupuram,TN,Villupuram,Tamil Nadu,Non Delivery,Pondicherry Division,Chennai City Region,Tamilnadu Circle
605301,Kanai SO,TN-Villupuram,TN,Villupuram,Tamil Nadu,Delivery,Pondicherry Division,Chennai City Region,Tamilnadu Circle
605401,Kandamanadi SO,TN-Villupuram,TN,Villupuram,Tamil Nadu,Delivery,Pondicherry Division,Chennai City Region,Tamilnadu Circle
605203,Kanjanur SO,TN-Villupuram,TN,Villupuram,Tamil Nadu,Delivery,Pondicherry Division,Chennai City Region,Tamilnadu Circle
605302,Mambazhapattu SO,TN-Villupuram,TN,Villupuram,Tamil Nadu,Delivery,Pondicherry Division,Chennai City Region,Tamilnadu Circle
605601,Mundiyambakkam SO,TN-Villupuram,TN,Villupuram,Tamil Nadu,Delivery,Pondicherry Division,Chennai City Region,Tamilnadu Circle
601101,Arni CPT SO,TN-Thiruvallur,TN,Thiruvallur,Tamil Nadu,Delivery,Tambaram Division,Chennai City Region,Tamilnadu Circle
600057,Ennore Thermal Station SO,TN-Chennai,TN,Chennai,Tamil Nadu,Delivery,Tambaram Division,Chennai City Region,Tamilnadu Circle
601201,Gummidipundi SO,TN-Thiruvallur,TN,Thiruvallur,Tamil Nadu,Delivery,Tambaram Division,Chennai City Region,Tamilnadu Circle
601202,Madarpakkam SO,TN-Thiruvallur,TN,Thiruvallur,Tamil Nadu,Delivery,Tambaram Division,Chennai City Region,Tamilnadu Circle
600103,Manali New Town SO,TN-Chennai,TN,Chennai,Tamil Nadu,Delivery,Tambaram Division,Chennai City Region,Tamilnadu Circle
601203,Minjur SO,TN-Thiruvallur,TN,Thiruvallur,Tamil Nadu,Delivery,Tambaram Division,Chennai City Region,Tamilnadu Circle
600060,Moolakadai SO,TN-Thiruvallur,TN,Thiruvallur,Tamil Nadu,Non Delivery,Tambaram Division,Chennai City Region,Tamilnadu Circle
600049,Villivakkam SO,TN-Chennai,TN,Chennai,Tamil Nadu,Delivery,Tambaram Division,Chennai City Region,Tamilnadu Circle
600054,Avadi SO,TN-Thiruvallur,TN,Thiruvallur,Tamil Nadu,Non Delivery,Tambaram Division,Chennai City Region,Tamilnadu Circle
600071,Kamarajnagar SO,TN-Thiruvallur,TN,Thiruvallur,Tamil Nadu,Delivery,Tambaram Division,Chennai City Region,Tamilnadu Circle
600095,Maduravoyal SO,TN-Chennai,TN,Chennai,Tamil Nadu,Delivery,Tambaram Division,Chennai City Region,Tamilnadu Circle
600123,Nazarethpettai SO,TN-Thiruvallur,TN,Thiruvallur,Tamil Nadu,Delivery,Tambaram Division,Chennai City Region,Tamilnadu Circle
600116,Porur SO,TN-Chennai,TN,Chennai,Tamil Nadu,Delivery,Tambaram Division,Chennai City Region,Tamilnadu Circle
600116,Sriramachandra Deemed Uty SO,TN-Thiruvallur,TN,Thiruvallur,Tamil Nadu,Non Delivery,Tambaram Division,Chennai City Region,Tamilnadu Circle
600062,Velnagar Vellanur SO,TN-Thiruvallur,TN,Thiruvallur,Tamil Nadu,Non Delivery,Tambaram Division,Chennai City Region,Tamilnadu Circle
600070,Anakaputhur SO,TN-Chengalpattu,TN,Chengalpattu,Tamil Nadu,Delivery,Tambaram Division,Chennai City Region,Tamilnadu Circle
600044,Bharathipuram SO Kanchipuram,TN-Chengalpattu,TN,Chengalpattu,Tamil Nadu,Non Delivery,Tambaram Division,Chennai City Region,Tamilnadu Circle
600129,Kovilambakkam SO,TN-Chengalpattu,TN,Chengalpattu,Tamil Nadu,Delivery,Tambaram Division,Chennai City Region,Tamilnadu Circle
600127,Melakkottaiyur SO,TN-Chengalpattu,TN,Chengalpattu,Tamil Nadu,Delivery,Tambaram Division,Chennai City Region,Tamilnadu Circle
600048,Mudichur SO,TN-Chengalpattu,TN,Chengalpattu,Tamil Nadu,Non Delivery,Tambaram Division,Chennai City Region,Tamilnadu Circle
600043,Pallavaram SO,TN-Chengalpattu,TN,Chengalpattu,Tamil Nadu,Delivery,Tambaram Division,Chennai City Region,Tamilnadu Circle
600059,Tambaram East SO,TN-Chengalpattu,TN,Chengalpattu,Tamil Nadu,Delivery,Tambaram Division,Chennai City Region,Tamilnadu Circle
606903,Kalambur SO,TN-Tiruvannamalai,TN,Tiruvannamalai,Tamil Nadu,Delivery,Tiruvannamalai Division,Chennai City Region,Tamilnadu Circle
632311,Kannamangalam SO,TN-Tiruvannamalai,TN,Tiruvannamalai,Tamil Nadu,Delivery,Tiruvannamalai Division,Chennai City Region,Tamilnadu Circle
604404,Kilkovalavedu SO,TN-Tiruvannamalai,TN,Tiruvannamalai,Tamil Nadu,Delivery,Tiruvannamalai Division,Chennai City Region,Tamilnadu Circle
632313,Kolappalur SO Tiruvannamalai,TN-Tiruvannamalai,TN,Tiruvannamalai,Tamil Nadu,Delivery,Tiruvannamalai Division,Chennai City Region,Tamilnadu Circle
631702,Mamandur Kanchipuram SO,TN-Tiruvannamalai,TN,Tiruvannamalai,Tamil Nadu,Delivery,Tiruvannamalai Division,Chennai City Region,Tamilnadu Circle
606807,Nedungunam SO,TN-Tiruvannamalai,TN,Tiruvannamalai,Tamil Nadu,Delivery,Tiruvannamalai Division,Chennai City Region,Tamilnadu Circle
604503,Pernamallur SO,TN-Tiruvannamalai,TN,Tiruvannamalai,Tamil Nadu,Delivery,Tiruvannamalai Division,Chennai City Region,Tamilnadu Circle
632301,Saidapettai Arni SO,TN-Tiruvannamalai,TN,Tiruvannamalai,Tamil Nadu,Non Delivery,Tiruvannamalai Division,Chennai City Region,Tamilnadu Circle
604504,Tirumani SO,TN-Tiruvannamalai,TN,Tiruvannamalai,Tamil Nadu,Delivery,Tiruvannamalai Division,Chennai City Region,Tamilnadu Circle
606751,Kalasapakkam SO,TN-Tiruvannamalai,TN,Tiruvannamalai,Tamil Nadu,Delivery,Tiruvannamalai Division,Chennai City Region,Tamilnadu Circle
606601,Kalnagar SO,TN-Tiruvannamalai,TN,Tiruvannamalai,Tamil Nadu,Non Delivery,Tiruvannamalai Division,Chennai City Region,Tamilnadu Circle
606808,Kattampoondi SO,TN-Tiruvannamalai,TN,Tiruvannamalai,Tamil Nadu,Delivery,Tiruvannamalai Division,Chennai City Region,Tamilnadu Circle
606752,Mangalam SO Tiruvannamalai,TN-Tiruvannamalai,TN,Tiruvannamalai,Tamil Nadu,Delivery,Tiruvannamalai Division,Chennai City Region,Tamilnadu Circle
606905,Santhavasal SO,TN-Tiruvannamalai,TN,Tiruvannamalai,Tamil Nadu,Delivery,Tiruvannamalai Division,Chennai City Region,Tamilnadu Circle
606707,Tandarampattu SO,TN-Tiruvannamalai,TN,Tiruvannamalai,Tamil Nadu,Delivery,Tiruvannamalai Division,Chennai City Region,Tamilnadu Circle
606708,Tanipadi SO,TN-Tiruvannamalai,TN,Tiruvannamalai,Tamil Nadu,Delivery,Tiruvannamalai Division,Chennai City Region,Tamilnadu Circle
606601,Tiruvannamalai Bazaar SO,TN-Tiruvannamalai,TN,Tiruvannamalai,Tamil Nadu,Non Delivery,Tiruvannamalai Division,Chennai City Region,Tamilnadu Circle
606604,Vengikkal SO,TN-Tiruvannamalai,TN,Tiruvannamalai,Tamil Nadu,Delivery,Tiruvannamalai Division,Chennai City Region,Tamilnadu Circle
632101,Anaikattu S.O,TN-Vellore,TN,Vellore,Tamil Nadu,Delivery,Vellore Division,Chennai City Region,Tamilnadu Circle
632007,Katpadi S.O,TN-Vellore,TN,Vellore,Tamil Nadu,Delivery,Vellore Division,Chennai City Region,Tamilnadu Circle
632008,Shenbakkam S.O,TN-Vellore,TN,Vellore,Tamil Nadu,Delivery,Vellore Division,Chennai City Region,Tamilnadu Circle
632059,TAMILNADU INDUSTRIAL EXPLOSIVES LTD,TN-Vellore,TN,Vellore,Tamil Nadu,Delivery,Vellore Division,Chennai City Region,Tamilnadu Circle
632105,Ussoor S.O,TN-Vellore,TN,Vellore,Tamil Nadu,Delivery,Vellore Division,Chennai City Region,Tamilnadu Circle
632001,Vellore South S.O,TN-Vellore,TN,Vellore,Tamil Nadu,Non Delivery,Vellore Division,Chennai City Region,Tamilnadu Circle
632104,Virinjipuram S.O,TN-Vellore,TN,Vellore,Tamil Nadu,Delivery,Vellore Division,Chennai City Region,Tamilnadu Circle
641001,Coimbatore Bazaar SO,TN-Coimbatore,TN,Coimbatore,Tamil Nadu,Non Delivery,Coimbatore Division,Western Region Coimbatore,Tamilnadu Circle
641018,Coimbatore Courts SO,TN-Coimbatore,TN,Coimbatore,Tamil Nadu,Non Delivery,Coimbatore Division,Western Region Coimbatore,Tamilnadu Circle
641021,Coimbatore Industrial Estate SO,TN-Coimbatore,TN,Coimbatore,Tamil Nadu,Delivery,Coimbatore Division,Western Region Coimbatore,Tamilnadu Circle
641014,Coimbatore Tidel Park SO,TN-Coimbatore,TN,Coimbatore,Tamil Nadu,Non Delivery,Coimbatore Division,Western Region Coimbatore,Tamilnadu Circle
641006,Ganapathy SO,TN-Coimbatore,TN,Coimbatore,Tamil Nadu,Delivery,Coimbatore Division,Western Region Coimbatore,Tamilnadu Circle
641048,Kalapatti SO,TN-Coimbatore,TN,Coimbatore,Tamil Nadu,Delivery,Coimbatore Division,Western Region Coimbatore,Tamilnadu Circle
641033,Neelikonampalayam SO,TN-Coimbatore,TN,Coimbatore,Tamil Nadu,Delivery,Coimbatore Division,Western Region Coimbatore,Tamilnadu Circle
641032,Othakkalmandapam SO,TN-Coimbatore,TN,Coimbatore,Tamil Nadu,Delivery,Coimbatore Division,Western Region Coimbatore,Tamilnadu Circle
641023,Podanur SO,TN-Coimbatore,TN,Coimbatore,Tamil Nadu,Delivery,Coimbatore Division,Western Region Coimbatore,Tamilnadu Circle
641019,Coimbatore Press Colony SO,TN-Coimbatore,TN,Coimbatore,Tamil Nadu,Delivery,Coimbatore Division,Western Region Coimbatore,Tamilnadu Circle
641031,Narasimhanaickenpalayam SO,TN-Coimbatore,TN,Coimbatore,Tamil Nadu,Delivery,Coimbatore Division,Western Region Coimbatore,Tamilnadu Circle
641020,Periyanaickenpalayam SO,TN-Coimbatore,TN,Coimbatore,Tamil Nadu,Non Delivery,Coimbatore Division,Western Region Coimbatore,Tamilnadu Circle
641002,RSPuram East SO,TN-Coimbatore,TN,Coimbatore,Tamil Nadu,Non Delivery,Coimbatore Division,Western Region Coimbatore,Tamilnadu Circle
641027,Rathinapuri SO,TN-Coimbatore,TN,Coimbatore,Tamil Nadu,Delivery,Coimbatore Division,Western Region Coimbatore,Tamilnadu Circle
641012,Tatabad SO,TN-Coimbatore,TN,Coimbatore,Tamil Nadu,Delivery,Coimbatore Division,Western Region Coimbatore,Tamilnadu Circle
641041,Vadavalli SO,TN-Coimbatore,TN,Coimbatore,Tamil Nadu,Non Delivery,Coimbatore Division,Western Region Coimbatore,Tamilnadu Circle
641025,Velandipalayam SO,TN-Coimbatore,TN,Coimbatore,Tamil Nadu,Delivery,Coimbatore Division,Western Region Coimbatore,Tamilnadu Circle
636903,Harur S.O,TN-Dharmapuri,TN,Dharmapuri,Tamil Nadu,Delivery,Dharmapuri Division,Western Region Coimbatore,Tamilnadu Circle
636809,Paupparapatti S.O,TN-Dharmapuri,TN,Dharmapuri,Tamil Nadu,Delivery,Dharmapuri Division,Western Region Coimbatore,Tamilnadu Circle
636907,Naripalli SO,TN-Dharmapuri,TN,Dharmapuri,Tamil Nadu,Delivery,Dharmapuri Division,Western Region Coimbatore,Tamilnadu Circle
638301,Bhavani Cutcherry SO,TN-Erode,TN,Erode,Tamil Nadu,Non Delivery,Erode Division,Western Region Coimbatore,Tamilnadu Circle
638107,Nasiyanur SO,TN-Erode,TN,Erode,Tamil Nadu,Delivery,Erode Division,Western Region Coimbatore,Tamilnadu Circle
638052,Perundurai SO,TN-Erode,TN,Erode,Tamil Nadu,Delivery,Erode Division,Western Region Coimbatore,Tamilnadu Circle
638751,Uttukuli SO,TN-Tiruppur,TN,Tiruppur,Tamil Nadu,Delivery,Erode Division,Western Region Coimbatore,Tamilnadu Circle
638153,Ganapathipalayam SO,TN-Erode,TN,Erode,Tamil Nadu,Delivery,Erode Division,Western Region Coimbatore,Tamilnadu Circle
638109,Sivagiri SO Erode,TN-Erode,TN,Erode,Tamil Nadu,Delivery,Erode Division,Western Region Coimbatore,Tamilnadu Circle
638010,SPB Colony SO,TN-Namakkal,TN,Namakkal,Tamil Nadu,Delivery,Erode Division,Western Region Coimbatore,Tamilnadu Circle
638004,Veerappanchatram SO,TN-Erode,TN,Erode,Tamil Nadu,Delivery,Erode Division,Western Region Coimbatore,Tamilnadu Circle
638110,Getticheyur SO,TN-Erode,TN,Erode,Tamil Nadu,Delivery,Erode Division,Western Region Coimbatore,Tamilnadu Circle
638452,Gobichettipalayam East SO,TN-Erode,TN,Erode,Tamil Nadu,Non Delivery,Erode Division,Western Region Coimbatore,Tamilnadu Circle
638453,Karattadipalayam SO,TN-Erode,TN,Erode,Tamil Nadu,Delivery,Erode Division,Western Region Coimbatore,Tamilnadu Circle
638313,Kugalur SO,TN-Erode,TN,Erode,Tamil Nadu,Delivery,Erode Division,Western Region Coimbatore,Tamilnadu Circle
638462,Vemandampalayam SO,TN-Erode,TN,Erode,Tamil Nadu,Delivery,Erode Division,Western Region Coimbatore,Tamilnadu Circle
635122,Alapatti S.O,TN-Krishnagiri,TN,Krishnagiri,Tamil Nadu,Delivery,Krishnagiri Division,Western Region Coimbatore,Tamilnadu Circle
635107,Denkanikotta S.O,TN-Krishnagiri,TN,Krishnagiri,Tamil Nadu,Delivery,Krishnagiri Division,Western Region Coimbatore,Tamilnadu Circle
635109,Hosur East S.O,TN-Krishnagiri,TN,Krishnagiri,Tamil Nadu,Non Delivery,Krishnagiri Division,Western Region Coimbatore,Tamilnadu Circle
635126,Hosur Indl. Complex S.O,TN-Krishnagiri,TN,Krishnagiri,Tamil Nadu,Delivery,Krishnagiri Division,Western Region Coimbatore,Tamilnadu Circle
635111,Karimangalam S.O,TN-Dharmapuri,TN,Dharmapuri,Tamil Nadu,Delivery,Krishnagiri Division,Western Region Coimbatore,Tamilnadu Circle
635001,Kattinayanapalli S.O,TN-Krishnagiri,TN,Krishnagiri,Tamil Nadu,Non Delivery,Krishnagiri Division,Western Region Coimbatore,Tamilnadu Circle
635112,Kaveripattinam S.O (Krishnagiri),TN-Krishnagiri,TN,Krishnagiri,Tamil Nadu,Delivery,Krishnagiri Division,Western Region Coimbatore,Tamilnadu Circle
635115,Krishnagiri Collectorate S.O,TN-Krishnagiri,TN,Krishnagiri,Tamil Nadu,Non Delivery,Krishnagiri Division,Western Region Coimbatore,Tamilnadu Circle
635121,Veppanapalli S.O,TN-Krishnagiri,TN,Krishnagiri,Tamil Nadu,Delivery,Krishnagiri Division,Western Region Coimbatore,Tamilnadu Circle
637017,Palapatti S.O,TN-Namakkal,TN,Namakkal,Tamil Nadu,Delivery,Namakkal Division,Western Region Coimbatore,Tamilnadu Circle
637001,Santhaipettaipudur S.O,TN-Namakkal,TN,Namakkal,Tamil Nadu,Non Delivery,Namakkal Division,Western Region Coimbatore,Tamilnadu Circle
637019,Sellappampatti S.O,TN-Namakkal,TN,Namakkal,Tamil Nadu,Delivery,Namakkal Division,Western Region Coimbatore,Tamilnadu Circle
637411,Semmedu S.O,TN-Namakkal,TN,Namakkal,Tamil Nadu,Delivery,Namakkal Division,Western Region Coimbatore,Tamilnadu Circle
637409,Sendamangalam S.O,TN-Namakkal,TN,Namakkal,Tamil Nadu,Delivery,Namakkal Division,Western Region Coimbatore,Tamilnadu Circle
637212,Velagoundampatti S.O,TN-Namakkal,TN,Namakkal,Tamil Nadu,Delivery,Namakkal Division,Western Region Coimbatore,Tamilnadu Circle
638183,KomarapalayamEast S.O,TN-Namakkal,TN,Namakkal,Tamil Nadu,Non Delivery,Namakkal Division,Western Region Coimbatore,Tamilnadu Circle
638181,Pothanur S.O,TN-Namakkal,TN,Namakkal,Tamil Nadu,Delivery,Namakkal Division,Western Region Coimbatore,Tamilnadu Circle
638182,Velur (Namakkal) S.O,TN-Namakkal,TN,Namakkal,Tamil Nadu,Delivery,Namakkal Division,Western Region Coimbatore,Tamilnadu Circle
643102,Coonoor RS S.O,TN-Nilgiris,TN,Nilgiris,Tamil Nadu,Delivery,Nilgiris Division,Western Region Coimbatore,Tamilnadu Circle
643217,Donnington S.O,TN-Nilgiris,TN,Nilgiris,Tamil Nadu,Non Delivery,Nilgiris Division,Western Region Coimbatore,Tamilnadu Circle
643236,Kotada Estate S.O,TN-Nilgiris,TN,Nilgiris,Tamil Nadu,Delivery,Nilgiris Division,Western Region Coimbatore,Tamilnadu Circle
643217,Kotagiri S.O,TN-Nilgiris,TN,Nilgiris,Tamil Nadu,Delivery,Nilgiris Division,Western Region Coimbatore,Tamilnadu Circle
643240,Bitherkad S.O,TN-Nilgiris,TN,Nilgiris,Tamil Nadu,Delivery,Nilgiris Division,Western Region Coimbatore,Tamilnadu Circle
643205,Cherambadi S.O,TN-Nilgiris,TN,Nilgiris,Tamil Nadu,Delivery,Nilgiris Division,Western Region Coimbatore,Tamilnadu Circle
643007,Dr. Basuviah Nagar S.O,TN-Nilgiris,TN,Nilgiris,Tamil Nadu,Delivery,Nilgiris Division,Western Region Coimbatore,Tamilnadu Circle
643253,Kolapalli S.O,TN-Nilgiris,TN,Nilgiris,Tamil Nadu,Delivery,Nilgiris Division,Western Region Coimbatore,Tamilnadu Circle
643239,Konnachal S.O,TN-Nilgiris,TN,Nilgiris,Tamil Nadu,Delivery,Nilgiris Division,Western Region Coimbatore,Tamilnadu Circle
643003,Lovedale S.O,TN-Nilgiris,TN,Nilgiris,Tamil Nadu,Delivery,Nilgiris Division,Western Region Coimbatore,Tamilnadu Circle
643225,Nellakotta S.O,TN-Nilgiris,TN,Nilgiris,Tamil Nadu,Delivery,Nilgiris Division,Western Region Coimbatore,Tamilnadu Circle
643237,Sandynallah S.O,TN-Nilgiris,TN,Nilgiris,Tamil Nadu,Delivery,Nilgiris Division,Western Region Coimbatore,Tamilnadu Circle
642103,Ambarampalayam S.O,TN-Coimbatore,TN,Coimbatore,Tamil Nadu,Delivery,Pollachi Division,Western Region Coimbatore,Tamilnadu Circle
642108,Iyerpadi S.O,TN-Coimbatore,TN,Coimbatore,Tamil Nadu,Delivery,Pollachi Division,Western Region Coimbatore,Tamilnadu Circle
642202,Jakkarpalayam S.O,TN-Coimbatore,TN,Coimbatore,Tamil Nadu,Delivery,Pollachi Division,Western Region Coimbatore,Tamilnadu Circle
642123,Samathur S.O,TN-Coimbatore,TN,Coimbatore,Tamil Nadu,Delivery,Pollachi Division,Western Region Coimbatore,Tamilnadu Circle
642006,Suleeswaran Patti S.O,TN-Coimbatore,TN,Coimbatore,Tamil Nadu,Delivery,Pollachi Division,Western Region Coimbatore,Tamilnadu Circle
642129,Vettaikaran Pudur S.O,TN-Coimbatore,TN,Coimbatore,Tamil Nadu,Delivery,Pollachi Division,Western Region Coimbatore,Tamilnadu Circle
642105,Water Falls Estate S.O,TN-Coimbatore,TN,Coimbatore,Tamil Nadu,Delivery,Pollachi Division,Western Region Coimbatore,Tamilnadu Circle
642206,Pulavadi S.O,TN-Tiruppur,TN,Tiruppur,Tamil Nadu,Delivery,Pollachi Division,Western Region Coimbatore,Tamilnadu Circle
636142,Mullukurichi S.O,TN-Namakkal,TN,Namakkal,Tamil Nadu,Delivery,Salem East Division,Western Region Coimbatore,Tamilnadu Circle
636113,Thammampatti S.O,TN-Salem,TN,Salem,Tamil Nadu,Delivery,Salem East Division,Western Region Coimbatore,Tamilnadu Circle
636115,Valapady S.O,TN-Salem,TN,Salem,Tamil Nadu,Delivery,Salem East Division,Western Region Coimbatore,Tamilnadu Circle
636116,Viraganur S.O,TN-Salem,TN,Salem,Tamil Nadu,Delivery,Salem East Division,Western Region Coimbatore,Tamilnadu Circle
636015,Kitchipalayam S.O,TN-Salem,TN,Salem,Tamil Nadu,Delivery,Salem East Division,Western Region Coimbatore,Tamilnadu Circle
636004,Marakkadai S.O,TN-Salem,TN,Salem,Tamil Nadu,Non Delivery,Salem East Division,Western Region Coimbatore,Tamilnadu Circle
636140,Odayapatti S.O,TN-Salem,TN,Salem,Tamil Nadu,Delivery,Salem East Division,Western Region Coimbatore,Tamilnadu Circle
636204,Panamarathupatti S.O,TN-Salem,TN,Salem,Tamil Nadu,Delivery,Salem East Division,Western Region Coimbatore,Tamilnadu Circle
636007,Salem North S.O,TN-Salem,TN,Salem,Tamil Nadu,Non Delivery,Salem East Division,Western Region Coimbatore,Tamilnadu Circle
636002,Shevapet S.O,TN-Salem,TN,Salem,Tamil Nadu,Delivery,Salem East Division,Western Region Coimbatore,Tamilnadu Circle
636308,Veerapandi Salem S.O,TN-Salem,TN,Salem,Tamil Nadu,Delivery,Salem East Division,Western Region Coimbatore,Tamilnadu Circle
637502,Elampillai S.O,TN-Salem,TN,Salem,Tamil Nadu,Delivery,Salem West Division,Western Region Coimbatore,Tamilnadu Circle
637403,Gurusamipalayam S.O,TN-Namakkal,TN,Namakkal,Tamil Nadu,Delivery,Salem West Division,Western Region Coimbatore,Tamilnadu Circle
636009,Leigh Bazaar S.O,TN-Salem,TN,Salem,Tamil Nadu,Delivery,Salem West Division,Western Region Coimbatore,Tamilnadu Circle
636458,Mallikundam S.O,TN-Salem,TN,Salem,Tamil Nadu,Delivery,Salem West Division,Western Region Coimbatore,Tamilnadu Circle
636503,Tholasampatti S.O,TN-Salem,TN,Salem,Tamil Nadu,Delivery,Salem West Division,Western Region Coimbatore,Tamilnadu Circle
632601,Dharanampet S.O,TN-Vellore,TN,Vellore,Tamil Nadu,Delivery,Tirupattur Division,Western Region Coimbatore,Tamilnadu Circle
632203,Melmayil S.O,TN-Vellore,TN,Vellore,Tamil Nadu,Delivery,Tirupattur Division,Western Region Coimbatore,Tamilnadu Circle
632603,Paradarami S.O,TN-Vellore,TN,Vellore,Tamil Nadu,Delivery,Tirupattur Division,Western Region Coimbatore,Tamilnadu Circle
632604,Erthangal S.O,TN-Vellore,TN,Vellore,Tamil Nadu,Delivery,Tirupattur Division,Western Region Coimbatore,Tamilnadu Circle
635601,Asiriyar Nagar S.O,TN-Tirupathur,TN,Tirupathur,Tamil Nadu,Non Delivery,Tirupattur Division,Western Region Coimbatore,Tamilnadu Circle
635807,Minnur S.O,TN-Tirupathur,TN,Tirupathur,Tamil Nadu,Delivery,Tirupattur Division,Western Region Coimbatore,Tamilnadu Circle
635710,Mittur S.O,TN-Tirupathur,TN,Tirupathur,Tamil Nadu,Delivery,Tirupattur Division,Western Region Coimbatore,Tamilnadu Circle
635853,Pakkirithakka S.O,TN-Tirupathur,TN,Tirupathur,Tamil Nadu,Delivery,Tirupattur Division,Western Region Coimbatore,Tamilnadu Circle
635654,Sundarampalli S.O,TN-Tirupathur,TN,Tirupathur,Tamil Nadu,Delivery,Tirupattur Division,Western Region Coimbatore,Tamilnadu Circle
635602,Tirupattur Bazaar S.O,TN-Tirupathur,TN,Tirupathur,Tamil Nadu,Delivery,Tirupattur Division,Western Region Coimbatore,Tamilnadu Circle
635655,Matrapalli S.O,TN-Tirupathur,TN,Tirupathur,Tamil Nadu,Delivery,Tirupattur Division,Western Region Coimbatore,Tamilnadu Circle
638657,Ellisnagar SO,TN-Tiruppur,TN,Tiruppur,Tamil Nadu,Delivery,Tirupur Division,Western Region Coimbatore,Tamilnadu Circle
638106,Mulanur SO,TN-Tiruppur,TN,Tiruppur,Tamil Nadu,Delivery,Tirupur Division,Western Region Coimbatore,Tamilnadu Circle
641653,Annur SO,TN-Coimbatore,TN,Coimbatore,Tamil Nadu,Delivery,Tirupur Division,Western Region Coimbatore,Tamilnadu Circle
641104,Karamadai SO,TN-Coimbatore,TN,Coimbatore,Tamil Nadu,Delivery,Tirupur Division,Western Region Coimbatore,Tamilnadu Circle
641659,Karumathampatti SO,TN-Coimbatore,TN,Coimbatore,Tamil Nadu,Delivery,Tirupur Division,Western Region Coimbatore,Tamilnadu Circle
638461,Talavadi SO,TN-Erode,TN,Erode,Tamil Nadu,Delivery,Tirupur Division,Western Region Coimbatore,Tamilnadu Circle
641654,Ranganathapuram SO,TN-Tiruppur,TN,Tiruppur,Tamil Nadu,Non Delivery,Tirupur Division,Western Region Coimbatore,Tamilnadu Circle
641669,Sultanpet SO,TN-Coimbatore,TN,Coimbatore,Tamil Nadu,Delivery,Tirupur Division,Western Region Coimbatore,Tamilnadu Circle
641607,Tirupur East SO,TN-Tiruppur,TN,Tiruppur,Tamil Nadu,Delivery,Tirupur Division,Western Region Coimbatore,Tamilnadu Circle
641604,Tirupur Collectorate SO,TN-Tiruppur,TN,Tiruppur,Tamil Nadu,Non Delivery,Tirupur Division,Western Region Coimbatore,Tamilnadu Circle
624302,Ambathurai RS SO,TN-Dindigul,TN,Dindigul,Tamil Nadu,Non Delivery,Dindigul Division,Southern Region Madurai,Tamilnadu Circle
624003,Dindigul East SO,TN-Dindigul,TN,Dindigul,Tamil Nadu,Non Delivery,Dindigul Division,Southern Region Madurai,Tamilnadu Circle
624001,Dindigul Fort SO,TN-Dindigul,TN,Dindigul,Tamil Nadu,Non Delivery,Dindigul Division,Southern Region Madurai,Tamilnadu Circle
624706,Kovilur SO,TN-Dindigul,TN,Dindigul,Tamil Nadu,Delivery,Dindigul Division,Southern Region Madurai,Tamilnadu Circle
624005,NGOColony SO,TN-Dindigul,TN,Dindigul,Tamil Nadu,Non Delivery,Dindigul Division,Southern Region Madurai,Tamilnadu Circle
624303,NPanjampatti SO,TN-Dindigul,TN,Dindigul,Tamil Nadu,Delivery,Dindigul Division,Southern Region Madurai,Tamilnadu Circle
624003,Nagalnagar SO,TN-Dindigul,TN,Dindigul,Tamil Nadu,Delivery,Dindigul Division,Southern Region Madurai,Tamilnadu Circle
624304,Sanarpatti SO,TN-Dindigul,TN,Dindigul,Tamil Nadu,Delivery,Dindigul Division,Southern Region Madurai,Tamilnadu Circle
624306,Siluvathur SO,TN-Dindigul,TN,Dindigul,Tamil Nadu,Delivery,Dindigul Division,Southern Region Madurai,Tamilnadu Circle
624802,Vadamadurai SO,TN-Dindigul,TN,Dindigul,Tamil Nadu,Delivery,Dindigul Division,Southern Region Madurai,Tamilnadu Circle
624308,Vembarpatti SO,TN-Dindigul,TN,Dindigul,Tamil Nadu,Delivery,Dindigul Division,Southern Region Madurai,Tamilnadu Circle
624211,Pattiveeranpatti SO,TN-Dindigul,TN,Dindigul,Tamil Nadu,Delivery,Dindigul Division,Southern Region Madurai,Tamilnadu Circle
624212,Perumbarai SO,TN-Dindigul,TN,Dindigul,Tamil Nadu,Delivery,Dindigul Division,Southern Region Madurai,Tamilnadu Circle
624616,Kallimandayam SO,TN-Dindigul,TN,Dindigul,Tamil Nadu,Delivery,Dindigul Division,Southern Region Madurai,Tamilnadu Circle
629851,Azhakiapandipuram S.O,TN-Kanniyakumari,TN,Kanniyakumari,Tamil Nadu,Delivery,Kanniyakumari Division,Southern Region Madurai,Tamilnadu Circle
629251,Colachel Port S.O,TN-Kanniyakumari,TN,Kanniyakumari,Tamil Nadu,Non Delivery,Kanniyakumari Division,Southern Region Madurai,Tamilnadu Circle
629810,Kandanvilai S.O,TN-Kanniyakumari,TN,Kanniyakumari,Tamil Nadu,Delivery,Kanniyakumari Division,Southern Region Madurai,Tamilnadu Circle
629809,Karankad S.O,TN-Kanniyakumari,TN,Kanniyakumari,Tamil Nadu,Delivery,Kanniyakumari Division,Southern Region Madurai,Tamilnadu Circle
629202,Muttom S.O,TN-Kanniyakumari,TN,Kanniyakumari,Tamil Nadu,Delivery,Kanniyakumari Division,Southern Region Madurai,Tamilnadu Circle
629001,Nagercoil West S.O,TN-Kanniyakumari,TN,Kanniyakumari,Tamil Nadu,Non Delivery,Kanniyakumari Division,Southern Region Madurai,Tamilnadu Circle
629159,Palapalam S.O,TN-Kanniyakumari,TN,Kanniyakumari,Tamil Nadu,Delivery,Kanniyakumari Division,Southern Region Madurai,Tamilnadu Circle
629704,Suchindrum S.O,TN-Kanniyakumari,TN,Kanniyakumari,Tamil Nadu,Delivery,Kanniyakumari Division,Southern Region Madurai,Tamilnadu Circle
629804,Thickanamcode S.O,TN-Kanniyakumari,TN,Kanniyakumari,Tamil Nadu,Delivery,Kanniyakumari Division,Southern Region Madurai,Tamilnadu Circle
629180,Villukuri S.O,TN-Kanniyakumari,TN,Kanniyakumari,Tamil Nadu,Delivery,Kanniyakumari Division,Southern Region Madurai,Tamilnadu Circle
629156,Kappiyarai S.O,TN-Kanniyakumari,TN,Kanniyakumari,Tamil Nadu,Delivery,Kanniyakumari Division,Southern Region Madurai,Tamilnadu Circle
629157,Karinkal S.O,TN-Kanniyakumari,TN,Kanniyakumari,Tamil Nadu,Delivery,Kanniyakumari Division,Southern Region Madurai,Tamilnadu Circle
629102,Kodayarkilthangal S.O,TN-Kanniyakumari,TN,Kanniyakumari,Tamil Nadu,Delivery,Kanniyakumari Division,Southern Region Madurai,Tamilnadu Circle
629163,Kuzhithurai S.O,TN-Kanniyakumari,TN,Kanniyakumari,Tamil Nadu,Delivery,Kanniyakumari Division,Southern Region Madurai,Tamilnadu Circle
629166,Mekkamandapam S.O,TN-Kanniyakumari,TN,Kanniyakumari,Tamil Nadu,Delivery,Kanniyakumari Division,Southern Region Madurai,Tamilnadu Circle
629176,Thuthur S.O,TN-Kanniyakumari,TN,Kanniyakumari,Tamil Nadu,Delivery,Kanniyakumari Division,Southern Region Madurai,Tamilnadu Circle
630303,Devakottai Extension S.O,TN-Sivaganga,TN,Sivaganga,Tamil Nadu,Delivery,Karaikudi Division,Southern Region Madurai,Tamilnadu Circle
630302,Devakottai West S.O,TN-Sivaganga,TN,Sivaganga,Tamil Nadu,Non Delivery,Karaikudi Division,Southern Region Madurai,Tamilnadu Circle
630003,Ae.College S.O,TN-Sivaganga,TN,Sivaganga,Tamil Nadu,Non Delivery,Karaikudi Division,Southern Region Madurai,Tamilnadu Circle
630501,CVmangalam S.O,TN-Sivaganga,TN,Sivaganga,Tamil Nadu,Delivery,Karaikudi Division,Southern Region Madurai,Tamilnadu Circle
630104,Kandanur S.O,TN-Sivaganga,TN,Sivaganga,Tamil Nadu,Delivery,Karaikudi Division,Southern Region Madurai,Tamilnadu Circle
630106,Kottaiyur S.O,TN-Sivaganga,TN,Sivaganga,Tamil Nadu,Delivery,Karaikudi Division,Southern Region Madurai,Tamilnadu Circle
630307,Managiri S.O,TN-Sivaganga,TN,Sivaganga,Tamil Nadu,Delivery,Karaikudi Division,Southern Region Madurai,Tamilnadu Circle
630405,Nerkuppai S.O,TN-Sivaganga,TN,Sivaganga,Tamil Nadu,Delivery,Karaikudi Division,Southern Region Madurai,Tamilnadu Circle
630002,Sekkalai S.O,TN-Sivaganga,TN,Sivaganga,Tamil Nadu,Delivery,Karaikudi Division,Southern Region Madurai,Tamilnadu Circle
628901,Ariyanayagipuram S.O,TN-Tuticorin,TN,Tuticorin,Tamil Nadu,Delivery,Kovilpatti Division,Southern Region Madurai,Tamilnadu Circle
628712,Eppodumvendran S.O,TN-Tuticorin,TN,Tuticorin,Tamil Nadu,Delivery,Kovilpatti Division,Southern Region Madurai,Tamilnadu Circle
628503,K.RAMASAMYNAGAR S.O,TN-Tuticorin,TN,Tuticorin,Tamil Nadu,Delivery,Kovilpatti Division,Southern Region Madurai,Tamilnadu Circle
628908,Kilairal S.O,TN-Tuticorin,TN,Tuticorin,Tamil Nadu,Delivery,Kovilpatti Division,Southern Region Madurai,Tamilnadu Circle
628907,Vilathikulam S.O,TN-Tuticorin,TN,Tuticorin,Tamil Nadu,Delivery,Kovilpatti Division,Southern Region Madurai,Tamilnadu Circle
627754,Kuruvikulam S.O,TN-Tenkasi,TN,Tenkasi,Tamil Nadu,Delivery,Kovilpatti Division,Southern Region Madurai,Tamilnadu Circle
627761,Panaiyur S.O,TN-Tenkasi,TN,Tenkasi,Tamil Nadu,Delivery,Kovilpatti Division,Southern Region Madurai,Tamilnadu Circle
627862,VEERASIGAMANI S.O,TN-Tenkasi,TN,Tenkasi,Tamil Nadu,Delivery,Kovilpatti Division,Southern Region Madurai,Tamilnadu Circle
627806,Kilapavur S.O,TN-Tenkasi,TN,Tenkasi,Tamil Nadu,Delivery,Kovilpatti Division,Southern Region Madurai,Tamilnadu Circle
627814,Kizhapuliyur S.O,TN-Tenkasi,TN,Tenkasi,Tamil Nadu,Delivery,Kovilpatti Division,Southern Region Madurai,Tamilnadu Circle
627759,Krishnapuram (TVL) S.O,TN-Tenkasi,TN,Tenkasi,Tamil Nadu,Delivery,Kovilpatti Division,Southern Region Madurai,Tamilnadu Circle
627854,Nettur S.O (Tirunelveli),TN-Tenkasi,TN,Tenkasi,Tamil Nadu,Delivery,Kovilpatti Division,Southern Region Madurai,Tamilnadu Circle
627808,Pavoorchatram S.O,TN-Tenkasi,TN,Tenkasi,Tamil Nadu,Delivery,Kovilpatti Division,Southern Region Madurai,Tamilnadu Circle
627858,SUNDARAPANDIAPURAM,TN-Tenkasi,TN,Tenkasi,Tamil Nadu,Delivery,Kovilpatti Division,Southern Region Madurai,Tamilnadu Circle
625501,Alanganallur SO,TN-Madurai,TN,Madurai,Tamil Nadu,Delivery,Madurai Division,Southern Region Madurai,Tamilnadu Circle
625016,Gnanaolivupuram SO,TN-Madurai,TN,Madurai,Tamil Nadu,Non Delivery,Madurai Division,Southern Region Madurai,Tamilnadu Circle
625221,Thanichiyam SO,TN-Madurai,TN,Madurai,Tamil Nadu,Delivery,Madurai Division,Southern Region Madurai,Tamilnadu Circle
625018,Thathaneri SO,TN-Madurai,TN,Madurai,Tamil Nadu,Delivery,Madurai Division,Southern Region Madurai,Tamilnadu Circle
625003,Alagappa Nagar SO,TN-Madurai,TN,Madurai,Tamil Nadu,Non Delivery,Madurai Division,Southern Region Madurai,Tamilnadu Circle
625011,Jaihindpuram SO,TN-Madurai,TN,Madurai,Tamil Nadu,Non Delivery,Madurai Division,Southern Region Madurai,Tamilnadu Circle
625004,Pasumalai SO,TN-Madurai,TN,Madurai,Tamil Nadu,Delivery,Madurai Division,Southern Region Madurai,Tamilnadu Circle
625022,Postal Training Centre SO,TN-Madurai,TN,Madurai,Tamil Nadu,Delivery,Madurai Division,Southern Region Madurai,Tamilnadu Circle
625005,Thiruparankundram SO,TN-Madurai,TN,Madurai,Tamil Nadu,Delivery,Madurai Division,Southern Region Madurai,Tamilnadu Circle
625706,Tirumangalam SO,TN-Madurai,TN,Madurai,Tamil Nadu,Delivery,Madurai Division,Southern Region Madurai,Tamilnadu Circle
625706,Tirumangalam South SO,TN-Madurai,TN,Madurai,Tamil Nadu,Non Delivery,Madurai Division,Southern Region Madurai,Tamilnadu Circle
625707,Villur SO,TN-Madurai,TN,Madurai,Tamil Nadu,Delivery,Madurai Division,Southern Region Madurai,Tamilnadu Circle
625007,KPudur SO,TN-Madurai,TN,Madurai,Tamil Nadu,Delivery,Madurai Division,Southern Region Madurai,Tamilnadu Circle
625104,Madurai Agricultural College SO,TN-Madurai,TN,Madurai,Tamil Nadu,Delivery,Madurai Division,Southern Region Madurai,Tamilnadu Circle
625020,Madurai Courts SO,TN-Madurai,TN,Madurai,Tamil Nadu,Non Delivery,Madurai Division,Southern Region Madurai,Tamilnadu Circle
625108,Thumbaipatti SO,TN-Madurai,TN,Madurai,Tamil Nadu,Delivery,Madurai Division,Southern Region Madurai,Tamilnadu Circle
623703,Kadaladi SO Ramanathapuram,TN-Ramanathapuram,TN,Ramanathapuram,Tamil Nadu,Delivery,Ramanathapuram Division,Southern Region Madurai,Tamilnadu Circle
623603,Kamudi SO,TN-Ramanathapuram,TN,Ramanathapuram,Tamil Nadu,Delivery,Ramanathapuram Division,Southern Region Madurai,Tamilnadu Circle
623706,Pambur SO,TN-Ramanathapuram,TN,Ramanathapuram,Tamil Nadu,Delivery,Ramanathapuram Division,Southern Region Madurai,Tamilnadu Circle
623708,Peraiyur SO Ramanathapuram,TN-Ramanathapuram,TN,Ramanathapuram,Tamil Nadu,Delivery,Ramanathapuram Division,Southern Region Madurai,Tamilnadu Circle
623115,Perunali SO,TN-Ramanathapuram,TN,Ramanathapuram,Tamil Nadu,Delivery,Ramanathapuram Division,Southern Region Madurai,Tamilnadu Circle
623711,Teriruveli SO,TN-Ramanathapuram,TN,Ramanathapuram,Tamil Nadu,Delivery,Ramanathapuram Division,Southern Region Madurai,Tamilnadu Circle
623517,Kilakarai SO,TN-Ramanathapuram,TN,Ramanathapuram,Tamil Nadu,Delivery,Ramanathapuram Division,Southern Region Madurai,Tamilnadu Circle
623521,Pamban SO,TN-Ramanathapuram,TN,Ramanathapuram,Tamil Nadu,Delivery,Ramanathapuram Division,Southern Region Madurai,Tamilnadu Circle
623528,Sikkal SO Ramanathapuram,TN-Ramanathapuram,TN,Ramanathapuram,Tamil Nadu,Delivery,Ramanathapuram Division,Southern Region Madurai,Tamilnadu Circle
623529,Thangachimadam SO,TN-Ramanathapuram,TN,Ramanathapuram,Tamil Nadu,Delivery,Ramanathapuram Division,Southern Region Madurai,Tamilnadu Circle
623532,Thiruppullani SO,TN-Ramanathapuram,TN,Ramanathapuram,Tamil Nadu,Delivery,Ramanathapuram Division,Southern Region Madurai,Tamilnadu Circle
623407,Tiruvadanai SO,TN-Ramanathapuram,TN,Ramanathapuram,Tamil Nadu,Delivery,Ramanathapuram Division,Southern Region Madurai,Tamilnadu Circle
623409,Tondi SO,TN-Ramanathapuram,TN,Ramanathapuram,Tamil Nadu,Delivery,Ramanathapuram Division,Southern Region Madurai,Tamilnadu Circle
630554,Mangalam SO Sivaganga,TN-Sivaganga,TN,Sivaganga,Tamil Nadu,Delivery,Sivaganga Division,Southern Region Madurai,Tamilnadu Circle
630559,Periakottai SO,TN-Sivaganga,TN,Sivaganga,Tamil Nadu,Delivery,Sivaganga Division,Southern Region Madurai,Tamilnadu Circle
630709,Pudur Ilayangudi SO,TN-Sivaganga,TN,Sivaganga,Tamil Nadu,Delivery,Sivaganga Division,Southern Region Madurai,Tamilnadu Circle
630610,Tiruppachetti SO,TN-Sivaganga,TN,Sivaganga,Tamil Nadu,Delivery,Sivaganga Division,Southern Region Madurai,Tamilnadu Circle
630611,Tiruppuvanam Pudur SO,TN-Sivaganga,TN,Sivaganga,Tamil Nadu,Non Delivery,Sivaganga Division,Southern Region Madurai,Tamilnadu Circle
630203,Kandavarayanpatti SO,TN-Sivaganga,TN,Sivaganga,Tamil Nadu,Delivery,Sivaganga Division,Southern Region Madurai,Tamilnadu Circle
625556,C.Pudupatti S.O,TN-Theni,TN,Theni,Tamil Nadu,Delivery,Theni Division,Southern Region Madurai,Tamilnadu Circle
625516,Cumbum S.O (Theni),TN-Theni,TN,Theni,Tamil Nadu,Delivery,Theni Division,Southern Region Madurai,Tamilnadu Circle
625526,Royappanpatti S.O,TN-Theni,TN,Theni,Tamil Nadu,Delivery,Theni Division,Southern Region Madurai,Tamilnadu Circle
625531,Allinagaram S.O,TN-Theni,TN,Theni,Tamil Nadu,Non Delivery,Theni Division,Southern Region Madurai,Tamilnadu Circle
625531,Palanichettipatti S.O,TN-Theni,TN,Theni,Tamil Nadu,Non Delivery,Theni Division,Southern Region Madurai,Tamilnadu Circle
625527,Sedapatti S.O,TN-Madurai,TN,Madurai,Tamil Nadu,Delivery,Theni Division,Southern Region Madurai,Tamilnadu Circle
625529,Sindhupatti S.O,TN-Madurai,TN,Madurai,Tamil Nadu,Delivery,Theni Division,Southern Region Madurai,Tamilnadu Circle
625603,Vadugapatti S.O,TN-Theni,TN,Theni,Tamil Nadu,Delivery,Theni Division,Southern Region Madurai,Tamilnadu Circle
625534,Veerapandi S.O,TN-Theni,TN,Theni,Tamil Nadu,Delivery,Theni Division,Southern Region Madurai,Tamilnadu Circle
627401,Ambasamudram East SO,TN-Tirunelveli,TN,Tirunelveli,Tamil Nadu,Non Delivery,Tirunelveli Division,Southern Region Madurai,Tamilnadu Circle
627420,Manjolai SO,TN-Tirunelveli,TN,Tirunelveli,Tamil Nadu,Delivery,Tirunelveli Division,Southern Region Madurai,Tamilnadu Circle
627422,Papanasam Mills SO,TN-Tirunelveli,TN,Tirunelveli,Tamil Nadu,Delivery,Tirunelveli Division,Southern Region Madurai,Tamilnadu Circle
627101,Dalapathisamudram SO,TN-Tirunelveli,TN,Tirunelveli,Tamil Nadu,Delivery,Tirunelveli Division,Southern Region Madurai,Tamilnadu Circle
627102,Dohnavur SO,TN-Tirunelveli,TN,Tirunelveli,Tamil Nadu,Delivery,Tirunelveli Division,Southern Region Madurai,Tamilnadu Circle
627103,Eruvadi SO,TN-Tirunelveli,TN,Tirunelveli,Tamil Nadu,Delivery,Tirunelveli Division,Southern Region Madurai,Tamilnadu Circle
627353,Kizhanatham SO,TN-Tirunelveli,TN,Tirunelveli,Tamil Nadu,Delivery,Tirunelveli Division,Southern Region Madurai,Tamilnadu Circle
627107,Mavadi SO,TN-Tirunelveli,TN,Tirunelveli,Tamil Nadu,Delivery,Tirunelveli Division,Southern Region Madurai,Tamilnadu Circle
627108,Nanguneri SO,TN-Tirunelveli,TN,Tirunelveli,Tamil Nadu,Delivery,Tirunelveli Division,Southern Region Madurai,Tamilnadu Circle
627116,Vadakangulam SO,TN-Tirunelveli,TN,Tirunelveli,Tamil Nadu,Delivery,Tirunelveli Division,Southern Region Madurai,Tamilnadu Circle
627008,Gandhinagar SO Tirunelveli,TN-Tirunelveli,TN,Tirunelveli,Tamil Nadu,Delivery,Tirunelveli Division,Southern Region Madurai,Tamilnadu Circle
627352,Gangaikondan SO,TN-Tirunelveli,TN,Tirunelveli,Tamil Nadu,Delivery,Tirunelveli Division,Southern Region Madurai,Tamilnadu Circle
627010,Industrial Colony Pettai SO,TN-Tirunelveli,TN,Tirunelveli,Tamil Nadu,Delivery,Tirunelveli Division,Southern Region Madurai,Tamilnadu Circle
627002,Kulavanickerpuram SO,TN-Tirunelveli,TN,Tirunelveli,Tamil Nadu,Non Delivery,Tirunelveli Division,Southern Region Madurai,Tamilnadu Circle
627006,Tirunelveli Merku SO,TN-Tirunelveli,TN,Tirunelveli,Tamil Nadu,Non Delivery,Tirunelveli Division,Southern Region Madurai,Tamilnadu Circle
627001,Tirunelveli RS SO,TN-Tirunelveli,TN,Tirunelveli,Tamil Nadu,Non Delivery,Tirunelveli Division,Southern Region Madurai,Tamilnadu Circle
628701,Anandapuram S.O (Tuticorin),TN-Tuticorin,TN,Tuticorin,Tamil Nadu,Delivery,Tuticorin Division,Southern Region Madurai,Tamilnadu Circle
628752,Perungulam S.O (Tuticorin),TN-Tuticorin,TN,Tuticorin,Tamil Nadu,Delivery,Tuticorin Division,Southern Region Madurai,Tamilnadu Circle
628704,Satankulam S.O,TN-Tuticorin,TN,Tuticorin,Tamil Nadu,Delivery,Tuticorin Division,Southern Region Madurai,Tamilnadu Circle
628802,Siruthondanallur S.O,TN-Tuticorin,TN,Tuticorin,Tamil Nadu,Delivery,Tuticorin Division,Southern Region Madurai,Tamilnadu Circle
628204,Kayalpatnam S.O,TN-Tuticorin,TN,Tuticorin,Tamil Nadu,Delivery,Tuticorin Division,Southern Region Madurai,Tamilnadu Circle
628208,Manaduthandapathu S.O,TN-Tuticorin,TN,Tuticorin,Tamil Nadu,Delivery,Tuticorin Division,Southern Region Madurai,Tamilnadu Circle
628209,Manapad S.O,TN-Tuticorin,TN,Tuticorin,Tamil Nadu,Delivery,Tuticorin Division,Southern Region Madurai,Tamilnadu Circle
628218,Mannanvilai S.O,TN-Tuticorin,TN,Tuticorin,Tamil Nadu,Delivery,Tuticorin Division,Southern Region Madurai,Tamilnadu Circle
628213,Paramankurichi S.O,TN-Tuticorin,TN,Tuticorin,Tamil Nadu,Delivery,Tuticorin Division,Southern Region Madurai,Tamilnadu Circle
628152,Pazhaiyalkayal S.O,TN-Tuticorin,TN,Tuticorin,Tamil Nadu,Delivery,Tuticorin Division,Southern Region Madurai,Tamilnadu Circle
628851,Ellanaickenpatti S.O,TN-Tuticorin,TN,Tuticorin,Tamil Nadu,Delivery,Tuticorin Division,Southern Region Madurai,Tamilnadu Circle
628101,Korampollam S.O,TN-Tuticorin,TN,Tuticorin,Tamil Nadu,Delivery,Tuticorin Division,Southern Region Madurai,Tamilnadu Circle
628302,Ottanatham S.O,TN-Tuticorin,TN,Tuticorin,Tamil Nadu,Delivery,Tuticorin Division,Southern Region Madurai,Tamilnadu Circle
628104,Sekkarakudi S.O,TN-Tuticorin,TN,Tuticorin,Tamil Nadu,Delivery,Tuticorin Division,Southern Region Madurai,Tamilnadu Circle
628105,Taruvaikulam S.O,TN-Tuticorin,TN,Tuticorin,Tamil Nadu,Delivery,Tuticorin Division,Southern Region Madurai,Tamilnadu Circle
628252,Vallanad S.O,TN-Tuticorin,TN,Tuticorin,Tamil Nadu,Delivery,Tuticorin Division,Southern Region Madurai,Tamilnadu Circle
626101,Aruppukottai East SO,TN-Virudhunagar,TN,Virudhunagar,Tamil Nadu,Non Delivery,Virudhunagar Division,Southern Region Madurai,Tamilnadu Circle
626004,Palavanatham SO,TN-Virudhunagar,TN,Virudhunagar,Tamil Nadu,Delivery,Virudhunagar Division,Southern Region Madurai,Tamilnadu Circle
626161,Athipatti SO,TN-Virudhunagar,TN,Virudhunagar,Tamil Nadu,Delivery,Virudhunagar Division,Southern Region Madurai,Tamilnadu Circle
626188,Dhalavaipuram SO,TN-Virudhunagar,TN,Virudhunagar,Tamil Nadu,Delivery,Virudhunagar Division,Southern Region Madurai,Tamilnadu Circle
626136,Kilarajakularaman SO,TN-Virudhunagar,TN,Virudhunagar,Tamil Nadu,Delivery,Virudhunagar Division,Southern Region Madurai,Tamilnadu Circle
626132,Watrap SO,TN-Virudhunagar,TN,Virudhunagar,Tamil Nadu,Delivery,Virudhunagar Division,Southern Region Madurai,Tamilnadu Circle
626125,Madavarvilagam SO,TN-Virudhunagar,TN,Virudhunagar,Tamil Nadu,Non Delivery,Virudhunagar Division,Southern Region Madurai,Tamilnadu Circle
626123,Sivakasi R S SO,TN-Virudhunagar,TN,Virudhunagar,Tamil Nadu,Non Delivery,Virudhunagar Division,Southern Region Madurai,Tamilnadu Circle
626128,Thayilpatti SO,TN-Virudhunagar,TN,Virudhunagar,Tamil Nadu,Delivery,Virudhunagar Division,Southern Region Madurai,Tamilnadu Circle
626149,Maharajapuram SO,TN-Virudhunagar,TN,Virudhunagar,Tamil Nadu,Delivery,Virudhunagar Division,Southern Region Madurai,Tamilnadu Circle
626204,Ramasamy Raja Nagar SO,TN-Virudhunagar,TN,Virudhunagar,Tamil Nadu,Delivery,Virudhunagar Division,Southern Region Madurai,Tamilnadu Circle
626203,Sattur SO,TN-Virudhunagar,TN,Virudhunagar,Tamil Nadu,Delivery,Virudhunagar Division,Southern Region Madurai,Tamilnadu Circle
608002,Annamalainagar S.O,TN-Cuddalore,TN,Cuddalore,Tamil Nadu,Delivery,Cuddalore Division,Central Region Trichirapalli,Tamilnadu Circle
607807,Block 29 Neyveli S.O,TN-Cuddalore,TN,Cuddalore,Tamil Nadu,Delivery,Cuddalore Division,Central Region Trichirapalli,Tamilnadu Circle
608001,Chidambaram West S.O,TN-Cuddalore,TN,Cuddalore,Tamil Nadu,Non Delivery,Cuddalore Division,Central Region Trichirapalli,Tamilnadu Circle
608302,Komaratchi S.O,TN-Cuddalore,TN,Cuddalore,Tamil Nadu,Delivery,Cuddalore Division,Central Region Trichirapalli,Tamilnadu Circle
608303,Lalpet S.O,TN-Cuddalore,TN,Cuddalore,Tamil Nadu,Delivery,Cuddalore Division,Central Region Trichirapalli,Tamilnadu Circle
607801,Neyveli 1 S.O,TN-Cuddalore,TN,Cuddalore,Tamil Nadu,Delivery,Cuddalore Division,Central Region Trichirapalli,Tamilnadu Circle
607802,Neyveli 2 S.O,TN-Cuddalore,TN,Cuddalore,Tamil Nadu,Delivery,Cuddalore Division,Central Region Trichirapalli,Tamilnadu Circle
607807,Neyveli Thermal Bus Stand S.O,TN-Cuddalore,TN,Cuddalore,Tamil Nadu,Non Delivery,Cuddalore Division,Central Region Trichirapalli,Tamilnadu Circle
608201,Orathur S.O,TN-Cuddalore,TN,Cuddalore,Tamil Nadu,Delivery,Cuddalore Division,Central Region Trichirapalli,Tamilnadu Circle
607805,Perperiyankuppam S.O,TN-Cuddalore,TN,Cuddalore,Tamil Nadu,Delivery,Cuddalore Division,Central Region Trichirapalli,Tamilnadu Circle
608102,C. Mutlur,TN-Cuddalore,TN,Cuddalore,Tamil Nadu,Non Delivery,Cuddalore Division,Central Region Trichirapalli,Tamilnadu Circle
608801,Alapakkam S.O,TN-Cuddalore,TN,Cuddalore,Tamil Nadu,Delivery,Cuddalore Division,Central Region Trichirapalli,Tamilnadu Circle
607302,Kurinjipadi S.O,TN-Cuddalore,TN,Cuddalore,Tamil Nadu,Delivery,Cuddalore Division,Central Region Trichirapalli,Tamilnadu Circle
607001,Manjakkuppam S.O,TN-Cuddalore,TN,Cuddalore,Tamil Nadu,Non Delivery,Cuddalore Division,Central Region Trichirapalli,Tamilnadu Circle
607108,Puthupet (CDL) S.O,TN-Cuddalore,TN,Cuddalore,Tamil Nadu,Delivery,Cuddalore Division,Central Region Trichirapalli,Tamilnadu Circle
607001,Semmandalam S.O,TN-Cuddalore,TN,Cuddalore,Tamil Nadu,Non Delivery,Cuddalore Division,Central Region Trichirapalli,Tamilnadu Circle
607004,Vandipalayam S.O,TN-Cuddalore,TN,Cuddalore,Tamil Nadu,Delivery,Cuddalore Division,Central Region Trichirapalli,Tamilnadu Circle
639201,Aravakurichi S.O,TN-Karur,TN,Karur,Tamil Nadu,Delivery,Karur Division,Central Region Trichirapalli,Tamilnadu Circle
639004,Gandhigramam S.O,TN-Karur,TN,Karur,Tamil Nadu,Non Delivery,Karur Division,Central Region Trichirapalli,Tamilnadu Circle
639001,Karur West S.O,TN-Karur,TN,Karur,Tamil Nadu,Non Delivery,Karur Division,Central Region Trichirapalli,Tamilnadu Circle
639207,Pallapatti Bazaar S.O,TN-Karur,TN,Karur,Tamil Nadu,Delivery,Karur Division,Central Region Trichirapalli,Tamilnadu Circle
639116,Vangal S.O,TN-Karur,TN,Karur,Tamil Nadu,Delivery,Karur Division,Central Region Trichirapalli,Tamilnadu Circle
639006,Vengamedu S.O,TN-Karur,TN,Karur,Tamil Nadu,Delivery,Karur Division,Central Region Trichirapalli,Tamilnadu Circle
639107,Marudur S.O,TN-Karur,TN,Karur,Tamil Nadu,Delivery,Karur Division,Central Region Trichirapalli,Tamilnadu Circle
612101,Aduthurai S.O,TN-Thanjavur,TN,Thanjavur,Tamil Nadu,Delivery,Kumbakonam Division,Central Region Trichirapalli,Tamilnadu Circle
613703,Koradacheri S.O,TN-Thiruvarur,TN,Thiruvarur,Tamil Nadu,Delivery,Kumbakonam Division,Central Region Trichirapalli,Tamilnadu Circle
612001,Kumbakonam City S.O,TN-Thanjavur,TN,Thanjavur,Tamil Nadu,Non Delivery,Kumbakonam Division,Central Region Trichirapalli,Tamilnadu Circle
612602,Natchar Koil S.O,TN-Thanjavur,TN,Thanjavur,Tamil Nadu,Delivery,Kumbakonam Division,Central Region Trichirapalli,Tamilnadu Circle
613705,Sellur S.O (Tiruvarur),TN-Thiruvarur,TN,Thiruvarur,Tamil Nadu,Delivery,Kumbakonam Division,Central Region Trichirapalli,Tamilnadu Circle
612504,Tirupanandal S.O,TN-Thanjavur,TN,Thanjavur,Tamil Nadu,Delivery,Kumbakonam Division,Central Region Trichirapalli,Tamilnadu Circle
612303,Tirupirambiyam S.O,TN-Thanjavur,TN,Thanjavur,Tamil Nadu,Delivery,Kumbakonam Division,Central Region Trichirapalli,Tamilnadu Circle
609803,Tiruvavaduthurai S.O,TN-Mayiladuthurai,TN,Mayiladuthurai,Tamil Nadu,Delivery,Kumbakonam Division,Central Region Trichirapalli,Tamilnadu Circle
609303,Ayappadi S.O,TN-Mayiladuthurai,TN,Mayiladuthurai,Tamil Nadu,Delivery,Mayiladuthurai Division,Central Region Trichirapalli,Tamilnadu Circle
609401,Elandangudi S.O,TN-Mayiladuthurai,TN,Mayiladuthurai,Tamil Nadu,Delivery,Mayiladuthurai Division,Central Region Trichirapalli,Tamilnadu Circle
609402,Kiliyanur S.O (Nagapattinam),TN-Mayiladuthurai,TN,Mayiladuthurai,Tamil Nadu,Delivery,Mayiladuthurai Division,Central Region Trichirapalli,Tamilnadu Circle
609403,Kollumangudi S.O,TN-Thiruvarur,TN,Thiruvarur,Tamil Nadu,Delivery,Mayiladuthurai Division,Central Region Trichirapalli,Tamilnadu Circle
609305,Mannampandal S.O,TN-Mayiladuthurai,TN,Mayiladuthurai,Tamil Nadu,Delivery,Mayiladuthurai Division,Central Region Trichirapalli,Tamilnadu Circle
609001,Mayiladuthurai Cutchery S.O,TN-Mayiladuthurai,TN,Mayiladuthurai,Tamil Nadu,Non Delivery,Mayiladuthurai Division,Central Region Trichirapalli,Tamilnadu Circle
609003,Mayiladuthurai R.S S.O,TN-Mayiladuthurai,TN,Mayiladuthurai,Tamil Nadu,Delivery,Mayiladuthurai Division,Central Region Trichirapalli,Tamilnadu Circle
609001,Mayiladuthurai South S.O,TN-Mayiladuthurai,TN,Mayiladuthurai,Tamil Nadu,Non Delivery,Mayiladuthurai Division,Central Region Trichirapalli,Tamilnadu Circle
609313,Tarangambadi S.O,TN-Mayiladuthurai,TN,Mayiladuthurai,Tamil Nadu,Delivery,Mayiladuthurai Division,Central Region Trichirapalli,Tamilnadu Circle
609310,Tillaiyadi S.O,TN-Mayiladuthurai,TN,Mayiladuthurai,Tamil Nadu,Delivery,Mayiladuthurai Division,Central Region Trichirapalli,Tamilnadu Circle
609114,Tiruvengadu S.O,TN-Mayiladuthurai,TN,Mayiladuthurai,Tamil Nadu,Delivery,Mayiladuthurai Division,Central Region Trichirapalli,Tamilnadu Circle
611106,Manjakollai S.O,TN-Nagapattinam,TN,Nagapattinam,Tamil Nadu,Delivery,Nagapattinam Division,Central Region Trichirapalli,Tamilnadu Circle
609702,Tirumarugal S.O,TN-Nagapattinam,TN,Nagapattinam,Tamil Nadu,Delivery,Nagapattinam Division,Central Region Trichirapalli,Tamilnadu Circle
609607,Tirunallar S.O,PY-Karaikal,PY,Karaikal,Puducherry,Delivery,Nagapattinam Division,Central Region Trichirapalli,Tamilnadu Circle
609701,Enangudi S.O,TN-Nagapattinam,TN,Nagapattinam,Tamil Nadu,Delivery,Nagapattinam Division,Central Region Trichirapalli,Tamilnadu Circle
610003,Kidarankondan S.O,TN-Thiruvarur,TN,Thiruvarur,Tamil Nadu,Delivery,Nagapattinam Division,Central Region Trichirapalli,Tamilnadu Circle
610004,Tiruvarur Collectorate S.O,TN-Thiruvarur,TN,Thiruvarur,Tamil Nadu,Delivery,Nagapattinam Division,Central Region Trichirapalli,Tamilnadu Circle
610207,Valivalam S.O,TN-Nagapattinam,TN,Nagapattinam,Tamil Nadu,Delivery,Nagapattinam Division,Central Region Trichirapalli,Tamilnadu Circle
614615,Aladikkumulai S.O,TN-Thanjavur,TN,Thanjavur,Tamil Nadu,Delivery,Pattukottai Division,Central Region Trichirapalli,Tamilnadu Circle
614901,Alathur S.O,TN-Thanjavur,TN,Thanjavur,Tamil Nadu,Delivery,Pattukottai Division,Central Region Trichirapalli,Tamilnadu Circle
614623,Avanam S.O,TN-Thanjavur,TN,Thanjavur,Tamil Nadu,Delivery,Pattukottai Division,Central Region Trichirapalli,Tamilnadu Circle
614902,Kottaitheru S.O,TN-Thanjavur,TN,Thanjavur,Tamil Nadu,Delivery,Pattukottai Division,Central Region Trichirapalli,Tamilnadu Circle
614602,Srinivasapuram S.O (Thanjavur),TN-Thanjavur,TN,Thanjavur,Tamil Nadu,Non Delivery,Pattukottai Division,Central Region Trichirapalli,Tamilnadu Circle
614806,Kariyapattinam S.O,TN-Nagapattinam,TN,Nagapattinam,Tamil Nadu,Delivery,Pattukottai Division,Central Region Trichirapalli,Tamilnadu Circle
614807,Kodiakkarai S.O,TN-Nagapattinam,TN,Nagapattinam,Tamil Nadu,Delivery,Pattukottai Division,Central Region Trichirapalli,Tamilnadu Circle
614617,Ammapattinam S.O,TN-Pudukkottai,TN,Pudukkottai,Tamil Nadu,Delivery,Pudukkottai Division,Central Region Trichirapalli,Tamilnadu Circle
622001,Bhuvaneswarinagar S.O,TN-Pudukkottai,TN,Pudukkottai,Tamil Nadu,Non Delivery,Pudukkottai Division,Central Region Trichirapalli,Tamilnadu Circle
613301,Ghandarvakottai S.O,TN-Pudukkottai,TN,Pudukkottai,Tamil Nadu,Delivery,Pudukkottai Division,Central Region Trichirapalli,Tamilnadu Circle
622503,Konapet S.O,TN-Pudukkottai,TN,Pudukkottai,Tamil Nadu,Delivery,Pudukkottai Division,Central Region Trichirapalli,Tamilnadu Circle
614619,Kottaipattinam S.O,TN-Pudukkottai,TN,Pudukkottai,Tamil Nadu,Delivery,Pudukkottai Division,Central Region Trichirapalli,Tamilnadu Circle
622103,Muckanamalaipatti S.O,TN-Pudukkottai,TN,Pudukkottai,Tamil Nadu,Delivery,Pudukkottai Division,Central Region Trichirapalli,Tamilnadu Circle
622203,Perungalur S.O,TN-Pudukkottai,TN,Pudukkottai,Tamil Nadu,Delivery,Pudukkottai Division,Central Region Trichirapalli,Tamilnadu Circle
622001,Pudukkottai East S.O,TN-Pudukkottai,TN,Pudukkottai,Tamil Nadu,Non Delivery,Pudukkottai Division,Central Region Trichirapalli,Tamilnadu Circle
622407,Pudupatti S.O (Pudukkottai),TN-Pudukkottai,TN,Pudukkottai,Tamil Nadu,Non Delivery,Pudukkottai Division,Central Region Trichirapalli,Tamilnadu Circle
622003,Rajagopalapuram S.O,TN-Pudukkottai,TN,Pudukkottai,Tamil Nadu,Delivery,Pudukkottai Division,Central Region Trichirapalli,Tamilnadu Circle
622409,Rangiem S.O,TN-Pudukkottai,TN,Pudukkottai,Tamil Nadu,Delivery,Pudukkottai Division,Central Region Trichirapalli,Tamilnadu Circle
614622,Silattur S.O,TN-Pudukkottai,TN,Pudukkottai,Tamil Nadu,Delivery,Pudukkottai Division,Central Region Trichirapalli,Tamilnadu Circle
622104,Vayalogam S.O,TN-Pudukkottai,TN,Pudukkottai,Tamil Nadu,Delivery,Pudukkottai Division,Central Region Trichirapalli,Tamilnadu Circle
622412,Virachilai S.O,TN-Pudukkottai,TN,Pudukkottai,Tamil Nadu,Delivery,Pudukkottai Division,Central Region Trichirapalli,Tamilnadu Circle
621101,Ammapalayam S.O,TN-Perambalur,TN,Perambalur,Tamil Nadu,Delivery,Srirangam Division,Central Region Trichirapalli,Tamilnadu Circle
621106,Kolakkanatham S.O,TN-Perambalur,TN,Perambalur,Tamil Nadu,Delivery,Srirangam Division,Central Region Trichirapalli,Tamilnadu Circle
621108,Labbaikudikadu S.O,TN-Perambalur,TN,Perambalur,Tamil Nadu,Delivery,Srirangam Division,Central Region Trichirapalli,Tamilnadu Circle
621117,V.Kalathur S.O,TN-Perambalur,TN,Perambalur,Tamil Nadu,Delivery,Srirangam Division,Central Region Trichirapalli,Tamilnadu Circle
620006,Ammamandapam S.O,TN-Tiruchirappalli,TN,Tiruchirappalli,Tamil Nadu,Non Delivery,Srirangam Division,Central Region Trichirapalli,Tamilnadu Circle
621202,Ayyampalayam S.O,TN-Tiruchirappalli,TN,Tiruchirappalli,Tamil Nadu,Delivery,Srirangam Division,Central Region Trichirapalli,Tamilnadu Circle
620005,EVR Nagar S.O,TN-Tiruchirappalli,TN,Tiruchirappalli,Tamil Nadu,Non Delivery,Srirangam Division,Central Region Trichirapalli,Tamilnadu Circle
621208,Kolakkudi S.O,TN-Tiruchirappalli,TN,Tiruchirappalli,Tamil Nadu,Delivery,Srirangam Division,Central Region Trichirapalli,Tamilnadu Circle
621005,Manachanalloor S.O,TN-Tiruchirappalli,TN,Tiruchirappalli,Tamil Nadu,Delivery,Srirangam Division,Central Region Trichirapalli,Tamilnadu Circle
621009,Tiruvellerai S.O,TN-Tiruchirappalli,TN,Tiruchirappalli,Tamil Nadu,Delivery,Srirangam Division,Central Region Trichirapalli,Tamilnadu Circle
621205,Jambunathapuram S.O,TN-Tiruchirappalli,TN,Tiruchirappalli,Tamil Nadu,Delivery,Srirangam Division,Central Region Trichirapalli,Tamilnadu Circle
621002,Kirambur S.O,TN-Tiruchirappalli,TN,Tiruchirappalli,Tamil Nadu,Delivery,Srirangam Division,Central Region Trichirapalli,Tamilnadu Circle
621004,Kottathur S.O,TN-Tiruchirappalli,TN,Tiruchirappalli,Tamil Nadu,Delivery,Srirangam Division,Central Region Trichirapalli,Tamilnadu Circle
621210,Mettupalayam S.O,TN-Tiruchirappalli,TN,Tiruchirappalli,Tamil Nadu,Delivery,Srirangam Division,Central Region Trichirapalli,Tamilnadu Circle
621118,Nakkasalem S.O,TN-Perambalur,TN,Perambalur,Tamil Nadu,Delivery,Srirangam Division,Central Region Trichirapalli,Tamilnadu Circle
621014,Pagalavadi S.O,TN-Tiruchirappalli,TN,Tiruchirappalli,Tamil Nadu,Delivery,Srirangam Division,Central Region Trichirapalli,Tamilnadu Circle
621214,Thathiengarpet S.O,TN-Tiruchirappalli,TN,Tiruchirappalli,Tamil Nadu,Delivery,Srirangam Division,Central Region Trichirapalli,Tamilnadu Circle
621010,Turaiyur Extension S.O,TN-Tiruchirappalli,TN,Tiruchirappalli,Tamil Nadu,Non Delivery,Srirangam Division,Central Region Trichirapalli,Tamilnadu Circle
614001,Haridranathi S.O,TN-Thiruvarur,TN,Thiruvarur,Tamil Nadu,Non Delivery,Thanjavur Division,Central Region Trichirapalli,Tamilnadu Circle
614102,Lakshmangudi S.O,TN-Thiruvarur,TN,Thiruvarur,Tamil Nadu,Delivery,Thanjavur Division,Central Region Trichirapalli,Tamilnadu Circle
614401,Ammapet S.O,TN-Thanjavur,TN,Thanjavur,Tamil Nadu,Delivery,Thanjavur Division,Central Region Trichirapalli,Tamilnadu Circle
614203,Kabistalam S.O,TN-Thanjavur,TN,Thanjavur,Tamil Nadu,Delivery,Thanjavur Division,Central Region Trichirapalli,Tamilnadu Circle
614402,Kokkeri S.O,TN-Thanjavur,TN,Thanjavur,Tamil Nadu,Delivery,Thanjavur Division,Central Region Trichirapalli,Tamilnadu Circle
614403,Kovilvenni S.O,TN-Thiruvarur,TN,Thiruvarur,Tamil Nadu,Delivery,Thanjavur Division,Central Region Trichirapalli,Tamilnadu Circle
614204,Pandaravadai S.O,TN-Thanjavur,TN,Thanjavur,Tamil Nadu,Delivery,Thanjavur Division,Central Region Trichirapalli,Tamilnadu Circle
614205,Papanasam Bazaar S.O,TN-Thanjavur,TN,Thanjavur,Tamil Nadu,Non Delivery,Thanjavur Division,Central Region Trichirapalli,Tamilnadu Circle
614210,Valoothoor S.O,TN-Thanjavur,TN,Thanjavur,Tamil Nadu,Delivery,Thanjavur Division,Central Region Trichirapalli,Tamilnadu Circle
613001,Irudayapuram S.O,TN-Thanjavur,TN,Thanjavur,Tamil Nadu,Non Delivery,Thanjavur Division,Central Region Trichirapalli,Tamilnadu Circle
613002,Karuntattankudi S.O,TN-Thanjavur,TN,Thanjavur,Tamil Nadu,Delivery,Thanjavur Division,Central Region Trichirapalli,Tamilnadu Circle
613105,Poondi TPL S.O,TN-Thanjavur,TN,Thanjavur,Tamil Nadu,Delivery,Thanjavur Division,Central Region Trichirapalli,Tamilnadu Circle
613503,Sri Pushpam College S.O,TN-Thanjavur,TN,Thanjavur,Tamil Nadu,Delivery,Thanjavur Division,Central Region Trichirapalli,Tamilnadu Circle
613001,Thanjavur Bazaar S.O,TN-Thanjavur,TN,Thanjavur,Tamil Nadu,Non Delivery,Thanjavur Division,Central Region Trichirapalli,Tamilnadu Circle
613008,Thanjavur North Gate S.O,TN-Thanjavur,TN,Thanjavur,Tamil Nadu,Delivery,Thanjavur Division,Central Region Trichirapalli,Tamilnadu Circle
613403,Vallam East S.O,TN-Thanjavur,TN,Thanjavur,Tamil Nadu,Non Delivery,Thanjavur Division,Central Region Trichirapalli,Tamilnadu Circle
613003,Vennar Bank S.O,TN-Thanjavur,TN,Thanjavur,Tamil Nadu,Delivery,Thanjavur Division,Central Region Trichirapalli,Tamilnadu Circle
613007,Voc Nagar S.O,TN-Thanjavur,TN,Thanjavur,Tamil Nadu,Delivery,Thanjavur Division,Central Region Trichirapalli,Tamilnadu Circle
621802,Jayamkondacholapuram SO,TN-Ariyalur,TN,Ariyalur,Tamil Nadu,Delivery,Tiruchirapalli Division,Central Region Trichirapalli,Tamilnadu Circle
621802,JC Puram West SO,TN-Ariyalur,TN,Ariyalur,Tamil Nadu,Non Delivery,Tiruchirapalli Division,Central Region Trichirapalli,Tamilnadu Circle
621705,Kallankurichi SO,TN-Ariyalur,TN,Ariyalur,Tamil Nadu,Delivery,Tiruchirapalli Division,Central Region Trichirapalli,Tamilnadu Circle
621706,Kattur Puvalur SO,TN-Tiruchirappalli,TN,Tiruchirappalli,Tamil Nadu,Delivery,Tiruchirapalli Division,Central Region Trichirapalli,Tamilnadu Circle
621707,Kilapaluvur SO,TN-Ariyalur,TN,Ariyalur,Tamil Nadu,Delivery,Tiruchirapalli Division,Central Region Trichirapalli,Tamilnadu Circle
621713,Rajajinagar SO Ariyalur,TN-Ariyalur,TN,Ariyalur,Tamil Nadu,Delivery,Tiruchirapalli Division,Central Region Trichirapalli,Tamilnadu Circle
612904,Thathampettai Palur SO,TN-Ariyalur,TN,Ariyalur,Tamil Nadu,Delivery,Tiruchirapalli Division,Central Region Trichirapalli,Tamilnadu Circle
621851,Thirumazhapadi SO,TN-Ariyalur,TN,Ariyalur,Tamil Nadu,Delivery,Tiruchirapalli Division,Central Region Trichirapalli,Tamilnadu Circle
621804,Udayarpalayam SO Ariyalur,TN-Ariyalur,TN,Ariyalur,Tamil Nadu,Delivery,Tiruchirapalli Division,Central Region Trichirapalli,Tamilnadu Circle
612906,Melanikuzhi SO,KL-Kozhikode,KL,Kozhikode,Kerala,Delivery,Tiruchirapalli Division,Central Region Trichirapalli,Tamilnadu Circle
620014,Administrative OfficeBHEL SO,TN-Tiruchirappalli,TN,Tiruchirappalli,Tamil Nadu,Non Delivery,Tiruchirapalli Division,Central Region Trichirapalli,Tamilnadu Circle
620012,Edamalaipatti Pudur SO,TN-Tiruchirappalli,TN,Tiruchirappalli,Tamil Nadu,Delivery,Tiruchirapalli Division,Central Region Trichirapalli,Tamilnadu Circle
620023,Khajanagar SO,TN-Tiruchirappalli,TN,Tiruchirappalli,Tamil Nadu,Delivery,Tiruchirapalli Division,Central Region Trichirapalli,Tamilnadu Circle
620016,Ordnance Estate  TR SO,TN-Tiruchirappalli,TN,Tiruchirappalli,Tamil Nadu,Delivery,Tiruchirapalli Division,Central Region Trichirapalli,Tamilnadu Circle
620001,Ponniah School Buildings SO,TN-Tiruchirappalli,TN,Tiruchirappalli,Tamil Nadu,Non Delivery,Tiruchirapalli Division,Central Region Trichirapalli,Tamilnadu Circle
620009,Ramjeenagar SO,TN-Tiruchirappalli,TN,Tiruchirappalli,Tamil Nadu,Delivery,Tiruchirapalli Division,Central Region Trichirapalli,Tamilnadu Circle
620004,Senthanneerpuram SO,TN-Tiruchirappalli,TN,Tiruchirappalli,Tamil Nadu,Non Delivery,Tiruchirapalli Division,Central Region Trichirapalli,Tamilnadu Circle
620020,Subramaniapuram SO Tiruchirappalli,TN-Tiruchirappalli,TN,Tiruchirappalli,Tamil Nadu,Non Delivery,Tiruchirapalli Division,Central Region Trichirapalli,Tamilnadu Circle
606301,Nainarpalayam S.O,TN-Kallakurichi,TN,Kallakurichi,Tamil Nadu,Delivery,Vriddhachalam Division,Central Region Trichirapalli,Tamilnadu Circle
606401,Sankarapuram (Villupuram) S.O,TN-Kallakurichi,TN,Kallakurichi,Tamil Nadu,Delivery,Vriddhachalam Division,Central Region Trichirapalli,Tamilnadu Circle
606206,Tiyagadrug S.O,TN-Kallakurichi,TN,Kallakurichi,Tamil Nadu,Delivery,Vriddhachalam Division,Central Region Trichirapalli,Tamilnadu Circle
606207,Vadakkanandal S.O,TN-Kallakurichi,TN,Kallakurichi,Tamil Nadu,Delivery,Vriddhachalam Division,Central Region Trichirapalli,Tamilnadu Circle
605751,Ariyur S.O (Villupuram),TN-Kallakurichi,TN,Kallakurichi,Tamil Nadu,Delivery,Vriddhachalam Division,Central Region Trichirapalli,Tamilnadu Circle
607107,Perangiyur S.O,TN-Villupuram,TN,Villupuram,Tamil Nadu,Delivery,Vriddhachalam Division,Central Region Trichirapalli,Tamilnadu Circle
605756,Thapovanam S.O,TN-Villupuram,TN,Villupuram,Tamil Nadu,Delivery,Vriddhachalam Division,Central Region Trichirapalli,Tamilnadu Circle
607203,Tiruvennainallur S.O,TN-Villupuram,TN,Villupuram,Tamil Nadu,Delivery,Vriddhachalam Division,Central Region Trichirapalli,Tamilnadu Circle
605758,Virapandi S.O,TN-Villupuram,TN,Villupuram,Tamil Nadu,Delivery,Vriddhachalam Division,Central Region Trichirapalli,Tamilnadu Circle
606106,Tittagudi S.O,TN-Cuddalore,TN,Cuddalore,Tamil Nadu,Delivery,Vriddhachalam Division,Central Region Trichirapalli,Tamilnadu Circle
606001,Vriddhachalam Bazaar S.O,TN-Cuddalore,TN,Cuddalore,Tamil Nadu,Non Delivery,Vriddhachalam Division,Central Region Trichirapalli,Tamilnadu Circle
283202,Etmadpur,UP-Agra,UP,Agra,Uttar Pradesh,Delivery,Agra Division,Agra Region,Uttar Pradesh Circle
283111,Fatehabad Bazar,UP-Agra,UP,Agra,Uttar Pradesh,Non Delivery,Agra Division,Agra Region,Uttar Pradesh Circle
282006,Foundary Nagar,UP-Agra,UP,Agra,Uttar Pradesh,Non Delivery,Agra Division,Agra Region,Uttar Pradesh Circle
282005,KH SANSTHAN SO,UP-Agra,UP,Agra,Uttar Pradesh,Non Delivery,Agra Division,Agra Region,Uttar Pradesh Circle
282005,NEW AGRA,UP-Agra,UP,Agra,Uttar Pradesh,Non Delivery,Agra Division,Agra Region,Uttar Pradesh Circle
283123,PINAHAT,UP-Agra,UP,Agra,Uttar Pradesh,Delivery,Agra Division,Agra Region,Uttar Pradesh Circle
282007,SIKANDRA SO,UP-Agra,UP,Agra,Uttar Pradesh,Delivery,Agra Division,Agra Region,Uttar Pradesh Circle
283105,BV Bichpuri SO,UP-Agra,UP,Agra,Uttar Pradesh,Delivery,Agra Division,Agra Region,Uttar Pradesh Circle
282009,COD SO,UP-Agra,UP,Agra,Uttar Pradesh,Delivery,Agra Division,Agra Region,Uttar Pradesh Circle
283115,JAGNER SO,UP-Agra,UP,Agra,Uttar Pradesh,Delivery,Agra Division,Agra Region,Uttar Pradesh Circle
282002,LOHAMANDI SO,UP-Agra,UP,Agra,Uttar Pradesh,Non Delivery,Agra Division,Agra Region,Uttar Pradesh Circle
282002,RBS COLLEGE SO,UP-Agra,UP,Agra,Uttar Pradesh,Non Delivery,Agra Division,Agra Region,Uttar Pradesh Circle
282001,RAKABGANJ SO,UP-Agra,UP,Agra,Uttar Pradesh,Non Delivery,Agra Division,Agra Region,Uttar Pradesh Circle
283124,SAIYAN  SO,UP-Agra,UP,Agra,Uttar Pradesh,Delivery,Agra Division,Agra Region,Uttar Pradesh Circle
282002,TP NAGAR SO,UP-Agra,UP,Agra,Uttar Pradesh,Non Delivery,Agra Division,Agra Region,Uttar Pradesh Circle
282001,TAJGANJ SO,UP-Agra,UP,Agra,Uttar Pradesh,Non Delivery,Agra Division,Agra Region,Uttar Pradesh Circle
282001,15 Bn PAC,UP-Agra,UP,Agra,Uttar Pradesh,Non Delivery,Agra Division,Agra Region,Uttar Pradesh Circle
202121,Akrabad S.O,UP-Aligarh,UP,Aligarh,Uttar Pradesh,Delivery,Aligarh Division,Agra Region,Uttar Pradesh Circle
202001,Bannadevi S.O,UP-Aligarh,UP,Aligarh,Uttar Pradesh,Non Delivery,Aligarh Division,Agra Region,Uttar Pradesh Circle
202170,Bijaigarh S.O,UP-Aligarh,UP,Aligarh,Uttar Pradesh,Delivery,Aligarh Division,Agra Region,Uttar Pradesh Circle
202133,Dadon SO,UP-Aligarh,UP,Aligarh,Uttar Pradesh,Delivery,Aligarh Division,Agra Region,Uttar Pradesh Circle
202001,Delhi Gate SO Aligarh,UP-Aligarh,UP,Aligarh,Uttar Pradesh,Non Delivery,Aligarh Division,Agra Region,Uttar Pradesh Circle
202001,Dodhpur SO,UP-Aligarh,UP,Aligarh,Uttar Pradesh,Non Delivery,Aligarh Division,Agra Region,Uttar Pradesh Circle
202136,Gabhana SO,UP-Aligarh,UP,Aligarh,Uttar Pradesh,Delivery,Aligarh Division,Agra Region,Uttar Pradesh Circle
202123,Gonda SO,UP-Aligarh,UP,Aligarh,Uttar Pradesh,Delivery,Aligarh Division,Agra Region,Uttar Pradesh Circle
204212,Hasayan SO,UP-Hathras,UP,Hathras,Uttar Pradesh,Delivery,Aligarh Division,Agra Region,Uttar Pradesh Circle
204101,Hathras City SO,UP-Hathras,UP,Hathras,Uttar Pradesh,Non Delivery,Aligarh Division,Agra Region,Uttar Pradesh Circle
204101,I A Hathras SO,UP-Hathras,UP,Hathras,Uttar Pradesh,Non Delivery,Aligarh Division,Agra Region,Uttar Pradesh Circle
202124,Iglas SO,UP-Aligarh,UP,Aligarh,Uttar Pradesh,Delivery,Aligarh Division,Agra Region,Uttar Pradesh Circle
202281,J D Singh SO,UP-Aligarh,UP,Aligarh,Uttar Pradesh,Delivery,Aligarh Division,Agra Region,Uttar Pradesh Circle
202139,K G W Sasni SO,UP-Hathras,UP,Hathras,Uttar Pradesh,Delivery,Aligarh Division,Agra Region,Uttar Pradesh Circle
202001,Mahavir Ganj SO,UP-Aligarh,UP,Aligarh,Uttar Pradesh,Non Delivery,Aligarh Division,Agra Region,Uttar Pradesh Circle
202282,Malviya Nagar SO Aligarh,UP-Aligarh,UP,Aligarh,Uttar Pradesh,Delivery,Aligarh Division,Agra Region,Uttar Pradesh Circle
202146,Mangalayatan University SO,UP-Aligarh,UP,Aligarh,Uttar Pradesh,Delivery,Aligarh Division,Agra Region,Uttar Pradesh Circle
202001,Ramghat Road SO,UP-Aligarh,UP,Aligarh,Uttar Pradesh,Non Delivery,Aligarh Division,Agra Region,Uttar Pradesh Circle
202001,Subhash Road SO Aligarh,UP-Aligarh,UP,Aligarh,Uttar Pradesh,Non Delivery,Aligarh Division,Agra Region,Uttar Pradesh Circle
203002,AgSchool SO,UP-Bulandshahr,UP,Bulandshahr,Uttar Pradesh,Delivery,Bulandshahar Division,Agra Region,Uttar Pradesh Circle
203001,Deputy  Ganj  Bulandshahr SO,UP-Bulandshahr,UP,Bulandshahr,Uttar Pradesh,Non Delivery,Bulandshahar Division,Agra Region,Uttar Pradesh Circle
203394,Jahangirabad Mandi SO,UP-Bulandshahr,UP,Bulandshahr,Uttar Pradesh,Non Delivery,Bulandshahar Division,Agra Region,Uttar Pradesh Circle
203407,Lakhaoti SO,UP-Bulandshahr,UP,Bulandshahr,Uttar Pradesh,Delivery,Bulandshahar Division,Agra Region,Uttar Pradesh Circle
203129,Karora SO,UP-Bulandshahr,UP,Bulandshahr,Uttar Pradesh,Delivery,Bulandshahar Division,Agra Region,Uttar Pradesh Circle
203132,Khurja  Jn  RS SO,UP-Bulandshahr,UP,Bulandshahr,Uttar Pradesh,Delivery,Bulandshahar Division,Agra Region,Uttar Pradesh Circle
203396,Pahasu SO,UP-Bulandshahr,UP,Bulandshahr,Uttar Pradesh,Delivery,Bulandshahar Division,Agra Region,Uttar Pradesh Circle
203155,Thora SO,UP-Gautam Buddha Nagar,UP,Gautam Buddha Nagar,Uttar Pradesh,Delivery,Gautam Buddha Nagar Division office,Lucknow  HQ Region,Uttar Pradesh Circle
207247,Aliganj SO Etah,UP-Etah,UP,Etah,Uttar Pradesh,Delivery,Etah Division,Agra Region,Uttar Pradesh Circle
207241,Amanpur SO,UP-Etah,UP,Etah,Uttar Pradesh,Delivery,Etah Division,Agra Region,Uttar Pradesh Circle
207302,Jalesar SO,UP-Etah,UP,Etah,Uttar Pradesh,Delivery,Etah Division,Agra Region,Uttar Pradesh Circle
207123,Kasganj RS SO,UP-Kasganj,UP,Kasganj,Uttar Pradesh,Non Delivery,Etah Division,Agra Region,Uttar Pradesh Circle
207121,Sakeet SO,UP-Etah,UP,Etah,Uttar Pradesh,Delivery,Etah Division,Agra Region,Uttar Pradesh Circle
206252,Airwa Katra SO,UP-Auraiya,UP,Auraiya,Uttar Pradesh,Delivery,Etawah Division,Agra Region,Uttar Pradesh Circle
206244,Dibiapur SO,UP-Auraiya,UP,Auraiya,Uttar Pradesh,Delivery,Etawah Division,Agra Region,Uttar Pradesh Circle
206250,Harchandpur SO Auraiya,UP-Auraiya,UP,Auraiya,Uttar Pradesh,Delivery,Etawah Division,Agra Region,Uttar Pradesh Circle
206246,Kanchausi Bazar SO,UP-Auraiya,UP,Auraiya,Uttar Pradesh,Delivery,Etawah Division,Agra Region,Uttar Pradesh Circle
206255,Malhosi SO,UP-Auraiya,UP,Auraiya,Uttar Pradesh,Delivery,Etawah Division,Agra Region,Uttar Pradesh Circle
206241,Nevilganj SO,UP-Auraiya,UP,Auraiya,Uttar Pradesh,Non Delivery,Etawah Division,Agra Region,Uttar Pradesh Circle
206001,Ashok Nagar SO Etawah,UP-Etawah,UP,Etawah,Uttar Pradesh,Non Delivery,Etawah Division,Agra Region,Uttar Pradesh Circle
206124,Bakewar SO,UP-Etawah,UP,Etawah,Uttar Pradesh,Delivery,Etawah Division,Agra Region,Uttar Pradesh Circle
206123,Baralokpur SO,UP-Etawah,UP,Etawah,Uttar Pradesh,Delivery,Etawah Division,Agra Region,Uttar Pradesh Circle
206001,Satyawadi Etawah SO,UP-Etawah,UP,Etawah,Uttar Pradesh,Non Delivery,Etawah Division,Agra Region,Uttar Pradesh Circle
284401,Babina Town SO,UP-Jhansi,UP,Jhansi,Uttar Pradesh,Non Delivery,Jhansi Division,Agra Region,Uttar Pradesh Circle
284121,Baragaon SO Jhansi,UP-Jhansi,UP,Jhansi,Uttar Pradesh,Delivery,Jhansi Division,Agra Region,Uttar Pradesh Circle
284128,Mlb Medical College SO,UP-Jhansi,UP,Jhansi,Uttar Pradesh,Delivery,Jhansi Division,Agra Region,Uttar Pradesh Circle
284419,Raksa SO,UP-Jhansi,UP,Jhansi,Uttar Pradesh,Delivery,Jhansi Division,Agra Region,Uttar Pradesh Circle
284205,Ranipur SO Jhansi,UP-Jhansi,UP,Jhansi,Uttar Pradesh,Delivery,Jhansi Division,Agra Region,Uttar Pradesh Circle
284402,Banpur SO Lalitpur,UP-Lalitpur,UP,Lalitpur,Uttar Pradesh,Delivery,Jhansi Division,Agra Region,Uttar Pradesh Circle
284122,Bansi SO Lalitpur,UP-Lalitpur,UP,Lalitpur,Uttar Pradesh,Delivery,Jhansi Division,Agra Region,Uttar Pradesh Circle
284403,Katra Bazar Lalitpur SO,UP-Lalitpur,UP,Lalitpur,Uttar Pradesh,Non Delivery,Jhansi Division,Agra Region,Uttar Pradesh Circle
285122,Dakore SO,UP-Jalaun,UP,Jalaun,Uttar Pradesh,Delivery,Jhansi Division,Agra Region,Uttar Pradesh Circle
285123,Jalaun SO,UP-Jalaun,UP,Jalaun,Uttar Pradesh,Delivery,Jhansi Division,Agra Region,Uttar Pradesh Circle
285205,Konch Bazariya SO,UP-Jalaun,UP,Jalaun,Uttar Pradesh,Non Delivery,Jhansi Division,Agra Region,Uttar Pradesh Circle
285127,Rampura SO Jalaun,UP-Jalaun,UP,Jalaun,Uttar Pradesh,Delivery,Jhansi Division,Agra Region,Uttar Pradesh Circle
285129,Umri SO Jalaun,UP-Jalaun,UP,Jalaun,Uttar Pradesh,Delivery,Jhansi Division,Agra Region,Uttar Pradesh Circle
283136,Jasrana SO,UP-Firozabad,UP,Firozabad,Uttar Pradesh,Delivery,Mainpuri Division,Agra Region,Uttar Pradesh Circle
283145,Makkhanpur SO,UP-Firozabad,UP,Firozabad,Uttar Pradesh,Delivery,Mainpuri Division,Agra Region,Uttar Pradesh Circle
283103,Oef  Firozabad SO,UP-Firozabad,UP,Firozabad,Uttar Pradesh,Delivery,Mainpuri Division,Agra Region,Uttar Pradesh Circle
283207,Phariha SO,UP-Firozabad,UP,Firozabad,Uttar Pradesh,Delivery,Mainpuri Division,Agra Region,Uttar Pradesh Circle
283141,Shikohabad RS SO,UP-Firozabad,UP,Firozabad,Uttar Pradesh,Delivery,Mainpuri Division,Agra Region,Uttar Pradesh Circle
283204,Tundla SO,UP-Firozabad,UP,Firozabad,Uttar Pradesh,Delivery,Mainpuri Division,Agra Region,Uttar Pradesh Circle
205247,Ajitganj SO,UP-Mainpuri,UP,Mainpuri,Uttar Pradesh,Delivery,Mainpuri Division,Agra Region,Uttar Pradesh Circle
205001,Awadh Nagar SO,UP-Mainpuri,UP,Mainpuri,Uttar Pradesh,Non Delivery,Mainpuri Division,Agra Region,Uttar Pradesh Circle
205263,Jeonti SO,UP-Mainpuri,UP,Mainpuri,Uttar Pradesh,Delivery,Mainpuri Division,Agra Region,Uttar Pradesh Circle
205268,Kurra SO,UP-Mainpuri,UP,Mainpuri,Uttar Pradesh,Delivery,Mainpuri Division,Agra Region,Uttar Pradesh Circle
205262,Naya Bazar Bhongaon SO,UP-Mainpuri,UP,Mainpuri,Uttar Pradesh,Non Delivery,Mainpuri Division,Agra Region,Uttar Pradesh Circle
281501,Aring SO,UP-Mathura,UP,Mathura,Uttar Pradesh,Delivery,Mathura Division,Agra Region,Uttar Pradesh Circle
281001,Bharatpur Darwaza SO,UP-Mathura,UP,Mathura,Uttar Pradesh,Non Delivery,Mathura Division,Agra Region,Uttar Pradesh Circle
281308,Jugasana SO,UP-Mathura,UP,Mathura,Uttar Pradesh,Delivery,Mathura Division,Agra Region,Uttar Pradesh Circle
281001,Lal Darwaza SO Mathura,UP-Mathura,UP,Mathura,Uttar Pradesh,Non Delivery,Mathura Division,Agra Region,Uttar Pradesh Circle
281121,Leela Dham SO,UP-Mathura,UP,Mathura,Uttar Pradesh,Non Delivery,Mathura Division,Agra Region,Uttar Pradesh Circle
281001,Mathura Chawk SO,UP-Mathura,UP,Mathura,Uttar Pradesh,Non Delivery,Mathura Division,Agra Region,Uttar Pradesh Circle
281001,Roberts Line SO Mathura,UP-Mathura,UP,Mathura,Uttar Pradesh,Non Delivery,Mathura Division,Agra Region,Uttar Pradesh Circle
281404,Shergarh SO Mathura,UP-Mathura,UP,Mathura,Uttar Pradesh,Delivery,Mathura Division,Agra Region,Uttar Pradesh Circle
281001,Sri Krishna Janam Sthan SO,UP-Mathura,UP,Mathura,Uttar Pradesh,Non Delivery,Mathura Division,Agra Region,Uttar Pradesh Circle
211003,Bahadurganj SO Allahabad,UP-Prayagraj,UP,Prayagraj,Uttar Pradesh,Non Delivery,Prayagraj Division,Prayagraj Regional Office,Uttar Pradesh Circle
211011,Begumsarai SO,UP-Prayagraj,UP,Prayagraj,Uttar Pradesh,Non Delivery,Prayagraj Division,Prayagraj Regional Office,Uttar Pradesh Circle
212204,Daranagar SO Allahabad,UP-Kaushambi,UP,Kaushambi,Uttar Pradesh,Delivery,Prayagraj Division,Prayagraj Regional Office,Uttar Pradesh Circle
212107,Jasra SO,UP-Prayagraj,UP,Prayagraj,Uttar Pradesh,Delivery,Prayagraj Division,Prayagraj Regional Office,Uttar Pradesh Circle
212213,Mahgaon SO,UP-Kaushambi,UP,Kaushambi,Uttar Pradesh,Delivery,Prayagraj Division,Prayagraj Regional Office,Uttar Pradesh Circle
212212,Manauri AF SO,UP-Prayagraj,UP,Prayagraj,Uttar Pradesh,Delivery,Prayagraj Division,Prayagraj Regional Office,Uttar Pradesh Circle
212208,Manauri SO,UP-Prayagraj,UP,Prayagraj,Uttar Pradesh,Delivery,Prayagraj Division,Prayagraj Regional Office,Uttar Pradesh Circle
212216,Sarai Akil SO,UP-Kaushambi,UP,Kaushambi,Uttar Pradesh,Delivery,Prayagraj Division,Prayagraj Regional Office,Uttar Pradesh Circle
212217,Sirathu SO,UP-Kaushambi,UP,Kaushambi,Uttar Pradesh,Delivery,Prayagraj Division,Prayagraj Regional Office,Uttar Pradesh Circle
212305,Sirsa SO,UP-Prayagraj,UP,Prayagraj,Uttar Pradesh,Delivery,Prayagraj Division,Prayagraj Regional Office,Uttar Pradesh Circle
211015,Subedarganj SO,UP-Prayagraj,UP,Prayagraj,Uttar Pradesh,Delivery,Prayagraj Division,Prayagraj Regional Office,Uttar Pradesh Circle
211010,T S L SO,UP-Prayagraj,UP,Prayagraj,Uttar Pradesh,Delivery,Prayagraj Division,Prayagraj Regional Office,Uttar Pradesh Circle
212218,Tilhapur SO,UP-Kaushambi,UP,Kaushambi,Uttar Pradesh,Delivery,Prayagraj Division,Prayagraj Regional Office,Uttar Pradesh Circle
211004,Cavellary Lines SO,UP-Prayagraj,UP,Prayagraj,Uttar Pradesh,Delivery,Prayagraj Division,Prayagraj Regional Office,Uttar Pradesh Circle
211002,George Town SO,UP-Prayagraj,UP,Prayagraj,Uttar Pradesh,Non Delivery,Prayagraj Division,Prayagraj Regional Office,Uttar Pradesh Circle
221505,Hanumanganj SO,UP-Prayagraj,UP,Prayagraj,Uttar Pradesh,Delivery,Prayagraj Division,Prayagraj Regional Office,Uttar Pradesh Circle
211002,Indian Press SO,UP-Prayagraj,UP,Prayagraj,Uttar Pradesh,Non Delivery,Prayagraj Division,Prayagraj Regional Office,Uttar Pradesh Circle
211019,Jhunsi SO,UP-Prayagraj,UP,Prayagraj,Uttar Pradesh,Delivery,Prayagraj Division,Prayagraj Regional Office,Uttar Pradesh Circle
229413,Lalgopal Ganj SO,UP-Prayagraj,UP,Prayagraj,Uttar Pradesh,Delivery,Prayagraj Division,Prayagraj Regional Office,Uttar Pradesh Circle
212109,Sikandra SO,UP-Prayagraj,UP,Prayagraj,Uttar Pradesh,Delivery,Prayagraj Division,Prayagraj Regional Office,Uttar Pradesh Circle
233229,BARACHAWAR SO,UP-Ghazipur,UP,Ghazipur,Uttar Pradesh,Delivery,Ghazipur Division,Varanasi Region,Uttar Pradesh Circle
233226,Mardah SO,UP-Ghazipur,UP,Ghazipur,Uttar Pradesh,Delivery,Ghazipur Division,Varanasi Region,Uttar Pradesh Circle
233001,Markeenganj SO,UP-Ghazipur,UP,Ghazipur,Uttar Pradesh,Non Delivery,Ghazipur Division,Varanasi Region,Uttar Pradesh Circle
233227,Mohammadabad Yusufpur SO,UP-Ghazipur,UP,Ghazipur,Uttar Pradesh,Delivery,Ghazipur Division,Varanasi Region,Uttar Pradesh Circle
233303,Nonhara SO,UP-Ghazipur,UP,Ghazipur,Uttar Pradesh,Delivery,Ghazipur Division,Varanasi Region,Uttar Pradesh Circle
232333,Satramganj Bazar SO,UP-Ghazipur,UP,Ghazipur,Uttar Pradesh,Delivery,Ghazipur Division,Varanasi Region,Uttar Pradesh Circle
233001,Subhashnagar SO Ghazipur,UP-Ghazipur,UP,Ghazipur,Uttar Pradesh,Non Delivery,Ghazipur Division,Varanasi Region,Uttar Pradesh Circle
222127,Baderi SO,UP-Jaunpur,UP,Jaunpur,Uttar Pradesh,Delivery,Jaunpur Division,Varanasi Region,Uttar Pradesh Circle
222129,Chandwak SO,UP-Jaunpur,UP,Jaunpur,Uttar Pradesh,Delivery,Jaunpur Division,Varanasi Region,Uttar Pradesh Circle
222002,Collectrate Compound SO,UP-Jaunpur,UP,Jaunpur,Uttar Pradesh,Non Delivery,Jaunpur Division,Varanasi Region,Uttar Pradesh Circle
222002,College Colony SO,UP-Jaunpur,UP,Jaunpur,Uttar Pradesh,Non Delivery,Jaunpur Division,Varanasi Region,Uttar Pradesh Circle
222139,Khetasarai SO,UP-Jaunpur,UP,Jaunpur,Uttar Pradesh,Delivery,Jaunpur Division,Varanasi Region,Uttar Pradesh Circle
222143,Machhali Shahar SO,UP-Jaunpur,UP,Jaunpur,Uttar Pradesh,Delivery,Jaunpur Division,Varanasi Region,Uttar Pradesh Circle
222109,Naupedwa SO,UP-Jaunpur,UP,Jaunpur,Uttar Pradesh,Delivery,Jaunpur Division,Varanasi Region,Uttar Pradesh Circle
222204,Nibhapur SO,UP-Jaunpur,UP,Jaunpur,Uttar Pradesh,Delivery,Jaunpur Division,Varanasi Region,Uttar Pradesh Circle
222001,Shakarmandi SO,UP-Jaunpur,UP,Jaunpur,Uttar Pradesh,Non Delivery,Jaunpur Division,Varanasi Region,Uttar Pradesh Circle
222001,Shastri Marg SO,UP-Jaunpur,UP,Jaunpur,Uttar Pradesh,Non Delivery,Jaunpur Division,Varanasi Region,Uttar Pradesh Circle
222001,Sutahatti Bazar SO,UP-Jaunpur,UP,Jaunpur,Uttar Pradesh,Non Delivery,Jaunpur Division,Varanasi Region,Uttar Pradesh Circle
231301,Ahraura SO,UP-Mirzapur,UP,Mirzapur,Uttar Pradesh,Delivery,Mirzapur Division,Prayagraj Regional Office,Uttar Pradesh Circle
231212,Amwar SO,UP-Sonbhadra,UP,Sonbhadra,Uttar Pradesh,Delivery,Mirzapur Division,Prayagraj Regional Office,Uttar Pradesh Circle
231225,Anpara Tps SO,UP-Sonbhadra,UP,Sonbhadra,Uttar Pradesh,Delivery,Mirzapur Division,Prayagraj Regional Office,Uttar Pradesh Circle
231304,Chunar Tehsil SO,UP-Mirzapur,UP,Mirzapur,Uttar Pradesh,Non Delivery,Mirzapur Division,Prayagraj Regional Office,Uttar Pradesh Circle
231001,Ganesh Ganj SO Mirzapur,UP-Mirzapur,UP,Mirzapur,Uttar Pradesh,Non Delivery,Mirzapur Division,Prayagraj Regional Office,Uttar Pradesh Circle
231217,Renukoot SO,UP-Sonbhadra,UP,Sonbhadra,Uttar Pradesh,Delivery,Mirzapur Division,Prayagraj Regional Office,Uttar Pradesh Circle
230144,Ajgara SO,UP-Pratapgarh,UP,Pratapgarh,Uttar Pradesh,Delivery,Pratapgarh Division,Prayagraj Regional Office,Uttar Pradesh Circle
230124,Amargarh SO Pratapgarh,UP-Pratapgarh,UP,Pratapgarh,Uttar Pradesh,Delivery,Pratapgarh Division,Prayagraj Regional Office,Uttar Pradesh Circle
230501,Antu SO,UP-Pratapgarh,UP,Pratapgarh,Uttar Pradesh,Delivery,Pratapgarh Division,Prayagraj Regional Office,Uttar Pradesh Circle
230405,Darchhut SO,UP-Pratapgarh,UP,Pratapgarh,Uttar Pradesh,Delivery,Pratapgarh Division,Prayagraj Regional Office,Uttar Pradesh Circle
230402,Mandhata SO,UP-Pratapgarh,UP,Pratapgarh,Uttar Pradesh,Delivery,Pratapgarh Division,Prayagraj Regional Office,Uttar Pradesh Circle
230134,Oraiyadeeh SO,UP-Pratapgarh,UP,Pratapgarh,Uttar Pradesh,Delivery,Pratapgarh Division,Prayagraj Regional Office,Uttar Pradesh Circle
230121,PDCHAURAHA SO,UP-Pratapgarh,UP,Pratapgarh,Uttar Pradesh,Delivery,Pratapgarh Division,Prayagraj Regional Office,Uttar Pradesh Circle
230001,Railway Colony SO,UP-Pratapgarh,UP,Pratapgarh,Uttar Pradesh,Non Delivery,Pratapgarh Division,Prayagraj Regional Office,Uttar Pradesh Circle
230001,Station Road SO,UP-Pratapgarh,UP,Pratapgarh,Uttar Pradesh,Non Delivery,Pratapgarh Division,Prayagraj Regional Office,Uttar Pradesh Circle
230306,Suwansa SO,UP-Pratapgarh,UP,Pratapgarh,Uttar Pradesh,Delivery,Pratapgarh Division,Prayagraj Regional Office,Uttar Pradesh Circle
232102,Baburi SO,UP-Chandauli,UP,Chandauli,Uttar Pradesh,Delivery,Varanasi East Division,Varanasi Region,Uttar Pradesh Circle
221112,CHIRAIGAON SO,UP-Varanasi,UP,Varanasi,Uttar Pradesh,Delivery,Varanasi East Division,Varanasi Region,Uttar Pradesh Circle
221011,Dafi SO,UP-Varanasi,UP,Varanasi,Uttar Pradesh,Delivery,Varanasi East Division,Varanasi Region,Uttar Pradesh Circle
221001,Iswargangi SO,UP-Varanasi,UP,Varanasi,Uttar Pradesh,Non Delivery,Varanasi East Division,Varanasi Region,Uttar Pradesh Circle
221001,Kabirchaura SO,UP-Varanasi,UP,Varanasi,Uttar Pradesh,Non Delivery,Varanasi East Division,Varanasi Region,Uttar Pradesh Circle
221001,Kashi Viswnath Mandir SO,UP-Varanasi,UP,Varanasi,Uttar Pradesh,Non Delivery,Varanasi East Division,Varanasi Region,Uttar Pradesh Circle
221001,Kedarghat SO,UP-Varanasi,UP,Varanasi,Uttar Pradesh,Non Delivery,Varanasi East Division,Varanasi Region,Uttar Pradesh Circle
221001,Madanpura SO,UP-Varanasi,UP,Varanasi,Uttar Pradesh,Non Delivery,Varanasi East Division,Varanasi Region,Uttar Pradesh Circle
221001,Rani Bhawani Katra SO,UP-Varanasi,UP,Varanasi,Uttar Pradesh,Non Delivery,Varanasi East Division,Varanasi Region,Uttar Pradesh Circle
232120,Sadalpura SO,UP-Chandauli,UP,Chandauli,Uttar Pradesh,Delivery,Varanasi East Division,Varanasi Region,Uttar Pradesh Circle
232110,Saiyadraja SO,UP-Chandauli,UP,Chandauli,Uttar Pradesh,Delivery,Varanasi East Division,Varanasi Region,Uttar Pradesh Circle
221001,Vijay Sirohi Nagar SO,UP-Varanasi,UP,Varanasi,Uttar Pradesh,Non Delivery,Varanasi East Division,Varanasi Region,Uttar Pradesh Circle
221002,39 Gtd SO,UP-Varanasi,UP,Varanasi,Uttar Pradesh,Non Delivery,Varanasi West Division,Varanasi Region,Uttar Pradesh Circle
221010,Belpco SO,UP-Varanasi,UP,Varanasi,Uttar Pradesh,Non Delivery,Varanasi West Division,Varanasi Region,Uttar Pradesh Circle
221010,HPS SO,UP-Varanasi,UP,Varanasi,Uttar Pradesh,Non Delivery,Varanasi West Division,Varanasi Region,Uttar Pradesh Circle
221106,Industrial Estate Varanasi SO,UP-Varanasi,UP,Varanasi,Uttar Pradesh,Delivery,Varanasi West Division,Varanasi Region,Uttar Pradesh Circle
221305,Jakhini SO,UP-Varanasi,UP,Varanasi,Uttar Pradesh,Delivery,Varanasi West Division,Varanasi Region,Uttar Pradesh Circle
221310,Jangiganj SO,UP-Bhadohi,UP,Bhadohi,Uttar Pradesh,Delivery,Varanasi West Division,Varanasi Region,Uttar Pradesh Circle
221313,Kachhwa Road SO,UP-Varanasi,UP,Varanasi,Uttar Pradesh,Delivery,Varanasi West Division,Varanasi Region,Uttar Pradesh Circle
221406,Mondh SO,UP-Bhadohi,UP,Bhadohi,Uttar Pradesh,Delivery,Varanasi West Division,Varanasi Region,Uttar Pradesh Circle
221206,Pindra SO,UP-Varanasi,UP,Varanasi,Uttar Pradesh,Delivery,Varanasi West Division,Varanasi Region,Uttar Pradesh Circle
221311,Rajatalab SO,UP-Varanasi,UP,Varanasi,Uttar Pradesh,Delivery,Varanasi West Division,Varanasi Region,Uttar Pradesh Circle
221010,Sigra SO,UP-Varanasi,UP,Varanasi,Uttar Pradesh,Non Delivery,Varanasi West Division,Varanasi Region,Uttar Pradesh Circle
221003,VARANASI SHIVPUR SO,UP-Varanasi,UP,Varanasi,Uttar Pradesh,Delivery,Varanasi West Division,Varanasi Region,Uttar Pradesh Circle
221003,Chandmari SO,UP-Varanasi,UP,Varanasi,Uttar Pradesh,Non Delivery,Varanasi West Division,Varanasi Region,Uttar Pradesh Circle
243002,Airforce Station,UP-Bareilly,UP,Bareilly,Uttar Pradesh,Delivery,Bareilly Division,Bareilly Region,Uttar Pradesh Circle
243001,Bareilly RS,UP-Bareilly,UP,Bareilly,Uttar Pradesh,Non Delivery,Bareilly Division,Bareilly Region,Uttar Pradesh Circle
243001,Chaupla,UP-Bareilly,UP,Bareilly,Uttar Pradesh,Non Delivery,Bareilly Division,Bareilly Region,Uttar Pradesh Circle
243203,Deorania,UP-Bareilly,UP,Bareilly,Uttar Pradesh,Delivery,Bareilly Division,Bareilly Region,Uttar Pradesh Circle
243003,KKNiazia,UP-Bareilly,UP,Bareilly,Uttar Pradesh,Non Delivery,Bareilly Division,Bareilly Region,Uttar Pradesh Circle
243003,Malook Pur SO,UP-Bareilly,UP,Bareilly,Uttar Pradesh,Non Delivery,Bareilly Division,Bareilly Region,Uttar Pradesh Circle
243006,RKUniversity SO,UP-Bareilly,UP,Bareilly,Uttar Pradesh,Delivery,Bareilly Division,Bareilly Region,Uttar Pradesh Circle
243005,Shamat Ganj SO,UP-Bareilly,UP,Bareilly,Uttar Pradesh,Delivery,Bareilly Division,Bareilly Region,Uttar Pradesh Circle
243001,NDC Bareilly,UP-Bareilly,UP,Bareilly,Uttar Pradesh,Non Delivery,Bareilly Division,Bareilly Region,Uttar Pradesh Circle
243001,SOUTH CITY S.O.,UP-Bareilly,UP,Bareilly,Uttar Pradesh,Non Delivery,Bareilly Division,Bareilly Region,Uttar Pradesh Circle
262001,Pilibhit City SO,UP-Pilibhit,UP,Pilibhit,Uttar Pradesh,Non Delivery,Bareilly Division,Bareilly Region,Uttar Pradesh Circle
262001,Pilibhit Kutchery SO,UP-Pilibhit,UP,Pilibhit,Uttar Pradesh,Non Delivery,Bareilly Division,Bareilly Region,Uttar Pradesh Circle
262001,Station Road Pilibhit SO,UP-Pilibhit,UP,Pilibhit,Uttar Pradesh,Non Delivery,Bareilly Division,Bareilly Region,Uttar Pradesh Circle
246736,Bashta SO,UP-Bijnor,UP,Bijnor,Uttar Pradesh,Delivery,Bijnor Division,Bareilly Region,Uttar Pradesh Circle
246725,Chandpur SO,UP-Bijnor,UP,Bijnor,Uttar Pradesh,Delivery,Bijnor Division,Bareilly Region,Uttar Pradesh Circle
246701,Khatriyan SO,UP-Bijnor,UP,Bijnor,Uttar Pradesh,Non Delivery,Bijnor Division,Bareilly Region,Uttar Pradesh Circle
246764,Kotwali SO Bijnor,UP-Bijnor,UP,Bijnor,Uttar Pradesh,Delivery,Bijnor Division,Bareilly Region,Uttar Pradesh Circle
246763,Najibabad RS SO,UP-Bijnor,UP,Bijnor,Uttar Pradesh,Non Delivery,Bijnor Division,Bareilly Region,Uttar Pradesh Circle
246745,Sahaspur SO Bijnor,UP-Bijnor,UP,Bijnor,Uttar Pradesh,Delivery,Bijnor Division,Bareilly Region,Uttar Pradesh Circle
246747,Sherkot SO,UP-Bijnor,UP,Bijnor,Uttar Pradesh,Delivery,Bijnor Division,Bareilly Region,Uttar Pradesh Circle
243601,Brahmpur SO Budaun,UP-Budaun,UP,Budaun,Uttar Pradesh,Non Delivery,Budaun Division,Bareilly Region,Uttar Pradesh Circle
243601,Budaun City SO,UP-Budaun,UP,Budaun,Uttar Pradesh,Non Delivery,Budaun Division,Bareilly Region,Uttar Pradesh Circle
243636,Kachhla SO,UP-Budaun,UP,Budaun,Uttar Pradesh,Delivery,Budaun Division,Bareilly Region,Uttar Pradesh Circle
243724,Rudain SO,UP-Budaun,UP,Budaun,Uttar Pradesh,Delivery,Budaun Division,Bareilly Region,Uttar Pradesh Circle
243725,Saidpur SO Budaun,UP-Budaun,UP,Budaun,Uttar Pradesh,Delivery,Budaun Division,Bareilly Region,Uttar Pradesh Circle
241305,Gaus Ganj SO,UP-Hardoi,UP,Hardoi,Uttar Pradesh,Delivery,Hardoi Division,Bareilly Region,Uttar Pradesh Circle
241001,Asha Nagar S.O,UP-Hardoi,UP,Hardoi,Uttar Pradesh,Non Delivery,Hardoi Division,Bareilly Region,Uttar Pradesh Circle
241402,Harpalpur SO Hardoi,UP-Hardoi,UP,Hardoi,Uttar Pradesh,Delivery,Hardoi Division,Bareilly Region,Uttar Pradesh Circle
241126,Kachhauna SO,UP-Hardoi,UP,Hardoi,Uttar Pradesh,Delivery,Hardoi Division,Bareilly Region,Uttar Pradesh Circle
241302,Madhoganj SO Hardoi,UP-Hardoi,UP,Hardoi,Uttar Pradesh,Delivery,Hardoi Division,Bareilly Region,Uttar Pradesh Circle
241403,Sandi SO,UP-Hardoi,UP,Hardoi,Uttar Pradesh,Delivery,Hardoi Division,Bareilly Region,Uttar Pradesh Circle
241127,Sandila I Estate SO,UP-Hardoi,UP,Hardoi,Uttar Pradesh,Delivery,Hardoi Division,Bareilly Region,Uttar Pradesh Circle
262722,Aira Estate SO,UP-Kheri,UP,Kheri,Uttar Pradesh,Delivery,Kheri Division,Bareilly Region,Uttar Pradesh Circle
262804,Mohammadi SO,UP-Kheri,UP,Kheri,Uttar Pradesh,Delivery,Kheri Division,Bareilly Region,Uttar Pradesh Circle
262728,Nakha SO,UP-Kheri,UP,Kheri,Uttar Pradesh,Delivery,Kheri Division,Bareilly Region,Uttar Pradesh Circle
262701,Naveen Mandi T.S.O,UP-Kheri,UP,Kheri,Uttar Pradesh,Non Delivery,Kheri Division,Bareilly Region,Uttar Pradesh Circle
262905,Singahi SO,UP-Kheri,UP,Kheri,Uttar Pradesh,Delivery,Kheri Division,Bareilly Region,Uttar Pradesh Circle
250617,Chhaprauli SO,UP-Meerut,UP,Meerut,Uttar Pradesh,Delivery,Baghpat Division,Bareilly Region,Uttar Pradesh Circle
250101,Khekra SO,UP-Baghpat,UP,Baghpat,Uttar Pradesh,Delivery,Baghpat Division,Bareilly Region,Uttar Pradesh Circle
250625,Tikri SO,UP-Baghpat,UP,Baghpat,Uttar Pradesh,Delivery,Baghpat Division,Bareilly Region,Uttar Pradesh Circle
250341,Dabathwa SO,UP-Meerut,UP,Meerut,Uttar Pradesh,Delivery,Meerut Division,Bareilly Region,Uttar Pradesh Circle
250221,Daurala SO,UP-Meerut,UP,Meerut,Uttar Pradesh,Delivery,Meerut Division,Bareilly Region,Uttar Pradesh Circle
250404,Hastinapur SO,UP-Meerut,UP,Meerut,Uttar Pradesh,Delivery,Meerut Division,Bareilly Region,Uttar Pradesh Circle
250401,Mawana SO,UP-Meerut,UP,Meerut,Uttar Pradesh,Delivery,Meerut Division,Bareilly Region,Uttar Pradesh Circle
250001,RABazar SO,UP-Meerut,UP,Meerut,Uttar Pradesh,Non Delivery,Meerut Division,Bareilly Region,Uttar Pradesh Circle
250003,Saket SO Meerut,UP-Meerut,UP,Meerut,Uttar Pradesh,Non Delivery,Meerut Division,Bareilly Region,Uttar Pradesh Circle
250001,Sardhana Road SO,UP-Meerut,UP,Meerut,Uttar Pradesh,Non Delivery,Meerut Division,Bareilly Region,Uttar Pradesh Circle
250004,Shastri Nagar SO Meerut,UP-Meerut,UP,Meerut,Uttar Pradesh,Non Delivery,Meerut Division,Bareilly Region,Uttar Pradesh Circle
250001,Victoria Park SO,UP-Meerut,UP,Meerut,Uttar Pradesh,Non Delivery,Meerut Division,Bareilly Region,Uttar Pradesh Circle
250626,Baleni SO,UP-Meerut,UP,Meerut,Uttar Pradesh,Delivery,Baghpat Division,Bareilly Region,Uttar Pradesh Circle
250002,Kabari Bazar SO,UP-Meerut,UP,Meerut,Uttar Pradesh,Non Delivery,Meerut Division,Bareilly Region,Uttar Pradesh Circle
250002,Kaiser Ganj SO,UP-Meerut,UP,Meerut,Uttar Pradesh,Non Delivery,Meerut Division,Bareilly Region,Uttar Pradesh Circle
250002,Lisari Gate SO,UP-Meerut,UP,Meerut,Uttar Pradesh,Non Delivery,Meerut Division,Bareilly Region,Uttar Pradesh Circle
250001,Suraj Kund Road SO,UP-Meerut,UP,Meerut,Uttar Pradesh,Non Delivery,Meerut Division,Bareilly Region,Uttar Pradesh Circle
250001,W K Road SO,UP-Meerut,UP,Meerut,Uttar Pradesh,Non Delivery,Meerut Division,Bareilly Region,Uttar Pradesh Circle
244235,Gajraula SO,UP-Amroha,UP,Amroha,Uttar Pradesh,Delivery,Moradabad Division,Bareilly Region,Uttar Pradesh Circle
244501,Kanth SO,UP-Moradabad,UP,Moradabad,Uttar Pradesh,Delivery,Moradabad Division,Bareilly Region,Uttar Pradesh Circle
244001,Katghar SO Moradabad,UP-Moradabad,UP,Moradabad,Uttar Pradesh,Non Delivery,Moradabad Division,Bareilly Region,Uttar Pradesh Circle
244001,Mandi Naj SO,UP-Moradabad,UP,Moradabad,Uttar Pradesh,Non Delivery,Moradabad Division,Bareilly Region,Uttar Pradesh Circle
244001,Moradabad Kutchery SO,UP-Moradabad,UP,Moradabad,Uttar Pradesh,Non Delivery,Moradabad Division,Bareilly Region,Uttar Pradesh Circle
244104,Mundha SO,UP-Moradabad,UP,Moradabad,Uttar Pradesh,Delivery,Moradabad Division,Bareilly Region,Uttar Pradesh Circle
244414,Narauli SO,UP-Sambhal,UP,Sambhal,Uttar Pradesh,Delivery,Moradabad Division,Bareilly Region,Uttar Pradesh Circle
244001,SPF Mrd SO,UP-Moradabad,UP,Moradabad,Uttar Pradesh,Non Delivery,Moradabad Division,Bareilly Region,Uttar Pradesh Circle
244001,Stationroad SO,UP-Moradabad,UP,Moradabad,Uttar Pradesh,Non Delivery,Moradabad Division,Bareilly Region,Uttar Pradesh Circle
244921,Bilaspur Rampur SO,UP-Rampur,UP,Rampur,Uttar Pradesh,Delivery,Moradabad Division,Bareilly Region,Uttar Pradesh Circle
244923,Bilaspur Chini Mill SO,UP-Rampur,UP,Rampur,Uttar Pradesh,Delivery,Moradabad Division,Bareilly Region,Uttar Pradesh Circle
244901,CRP Hq SO,UP-Rampur,UP,Rampur,Uttar Pradesh,Non Delivery,Moradabad Division,Bareilly Region,Uttar Pradesh Circle
244926,Modipur SO,UP-Rampur,UP,Rampur,Uttar Pradesh,Delivery,Moradabad Division,Bareilly Region,Uttar Pradesh Circle
244925,Tanda Badli SO,UP-Rampur,UP,Rampur,Uttar Pradesh,Delivery,Moradabad Division,Bareilly Region,Uttar Pradesh Circle
251001,Anandpuri SO Muzaffarnagar,UP-Muzaffarnagar,UP,Muzaffarnagar,Uttar Pradesh,Non Delivery,Muzaffarnagar Division,Bareilly Region,Uttar Pradesh Circle
251305,Babri SO,UP-Shamli,UP,Shamli,Uttar Pradesh,Delivery,Baghpat Division,Bareilly Region,Uttar Pradesh Circle
251307,Barla SO,UP-Muzaffarnagar,UP,Muzaffarnagar,Uttar Pradesh,Delivery,Muzaffarnagar Division,Bareilly Region,Uttar Pradesh Circle
251001,Gandhi Colony SO,UP-Muzaffarnagar,UP,Muzaffarnagar,Uttar Pradesh,Non Delivery,Muzaffarnagar Division,Bareilly Region,Uttar Pradesh Circle
251002,Khala Par SO,UP-Muzaffarnagar,UP,Muzaffarnagar,Uttar Pradesh,Non Delivery,Muzaffarnagar Division,Bareilly Region,Uttar Pradesh Circle
251201,Khatauli Bazar SO,UP-Muzaffarnagar,UP,Muzaffarnagar,Uttar Pradesh,Non Delivery,Muzaffarnagar Division,Bareilly Region,Uttar Pradesh Circle
251001,Navin Mandi Sthal SO,UP-Muzaffarnagar,UP,Muzaffarnagar,Uttar Pradesh,Non Delivery,Muzaffarnagar Division,Bareilly Region,Uttar Pradesh Circle
251001,Rampuram SO,UP-Muzaffarnagar,UP,Muzaffarnagar,Uttar Pradesh,Non Delivery,Muzaffarnagar Division,Bareilly Region,Uttar Pradesh Circle
247776,Shamli Mandi SO,UP-Shamli,UP,Shamli,Uttar Pradesh,Non Delivery,Baghpat Division,Bareilly Region,Uttar Pradesh Circle
247778,Un SO Muzaffarnagar,UP-Shamli,UP,Shamli,Uttar Pradesh,Delivery,Baghpat Division,Bareilly Region,Uttar Pradesh Circle
251001,NDC MUZAFFAR NAGAR,UP-Muzaffarnagar,UP,Muzaffarnagar,Uttar Pradesh,Non Delivery,Muzaffarnagar Division,Bareilly Region,Uttar Pradesh Circle
247554,Bus Stand Deoband SO,UP-Saharanpur,UP,Saharanpur,Uttar Pradesh,Non Delivery,Saharanpur Division,Bareilly Region,Uttar Pradesh Circle
247662,Chhutmalpur SO,UP-Saharanpur,UP,Saharanpur,Uttar Pradesh,Delivery,Saharanpur Division,Bareilly Region,Uttar Pradesh Circle
247453,Jaroda Panda SO,UP-Saharanpur,UP,Saharanpur,Uttar Pradesh,Delivery,Saharanpur Division,Bareilly Region,Uttar Pradesh Circle
247001,Khalapar SO,UP-Saharanpur,UP,Saharanpur,Uttar Pradesh,Non Delivery,Saharanpur Division,Bareilly Region,Uttar Pradesh Circle
247001,Lakhi Gate SO,UP-Saharanpur,UP,Saharanpur,Uttar Pradesh,Non Delivery,Saharanpur Division,Bareilly Region,Uttar Pradesh Circle
247001,Mangal Nagar SO,UP-Saharanpur,UP,Saharanpur,Uttar Pradesh,Non Delivery,Saharanpur Division,Bareilly Region,Uttar Pradesh Circle
247001,Mazahir Uloom SO,UP-Saharanpur,UP,Saharanpur,Uttar Pradesh,Non Delivery,Saharanpur Division,Bareilly Region,Uttar Pradesh Circle
247551,Nagal SO Saharanpur,UP-Saharanpur,UP,Saharanpur,Uttar Pradesh,Delivery,Saharanpur Division,Bareilly Region,Uttar Pradesh Circle
247001,Saharanpur Kutchery SO,UP-Saharanpur,UP,Saharanpur,Uttar Pradesh,Non Delivery,Saharanpur Division,Bareilly Region,Uttar Pradesh Circle
247001,Veer Nagar SO,UP-Saharanpur,UP,Saharanpur,Uttar Pradesh,Non Delivery,Saharanpur Division,Bareilly Region,Uttar Pradesh Circle
247001,NDC Saharanpur,UP-Saharanpur,UP,Saharanpur,Uttar Pradesh,Non Delivery,Saharanpur Division,Bareilly Region,Uttar Pradesh Circle
242220,Allahganj SO,UP-Shahjahanpur,UP,Shahjahanpur,Uttar Pradesh,Delivery,Shahjahanpur Division,Bareilly Region,Uttar Pradesh Circle
242001,Bahadurganj SO,UP-Shahjahanpur,UP,Shahjahanpur,Uttar Pradesh,Non Delivery,Shahjahanpur Division,Bareilly Region,Uttar Pradesh Circle
242001,Garrah Road SO,UP-Shahjahanpur,UP,Shahjahanpur,Uttar Pradesh,Non Delivery,Shahjahanpur Division,Bareilly Region,Uttar Pradesh Circle
242303,Khera Bajhera SO,UP-Shahjahanpur,UP,Shahjahanpur,Uttar Pradesh,Delivery,Shahjahanpur Division,Bareilly Region,Uttar Pradesh Circle
242405,Khutar SO,UP-Shahjahanpur,UP,Shahjahanpur,Uttar Pradesh,Delivery,Shahjahanpur Division,Bareilly Region,Uttar Pradesh Circle
242001,Shahjahanpur R S SO,UP-Shahjahanpur,UP,Shahjahanpur,Uttar Pradesh,Non Delivery,Shahjahanpur Division,Bareilly Region,Uttar Pradesh Circle
223223,Ataraulia SO,UP-Azamgarh,UP,Azamgarh,Uttar Pradesh,Delivery,Azamgarh Division,Gorakhpur Region,Uttar Pradesh Circle
276125,Bankat SO,UP-Azamgarh,UP,Azamgarh,Uttar Pradesh,Delivery,Azamgarh Division,Gorakhpur Region,Uttar Pradesh Circle
223224,DIDARGANJ SO,UP-Azamgarh,UP,Azamgarh,Uttar Pradesh,Delivery,Azamgarh Division,Gorakhpur Region,Uttar Pradesh Circle
276135,KANDHARAPUR SO,UP-Azamgarh,UP,Azamgarh,Uttar Pradesh,Delivery,Azamgarh Division,Gorakhpur Region,Uttar Pradesh Circle
276203,MEHNAJPUR SO,UP-Azamgarh,UP,Azamgarh,Uttar Pradesh,Delivery,Azamgarh Division,Gorakhpur Region,Uttar Pradesh Circle
276404,MUBARAKPUR SO,UP-Azamgarh,UP,Azamgarh,Uttar Pradesh,Delivery,Azamgarh Division,Gorakhpur Region,Uttar Pradesh Circle
276206,NIZAMBAD SO,UP-Azamgarh,UP,Azamgarh,Uttar Pradesh,Delivery,Azamgarh Division,Gorakhpur Region,Uttar Pradesh Circle
276304,PHOOLPUR TOWN SO,UP-Azamgarh,UP,Azamgarh,Uttar Pradesh,Non Delivery,Azamgarh Division,Gorakhpur Region,Uttar Pradesh Circle
276207,RANI KI SARAI SO,UP-Azamgarh,UP,Azamgarh,Uttar Pradesh,Delivery,Azamgarh Division,Gorakhpur Region,Uttar Pradesh Circle
276305,Saraimeer SO,UP-Azamgarh,UP,Azamgarh,Uttar Pradesh,Delivery,Azamgarh Division,Gorakhpur Region,Uttar Pradesh Circle
276406,Sathion SO,UP-Azamgarh,UP,Azamgarh,Uttar Pradesh,Delivery,Azamgarh Division,Gorakhpur Region,Uttar Pradesh Circle
276129,Chiraia Kot SO,UP-Mau,UP,Mau,Uttar Pradesh,Delivery,Azamgarh Division,Gorakhpur Region,Uttar Pradesh Circle
275103,Kushmaur SO,UP-Mau,UP,Mau,Uttar Pradesh,Delivery,Azamgarh Division,Gorakhpur Region,Uttar Pradesh Circle
275101,Mau Town SO,UP-Mau,UP,Mau,Uttar Pradesh,Non Delivery,Azamgarh Division,Gorakhpur Region,Uttar Pradesh Circle
221706,Ratan Pura SO,UP-Mau,UP,Mau,Uttar Pradesh,Delivery,Azamgarh Division,Gorakhpur Region,Uttar Pradesh Circle
276405,Walid Pur SO,UP-Mau,UP,Mau,Uttar Pradesh,Delivery,Azamgarh Division,Gorakhpur Region,Uttar Pradesh Circle
271821,Bisheswarganj SO,UP-Bahraich,UP,Bahraich,Uttar Pradesh,Delivery,Bahraich Division,Gorakhpur Region,Uttar Pradesh Circle
271870,Chilwaria SO,UP-Bahraich,UP,Bahraich,Uttar Pradesh,Delivery,Bahraich Division,Gorakhpur Region,Uttar Pradesh Circle
271902,Fakharpur SO,UP-Bahraich,UP,Bahraich,Uttar Pradesh,Delivery,Bahraich Division,Gorakhpur Region,Uttar Pradesh Circle
271845,Ikauna SO,UP-Shravasti,UP,Shravasti,Uttar Pradesh,Delivery,Bahraich Division,Gorakhpur Region,Uttar Pradesh Circle
271904,Jarwal SO,UP-Bahraich,UP,Bahraich,Uttar Pradesh,Delivery,Bahraich Division,Gorakhpur Region,Uttar Pradesh Circle
271855,Mihinpurwa SO,UP-Bahraich,UP,Bahraich,Uttar Pradesh,Delivery,Bahraich Division,Gorakhpur Region,Uttar Pradesh Circle
271875,Risia SO,UP-Bahraich,UP,Bahraich,Uttar Pradesh,Delivery,Bahraich Division,Gorakhpur Region,Uttar Pradesh Circle
277201,Bairia SO Ballia,UP-Ballia,UP,Ballia,Uttar Pradesh,Delivery,Ballia Division,Varanasi Region,Uttar Pradesh Circle
277203,Bansdih Road SO,UP-Ballia,UP,Ballia,Uttar Pradesh,Delivery,Ballia Division,Varanasi Region,Uttar Pradesh Circle
277202,Bansdih SO,UP-Ballia,UP,Ballia,Uttar Pradesh,Delivery,Ballia Division,Varanasi Region,Uttar Pradesh Circle
277001,Bhriguashram SO,UP-Ballia,UP,Ballia,Uttar Pradesh,Non Delivery,Ballia Division,Varanasi Region,Uttar Pradesh Circle
277219,Kheosar SO,UP-Ballia,UP,Ballia,Uttar Pradesh,Delivery,Ballia Division,Varanasi Region,Uttar Pradesh Circle
277207,Maniar SO,UP-Ballia,UP,Ballia,Uttar Pradesh,Delivery,Ballia Division,Varanasi Region,Uttar Pradesh Circle
221715,BILTHARA ROAD SO,UP-Ballia,UP,Ballia,Uttar Pradesh,Delivery,Ballia Division,Varanasi Region,Uttar Pradesh Circle
221718,Khandwa SO,UP-Ballia,UP,Ballia,Uttar Pradesh,Delivery,Ballia Division,Varanasi Region,Uttar Pradesh Circle
221712,Rasra Town SO,UP-Ballia,UP,Ballia,Uttar Pradesh,Non Delivery,Ballia Division,Varanasi Region,Uttar Pradesh Circle
277504,SOHAON SO,UP-Ballia,UP,Ballia,Uttar Pradesh,Delivery,Ballia Division,Varanasi Region,Uttar Pradesh Circle
272201,Barhni SO,UP-Siddharth Nagar,UP,Siddharth Nagar,Uttar Pradesh,Delivery,Basti Division,Gorakhpur Region,Uttar Pradesh Circle
272191,Hallaur SO,UP-Siddharth Nagar,UP,Siddharth Nagar,Uttar Pradesh,Delivery,Basti Division,Gorakhpur Region,Uttar Pradesh Circle
272208,Uska Bazar SO,UP-Siddharth Nagar,UP,Siddharth Nagar,Uttar Pradesh,Delivery,Basti Division,Gorakhpur Region,Uttar Pradesh Circle
272199,Bakhira SO,UP-Sant Kabeer Nagar,UP,Sant Kabeer Nagar,Uttar Pradesh,Delivery,Basti Division,Gorakhpur Region,Uttar Pradesh Circle
272131,Captainganj SO,UP-Basti,UP,Basti,Uttar Pradesh,Delivery,Basti Division,Gorakhpur Region,Uttar Pradesh Circle
272001,Civil Line SO Basti,UP-Basti,UP,Basti,Uttar Pradesh,Non Delivery,Basti Division,Gorakhpur Region,Uttar Pradesh Circle
272163,Gaur RS SO,UP-Basti,UP,Basti,Uttar Pradesh,Delivery,Basti Division,Gorakhpur Region,Uttar Pradesh Circle
272150,Hanumanganj SO,UP-Basti,UP,Basti,Uttar Pradesh,Delivery,Basti Division,Gorakhpur Region,Uttar Pradesh Circle
272175,Khalilabad Bus Stand SO,UP-Sant Kabeer Nagar,UP,Sant Kabeer Nagar,Uttar Pradesh,Non Delivery,Basti Division,Gorakhpur Region,Uttar Pradesh Circle
272172,Mahuli SO,UP-Sant Kabeer Nagar,UP,Sant Kabeer Nagar,Uttar Pradesh,Delivery,Basti Division,Gorakhpur Region,Uttar Pradesh Circle
272148,Rayath SO,UP-Basti,UP,Basti,Uttar Pradesh,Delivery,Basti Division,Gorakhpur Region,Uttar Pradesh Circle
272151,Rudranagar SO,UP-Basti,UP,Basti,Uttar Pradesh,Delivery,Basti Division,Gorakhpur Region,Uttar Pradesh Circle
272126,Semariyawan SO,UP-Sant Kabeer Nagar,UP,Sant Kabeer Nagar,Uttar Pradesh,Delivery,Basti Division,Gorakhpur Region,Uttar Pradesh Circle
272129,Shankarpur SO,UP-Basti,UP,Basti,Uttar Pradesh,Delivery,Basti Division,Gorakhpur Region,Uttar Pradesh Circle
272182,Walterganj SO,UP-Basti,UP,Basti,Uttar Pradesh,Delivery,Basti Division,Gorakhpur Region,Uttar Pradesh Circle
272178,Munderwa SO,UP-Basti,UP,Basti,Uttar Pradesh,Delivery,Basti Division,Gorakhpur Region,Uttar Pradesh Circle
274704,Bankata SO,UP-Deoria,UP,Deoria,Uttar Pradesh,Delivery,Deoria Division,Gorakhpur Region,Uttar Pradesh Circle
274202,Gauri Bazar SO,UP-Deoria,UP,Deoria,Uttar Pradesh,Delivery,Deoria Division,Gorakhpur Region,Uttar Pradesh Circle
274408,Tarkulwa SO,UP-Deoria,UP,Deoria,Uttar Pradesh,Delivery,Deoria Division,Gorakhpur Region,Uttar Pradesh Circle
274808,Chakara Gosai SO,UP-Deoria,UP,Deoria,Uttar Pradesh,Delivery,Deoria Division,Gorakhpur Region,Uttar Pradesh Circle
274303,Kathkuiyan SO,UP-Kushi Nagar,UP,Kushi Nagar,Uttar Pradesh,Delivery,Deoria Division,Gorakhpur Region,Uttar Pradesh Circle
274306,Laxmiganj SO,UP-Kushi Nagar,UP,Kushi Nagar,Uttar Pradesh,Delivery,Deoria Division,Gorakhpur Region,Uttar Pradesh Circle
274309,Padrauna Chhavani SO,UP-Kushi Nagar,UP,Kushi Nagar,Uttar Pradesh,Delivery,Deoria Division,Gorakhpur Region,Uttar Pradesh Circle
271861,Mathura Bazar SO,UP-Balrampur,UP,Balrampur,Uttar Pradesh,Delivery,Gonda Division,Gorakhpur Region,Uttar Pradesh Circle
271603,Srinagar SO Gonda,UP-Gonda,UP,Gonda,Uttar Pradesh,Delivery,Gonda Division,Gorakhpur Region,Uttar Pradesh Circle
271310,Bankatwa Dehat SO,UP-Gonda,UP,Gonda,Uttar Pradesh,Delivery,Gonda Division,Gorakhpur Region,Uttar Pradesh Circle
271502,Colonelganj SO Gonda,UP-Gonda,UP,Gonda,Uttar Pradesh,Delivery,Gonda Division,Gorakhpur Region,Uttar Pradesh Circle
271003,Gonda City SO,UP-Gonda,UP,Gonda,Uttar Pradesh,Non Delivery,Gonda Division,Gorakhpur Region,Uttar Pradesh Circle
271301,Motiganj SO Gonda,UP-Gonda,UP,Gonda,Uttar Pradesh,Delivery,Gonda Division,Gorakhpur Region,Uttar Pradesh Circle
273004,Ashok Nagar SO Gorakhpur,UP-Gorakhpur,UP,Gorakhpur,Uttar Pradesh,Non Delivery,Gorakhpur Division,Gorakhpur Region,Uttar Pradesh Circle
273013,BRD Medical College SO,UP-Gorakhpur,UP,Gorakhpur,Uttar Pradesh,Delivery,Gorakhpur Division,Gorakhpur Region,Uttar Pradesh Circle
273001,Bank Road SO Gorakhpur,UP-Gorakhpur,UP,Gorakhpur,Uttar Pradesh,Non Delivery,Gorakhpur Division,Gorakhpur Region,Uttar Pradesh Circle
273001,Buxipur SO,UP-Gorakhpur,UP,Gorakhpur,Uttar Pradesh,Non Delivery,Gorakhpur Division,Gorakhpur Region,Uttar Pradesh Circle
273211,Dhakhwa Bazar SO,UP-Gorakhpur,UP,Gorakhpur,Uttar Pradesh,Delivery,Gorakhpur Division,Gorakhpur Region,Uttar Pradesh Circle
273001,Dharamshala SO,UP-Gorakhpur,UP,Gorakhpur,Uttar Pradesh,Non Delivery,Gorakhpur Division,Gorakhpur Region,Uttar Pradesh Circle
273001,Kazipur Kalan SO,UP-Gorakhpur,UP,Gorakhpur,Uttar Pradesh,Non Delivery,Gorakhpur Division,Gorakhpur Region,Uttar Pradesh Circle
273001,Labour Camp SO,UP-Gorakhpur,UP,Gorakhpur,Uttar Pradesh,Non Delivery,Gorakhpur Division,Gorakhpur Region,Uttar Pradesh Circle
273012,Railway Colony SO Gorakhpur,UP-Gorakhpur,UP,Gorakhpur,Uttar Pradesh,Delivery,Gorakhpur Division,Gorakhpur Region,Uttar Pradesh Circle
273213,Sikriganj SO,UP-Gorakhpur,UP,Gorakhpur,Uttar Pradesh,Delivery,Gorakhpur Division,Gorakhpur Region,Uttar Pradesh Circle
273005,Turkmanpur SO,UP-Gorakhpur,UP,Gorakhpur,Uttar Pradesh,Non Delivery,Gorakhpur Division,Gorakhpur Region,Uttar Pradesh Circle
273406,Unwal SO,UP-Gorakhpur,UP,Gorakhpur,Uttar Pradesh,Delivery,Gorakhpur Division,Gorakhpur Region,Uttar Pradesh Circle
273015,SURAJKUND COLONY,UP-Gorakhpur,UP,Gorakhpur,Uttar Pradesh,Non Delivery,Gorakhpur Division,Gorakhpur Region,Uttar Pradesh Circle
273001,NDC Gorakhpur,UP-Gorakhpur,UP,Gorakhpur,Uttar Pradesh,Delivery,Gorakhpur Division,Gorakhpur Region,Uttar Pradesh Circle
273155,Anandnagar S.O  Maharajganj,UP-Maharajganj,UP,Maharajganj,Uttar Pradesh,Delivery,Gorakhpur Division,Gorakhpur Region,Uttar Pradesh Circle
273302,Bhitauli Bazar S.O,UP-Maharajganj,UP,Maharajganj,Uttar Pradesh,Delivery,Gorakhpur Division,Gorakhpur Region,Uttar Pradesh Circle
273203,Brahmpur S.O Gorakhpur,UP-Gorakhpur,UP,Gorakhpur,Uttar Pradesh,Delivery,Gorakhpur Division,Gorakhpur Region,Uttar Pradesh Circle
273309,Koluhi S.O,UP-Maharajganj,UP,Maharajganj,Uttar Pradesh,Delivery,Gorakhpur Division,Gorakhpur Region,Uttar Pradesh Circle
273162,Laxmipur Maharajganj S.O,UP-Maharajganj,UP,Maharajganj,Uttar Pradesh,Delivery,Gorakhpur Division,Gorakhpur Region,Uttar Pradesh Circle
273207,Mithaura Bazar S.O,UP-Maharajganj,UP,Maharajganj,Uttar Pradesh,Delivery,Gorakhpur Division,Gorakhpur Region,Uttar Pradesh Circle
273008,Mohaddipur S.O Gorakhpur,UP-Gorakhpur,UP,Gorakhpur,Uttar Pradesh,Non Delivery,Gorakhpur Division,Gorakhpur Region,Uttar Pradesh Circle
210204,Chitrakot SO,UP-Chitrakoot,UP,Chitrakoot,Uttar Pradesh,Delivery,Banda Division,Kanpur Region,Uttar Pradesh Circle
210205,Karwi MDG,UP-Chitrakoot,UP,Chitrakoot,Uttar Pradesh,Delivery,Banda Division,Kanpur Region,Uttar Pradesh Circle
210208,Manikpur SO Chitrakoot,UP-Chitrakoot,UP,Chitrakoot,Uttar Pradesh,Delivery,Banda Division,Kanpur Region,Uttar Pradesh Circle
210206,Pahari SO Chitrakoot,UP-Chitrakoot,UP,Chitrakoot,Uttar Pradesh,Delivery,Banda Division,Kanpur Region,Uttar Pradesh Circle
210427,Gandhi Nagar Mahoba SO,UP-Mahoba,UP,Mahoba,Uttar Pradesh,Non Delivery,Banda Division,Kanpur Region,Uttar Pradesh Circle
210431,Kot Bazar Rath SO,UP-Hamirpur,UP,Hamirpur,Uttar Pradesh,Non Delivery,Banda Division,Kanpur Region,Uttar Pradesh Circle
209625,Bazaria Farrukhabad SO,UP-Farrukhabad,UP,Farrukhabad,Uttar Pradesh,Non Delivery,Fatehgarh Division,Kanpur Region,Uttar Pradesh Circle
209625,Farrukhabad SO,UP-Farrukhabad,UP,Farrukhabad,Uttar Pradesh,Delivery,Fatehgarh Division,Kanpur Region,Uttar Pradesh Circle
209601,JNVRoad SO,UP-Farrukhabad,UP,Farrukhabad,Uttar Pradesh,Non Delivery,Fatehgarh Division,Kanpur Region,Uttar Pradesh Circle
209749,Yaqutganj SO,UP-Farrukhabad,UP,Farrukhabad,Uttar Pradesh,Delivery,Fatehgarh Division,Kanpur Region,Uttar Pradesh Circle
212620,Asother SO,UP-Fatehpur,UP,Fatehpur,Uttar Pradesh,Delivery,Fatehpur Division,Kanpur Region,Uttar Pradesh Circle
212601,Chandiyana SO,UP-Fatehpur,UP,Fatehpur,Uttar Pradesh,Non Delivery,Fatehpur Division,Kanpur Region,Uttar Pradesh Circle
212650,Chheolaha SO,UP-Fatehpur,UP,Fatehpur,Uttar Pradesh,Delivery,Fatehpur Division,Kanpur Region,Uttar Pradesh Circle
212641,Dhata SO,UP-Fatehpur,UP,Fatehpur,Uttar Pradesh,Delivery,Fatehpur Division,Kanpur Region,Uttar Pradesh Circle
212601,Fatehpur City SO,UP-Fatehpur,UP,Fatehpur,Uttar Pradesh,Non Delivery,Fatehpur Division,Kanpur Region,Uttar Pradesh Circle
212601,Fatehpur Town SO,UP-Fatehpur,UP,Fatehpur,Uttar Pradesh,Non Delivery,Fatehpur Division,Kanpur Region,Uttar Pradesh Circle
212645,Haswa SO,UP-Fatehpur,UP,Fatehpur,Uttar Pradesh,Delivery,Fatehpur Division,Kanpur Region,Uttar Pradesh Circle
212657,Khajuha SO,UP-Fatehpur,UP,Fatehpur,Uttar Pradesh,Delivery,Fatehpur Division,Kanpur Region,Uttar Pradesh Circle
208003,Anwarganj SO,UP-Kanpur Nagar,UP,Kanpur Nagar,Uttar Pradesh,Delivery,Kanpur City Division,Kanpur Region,Uttar Pradesh Circle
208001,B N Shukla  Sons SO,UP-Kanpur Nagar,UP,Kanpur Nagar,Uttar Pradesh,Non Delivery,Kanpur City Division,Kanpur Region,Uttar Pradesh Circle
208007,Cambridge Road SO,UP-Kanpur Nagar,UP,Kanpur Nagar,Uttar Pradesh,Non Delivery,Kanpur City Division,Kanpur Region,Uttar Pradesh Circle
208008,CAT SO,UP-Kanpur Nagar,UP,Kanpur Nagar,Uttar Pradesh,Non Delivery,Kanpur City Division,Kanpur Region,Uttar Pradesh Circle
208001,Dhankutti SO,UP-Kanpur Nagar,UP,Kanpur Nagar,Uttar Pradesh,Non Delivery,Kanpur City Division,Kanpur Region,Uttar Pradesh Circle
208013,Dmsrde SO,UP-Kanpur Nagar,UP,Kanpur Nagar,Uttar Pradesh,Non Delivery,Kanpur City Division,Kanpur Region,Uttar Pradesh Circle
208021,N H Road SO,UP-Kanpur Nagar,UP,Kanpur Nagar,Uttar Pradesh,Delivery,Kanpur City Division,Kanpur Region,Uttar Pradesh Circle
208015,New Pac Lines SO,UP-Kanpur Nagar,UP,Kanpur Nagar,Uttar Pradesh,Delivery,Kanpur City Division,Kanpur Region,Uttar Pradesh Circle
208001,Oe Factory SO,UP-Kanpur Nagar,UP,Kanpur Nagar,Uttar Pradesh,Non Delivery,Kanpur City Division,Kanpur Region,Uttar Pradesh Circle
208001,Philkhana SO,UP-Kanpur Nagar,UP,Kanpur Nagar,Uttar Pradesh,Non Delivery,Kanpur City Division,Kanpur Region,Uttar Pradesh Circle
208001,Elgin Mills SO,UP-Kanpur Nagar,UP,Kanpur Nagar,Uttar Pradesh,Non Delivery,Kanpur City Division,Kanpur Region,Uttar Pradesh Circle
209307,BHAUPUR,UP-Kanpur Dehat,UP,Kanpur Dehat,Uttar Pradesh,Delivery,Kanpur Moffusil Division,Kanpur Region,Uttar Pradesh Circle
209115,Rajpur SO Kanpur Dehat,UP-Kanpur Dehat,UP,Kanpur Dehat,Uttar Pradesh,Delivery,Kanpur Moffusil Division,Kanpur Region,Uttar Pradesh Circle
208022,Udyog Nagar SO Kanpur Nagar,UP-Kanpur Nagar,UP,Kanpur Nagar,Uttar Pradesh,Delivery,Kanpur City Division,Kanpur Region,Uttar Pradesh Circle
209864,Bhagwant Nagar SO,UP-Unnao,UP,Unnao,Uttar Pradesh,Delivery,Kanpur Moffusil Division,Kanpur Region,Uttar Pradesh Circle
209866,Bihar SO,UP-Unnao,UP,Unnao,Uttar Pradesh,Delivery,Kanpur Moffusil Division,Kanpur Region,Uttar Pradesh Circle
209862,Magarwara SO,UP-Unnao,UP,Unnao,Uttar Pradesh,Delivery,Kanpur Moffusil Division,Kanpur Region,Uttar Pradesh Circle
209825,Purwa SO,UP-Unnao,UP,Unnao,Uttar Pradesh,Delivery,Kanpur Moffusil Division,Kanpur Region,Uttar Pradesh Circle
209801,Qila SO,UP-Unnao,UP,Unnao,Uttar Pradesh,Non Delivery,Kanpur Moffusil Division,Kanpur Region,Uttar Pradesh Circle
209870,Rasulabad SO Unnao,UP-Unnao,UP,Unnao,Uttar Pradesh,Delivery,Kanpur Moffusil Division,Kanpur Region,Uttar Pradesh Circle
209125,Sikandra SO Kanpur Dehat,UP-Kanpur Dehat,UP,Kanpur Dehat,Uttar Pradesh,Delivery,Kanpur Moffusil Division,Kanpur Region,Uttar Pradesh Circle
225401,Aliabad SO,UP-Barabanki,UP,Barabanki,Uttar Pradesh,Delivery,Barabanki Division,Lucknow  HQ Region,Uttar Pradesh Circle
225403,Dariya Bad SO,UP-Barabanki,UP,Barabanki,Uttar Pradesh,Delivery,Barabanki Division,Lucknow  HQ Region,Uttar Pradesh Circle
225404,Dariyabad RS SO,UP-Barabanki,UP,Barabanki,Uttar Pradesh,Delivery,Barabanki Division,Lucknow  HQ Region,Uttar Pradesh Circle
225003,Gandhi Aashram SO,UP-Barabanki,UP,Barabanki,Uttar Pradesh,Delivery,Barabanki Division,Lucknow  HQ Region,Uttar Pradesh Circle
225124,Haidergarh SO,UP-Barabanki,UP,Barabanki,Uttar Pradesh,Delivery,Barabanki Division,Lucknow  HQ Region,Uttar Pradesh Circle
225121,Harakh SO,UP-Barabanki,UP,Barabanki,Uttar Pradesh,Delivery,Barabanki Division,Lucknow  HQ Region,Uttar Pradesh Circle
225204,Masauli SO,UP-Barabanki,UP,Barabanki,Uttar Pradesh,Delivery,Barabanki Division,Lucknow  HQ Region,Uttar Pradesh Circle
225409,Ram Sanehi Ghat SO,UP-Barabanki,UP,Barabanki,Uttar Pradesh,Delivery,Barabanki Division,Lucknow  HQ Region,Uttar Pradesh Circle
225413,Sidhaur SO,UP-Barabanki,UP,Barabanki,Uttar Pradesh,Delivery,Barabanki Division,Lucknow  HQ Region,Uttar Pradesh Circle
225126,Trivediganj SO,UP-Barabanki,UP,Barabanki,Uttar Pradesh,Delivery,Barabanki Division,Lucknow  HQ Region,Uttar Pradesh Circle
225414,Zaidpur SO,UP-Barabanki,UP,Barabanki,Uttar Pradesh,Delivery,Barabanki Division,Lucknow  HQ Region,Uttar Pradesh Circle
224232,Hakeem Pur SO,UP-Ambedkar Nagar,UP,Ambedkar Nagar,Uttar Pradesh,Delivery,Faizabad Division,Lucknow  HQ Region,Uttar Pradesh Circle
224145,Iltifatganj SO,UP-Ambedkar Nagar,UP,Ambedkar Nagar,Uttar Pradesh,Delivery,Faizabad Division,Lucknow  HQ Region,Uttar Pradesh Circle
224146,Jafarganj SO,UP-Ambedkar Nagar,UP,Ambedkar Nagar,Uttar Pradesh,Delivery,Faizabad Division,Lucknow  HQ Region,Uttar Pradesh Circle
224151,Katehari SO,UP-Ambedkar Nagar,UP,Ambedkar Nagar,Uttar Pradesh,Delivery,Faizabad Division,Lucknow  HQ Region,Uttar Pradesh Circle
224155,Kichhauccha SO,UP-Ambedkar Nagar,UP,Ambedkar Nagar,Uttar Pradesh,Delivery,Faizabad Division,Lucknow  HQ Region,Uttar Pradesh Circle
224231,Maharuwa Gola SO,UP-Ambedkar Nagar,UP,Ambedkar Nagar,Uttar Pradesh,Delivery,Faizabad Division,Lucknow  HQ Region,Uttar Pradesh Circle
224183,Saidahi SO,UP-Ambedkar Nagar,UP,Ambedkar Nagar,Uttar Pradesh,Delivery,Faizabad Division,Lucknow  HQ Region,Uttar Pradesh Circle
224208,Harringtonganj SO,UP-Ayodhya,UP,Ayodhya,Uttar Pradesh,Delivery,Faizabad Division,Lucknow  HQ Region,Uttar Pradesh Circle
224228,Inayatnagar SO,UP-Ayodhya,UP,Ayodhya,Uttar Pradesh,Delivery,Faizabad Division,Lucknow  HQ Region,Uttar Pradesh Circle
224158,Kuchera SO,UP-Ayodhya,UP,Ayodhya,Uttar Pradesh,Delivery,Faizabad Division,Lucknow  HQ Region,Uttar Pradesh Circle
224117,Mawai SO,UP-Ayodhya,UP,Ayodhya,Uttar Pradesh,Delivery,Faizabad Division,Lucknow  HQ Region,Uttar Pradesh Circle
224118,Meermau SO,UP-Ayodhya,UP,Ayodhya,Uttar Pradesh,Delivery,Faizabad Division,Lucknow  HQ Region,Uttar Pradesh Circle
224119,Patranga RS SO,UP-Ayodhya,UP,Ayodhya,Uttar Pradesh,Delivery,Faizabad Division,Lucknow  HQ Region,Uttar Pradesh Circle
224182,Raunahi SO,UP-Ayodhya,UP,Ayodhya,Uttar Pradesh,Delivery,Faizabad Division,Lucknow  HQ Region,Uttar Pradesh Circle
224001,Sahebganj SO,UP-Ayodhya,UP,Ayodhya,Uttar Pradesh,Non Delivery,Faizabad Division,Lucknow  HQ Region,Uttar Pradesh Circle
224284,Shahganj SO,UP-Ayodhya,UP,Ayodhya,Uttar Pradesh,Delivery,Faizabad Division,Lucknow  HQ Region,Uttar Pradesh Circle
224123,Terhi Bazar SO,UP-Ayodhya,UP,Ayodhya,Uttar Pradesh,Non Delivery,Faizabad Division,Lucknow  HQ Region,Uttar Pradesh Circle
201006,Chikamberpur SO,UP-Ghaziabad,UP,Ghaziabad,Uttar Pradesh,Delivery,Ghaziabad Division,Lucknow  HQ Region,Uttar Pradesh Circle
201010,IESahibabad SO,UP-Ghaziabad,UP,Ghaziabad,Uttar Pradesh,Delivery,Ghaziabad Division,Lucknow  HQ Region,Uttar Pradesh Circle
201003,Meerut Road SO,UP-Ghaziabad,UP,Ghaziabad,Uttar Pradesh,Delivery,Ghaziabad Division,Lucknow  HQ Region,Uttar Pradesh Circle
201002,Police Line Harsaon SO,UP-Ghaziabad,UP,Ghaziabad,Uttar Pradesh,Non Delivery,Ghaziabad Division,Lucknow  HQ Region,Uttar Pradesh Circle
201103,Tronica City SO,UP-Ghaziabad,UP,Ghaziabad,Uttar Pradesh,Delivery,Ghaziabad Division,Lucknow  HQ Region,Uttar Pradesh Circle
201012,Vasundhra SO,UP-Ghaziabad,UP,Ghaziabad,Uttar Pradesh,Delivery,Ghaziabad Division,Lucknow  HQ Region,Uttar Pradesh Circle
201002,Shastri Nagar SO,UP-Ghaziabad,UP,Ghaziabad,Uttar Pradesh,Non Delivery,Ghaziabad Division,Lucknow  HQ Region,Uttar Pradesh Circle
201021,Abhay Khand 03 SO,UP-Ghaziabad,UP,Ghaziabad,Uttar Pradesh,Delivery,Ghaziabad Division,Lucknow  HQ Region,Uttar Pradesh Circle
201009,NDC Ghaziabad,UP-Ghaziabad,UP,Ghaziabad,Uttar Pradesh,Non Delivery,Ghaziabad Division,Lucknow  HQ Region,Uttar Pradesh Circle
245201,Babugarh SO,UP-Hapur,UP,Hapur,Uttar Pradesh,Delivery,Ghaziabad Division,Lucknow  HQ Region,Uttar Pradesh Circle
201201,Govindpuri SO,UP-Ghaziabad,UP,Ghaziabad,Uttar Pradesh,Delivery,Ghaziabad Division,Lucknow  HQ Region,Uttar Pradesh Circle
201201,Harmukhpuri SO,UP-Ghaziabad,UP,Ghaziabad,Uttar Pradesh,Non Delivery,Ghaziabad Division,Lucknow  HQ Region,Uttar Pradesh Circle
245201,Kuchesar Chopla SO,UP-Hapur,UP,Hapur,Uttar Pradesh,Non Delivery,Ghaziabad Division,Lucknow  HQ Region,Uttar Pradesh Circle
201204,Modi Nagar SO,UP-Ghaziabad,UP,Ghaziabad,Uttar Pradesh,Delivery,Ghaziabad Division,Lucknow  HQ Region,Uttar Pradesh Circle
245207,Simbhaoli SO,UP-Hapur,UP,Hapur,Uttar Pradesh,Delivery,Ghaziabad Division,Lucknow  HQ Region,Uttar Pradesh Circle
201301,Sec 27 Noida SO,UP-Gautam Buddha Nagar,UP,Gautam Buddha Nagar,Uttar Pradesh,Non Delivery,Gautam Buddha Nagar Division office,Lucknow  HQ Region,Uttar Pradesh Circle
201307,Sec34 Noida SO,UP-Gautam Buddha Nagar,UP,Gautam Buddha Nagar,Uttar Pradesh,Delivery,Gautam Buddha Nagar Division office,Lucknow  HQ Region,Uttar Pradesh Circle
201306,CRPF Greater Noida SO,UP-Gautam Buddha Nagar,UP,Gautam Buddha Nagar,Uttar Pradesh,Non Delivery,Gautam Buddha Nagar Division office,Lucknow  HQ Region,Uttar Pradesh Circle
226023,32 Bn PAC SO Lucknow,UP-Lucknow,UP,Lucknow,Uttar Pradesh,Non Delivery,Lucknow Division,Lucknow  HQ Region,Uttar Pradesh Circle
226004,A N L Colony SO,UP-Lucknow,UP,Lucknow,Uttar Pradesh,Non Delivery,Lucknow Division,Lucknow  HQ Region,Uttar Pradesh Circle
226004,Arya Nagar SO,UP-Lucknow,UP,Lucknow,Uttar Pradesh,Non Delivery,Lucknow Division,Lucknow  HQ Region,Uttar Pradesh Circle
226401,Banthara SO Lucknow,UP-Lucknow,UP,Lucknow,Uttar Pradesh,Delivery,Lucknow Division,Lucknow  HQ Region,Uttar Pradesh Circle
226005,CW Workshop SO,UP-Lucknow,UP,Lucknow,Uttar Pradesh,Non Delivery,Lucknow Division,Lucknow  HQ Region,Uttar Pradesh Circle
226020,Daliganj SO,UP-Lucknow,UP,Lucknow,Uttar Pradesh,Non Delivery,Lucknow Division,Lucknow  HQ Region,Uttar Pradesh Circle
226203,Itaunja SO,UP-Lucknow,UP,Lucknow,Uttar Pradesh,Delivery,Lucknow Division,Lucknow  HQ Region,Uttar Pradesh Circle
226005,LOCOMOTIVE WORKSHOP SO,UP-Lucknow,UP,Lucknow,Uttar Pradesh,Non Delivery,Lucknow Division,Lucknow  HQ Region,Uttar Pradesh Circle
226020,Loni Katra SO,UP-Lucknow,UP,Lucknow,Uttar Pradesh,Non Delivery,Lucknow Division,Lucknow  HQ Region,Uttar Pradesh Circle
226102,Malihabad SO,UP-Lucknow,UP,Lucknow,Uttar Pradesh,Delivery,Lucknow Division,Lucknow  HQ Region,Uttar Pradesh Circle
226011,MANAK NAGAR SO,UP-Lucknow,UP,Lucknow,Uttar Pradesh,Delivery,Lucknow Division,Lucknow  HQ Region,Uttar Pradesh Circle
226023,MANAS NAGAR SO,UP-Lucknow,UP,Lucknow,Uttar Pradesh,Delivery,Lucknow Division,Lucknow  HQ Region,Uttar Pradesh Circle
226005,Pawanpuri SO Lucknow,UP-Lucknow,UP,Lucknow,Uttar Pradesh,Non Delivery,Lucknow Division,Lucknow  HQ Region,Uttar Pradesh Circle
226004,Rajendranagar SO Lucknow,UP-Lucknow,UP,Lucknow,Uttar Pradesh,Delivery,Lucknow Division,Lucknow  HQ Region,Uttar Pradesh Circle
226003,Sarai Mali Khan SO,UP-Lucknow,UP,Lucknow,Uttar Pradesh,Non Delivery,Lucknow Division,Lucknow  HQ Region,Uttar Pradesh Circle
226018,Wazirganj SO Lucknow,UP-Lucknow,UP,Lucknow,Uttar Pradesh,Non Delivery,Lucknow Division,Lucknow  HQ Region,Uttar Pradesh Circle
226003,Yahiaganj SO,UP-Lucknow,UP,Lucknow,Uttar Pradesh,Non Delivery,Lucknow Division,Lucknow  HQ Region,Uttar Pradesh Circle
226001,AP Sabha SO,UP-Lucknow,UP,Lucknow,Uttar Pradesh,Non Delivery,Lucknow Division,Lucknow  HQ Region,Uttar Pradesh Circle
226016,Indiranagar Sec14 SO,UP-Lucknow,UP,Lucknow,Uttar Pradesh,Non Delivery,Lucknow Division,Lucknow  HQ Region,Uttar Pradesh Circle
226016,Indiranagar Sec18 SO,UP-Lucknow,UP,Lucknow,Uttar Pradesh,Non Delivery,Lucknow Division,Lucknow  HQ Region,Uttar Pradesh Circle
226001,Jawahar Bhawan SO,UP-Lucknow,UP,Lucknow,Uttar Pradesh,Non Delivery,Lucknow Division,Lucknow  HQ Region,Uttar Pradesh Circle
226006,M N Colony SO,UP-Lucknow,UP,Lucknow,Uttar Pradesh,Non Delivery,Lucknow Division,Lucknow  HQ Region,Uttar Pradesh Circle
226002,Military Hospital SO,UP-Lucknow,UP,Lucknow,Uttar Pradesh,Non Delivery,Lucknow Division,Lucknow  HQ Region,Uttar Pradesh Circle
226016,Secd Indiranagar SO,UP-Lucknow,UP,Lucknow,Uttar Pradesh,Non Delivery,Lucknow Division,Lucknow  HQ Region,Uttar Pradesh Circle
226014,Sgpgi SO,UP-Lucknow,UP,Lucknow,Uttar Pradesh,Delivery,Lucknow Division,Lucknow  HQ Region,Uttar Pradesh Circle
226002,Shia Lines SO,UP-Lucknow,UP,Lucknow,Uttar Pradesh,Non Delivery,Lucknow Division,Lucknow  HQ Region,Uttar Pradesh Circle
229122,Gurbuxganj SO,UP-Rae Bareli,UP,Rae Bareli,Uttar Pradesh,Delivery,Rae Bareilly Division,Lucknow  HQ Region,Uttar Pradesh Circle
229135,Aharwabhawani SO,UP-Amethi,UP,Amethi,Uttar Pradesh,Delivery,Rae Bareilly Division,Lucknow  HQ Region,Uttar Pradesh Circle
229001,Bus Station SO Raebareli,UP-Rae Bareli,UP,Rae Bareli,Uttar Pradesh,Non Delivery,Rae Bareilly Division,Lucknow  HQ Region,Uttar Pradesh Circle
229310,Deeh SO,UP-Rae Bareli,UP,Rae Bareli,Uttar Pradesh,Delivery,Rae Bareilly Division,Lucknow  HQ Region,Uttar Pradesh Circle
229103,Hallaur SO Raebareli,UP-Rae Bareli,UP,Rae Bareli,Uttar Pradesh,Delivery,Rae Bareilly Division,Lucknow  HQ Region,Uttar Pradesh Circle
229010,ITI SO Raebareli,UP-Rae Bareli,UP,Rae Bareli,Uttar Pradesh,Delivery,Rae Bareilly Division,Lucknow  HQ Region,Uttar Pradesh Circle
229402,Jagatpur SO Raebareli,UP-Rae Bareli,UP,Rae Bareli,Uttar Pradesh,Delivery,Rae Bareilly Division,Lucknow  HQ Region,Uttar Pradesh Circle
229124,K K Bajar SO,UP-Rae Bareli,UP,Rae Bareli,Uttar Pradesh,Delivery,Rae Bareilly Division,Lucknow  HQ Region,Uttar Pradesh Circle
229405,Munshiganj SO Raebareli,UP-Rae Bareli,UP,Rae Bareli,Uttar Pradesh,Delivery,Rae Bareilly Division,Lucknow  HQ Region,Uttar Pradesh Circle
229404,Mustafabad SO Raebareli,UP-Rae Bareli,UP,Rae Bareli,Uttar Pradesh,Delivery,Rae Bareilly Division,Lucknow  HQ Region,Uttar Pradesh Circle
229129,Parsadepur SO,UP-Rae Bareli,UP,Rae Bareli,Uttar Pradesh,Delivery,Rae Bareilly Division,Lucknow  HQ Region,Uttar Pradesh Circle
229127,Salon SO,UP-Rae Bareli,UP,Rae Bareli,Uttar Pradesh,Delivery,Rae Bareilly Division,Lucknow  HQ Region,Uttar Pradesh Circle
229001,Satyanagar SO Raebareli,UP-Rae Bareli,UP,Rae Bareli,Uttar Pradesh,Non Delivery,Rae Bareilly Division,Lucknow  HQ Region,Uttar Pradesh Circle
229126,Semrauta SO,UP-Amethi,UP,Amethi,Uttar Pradesh,Delivery,Rae Bareilly Division,Lucknow  HQ Region,Uttar Pradesh Circle
229305,Wahabganj SO,UP-Amethi,UP,Amethi,Uttar Pradesh,Non Delivery,Rae Bareilly Division,Lucknow  HQ Region,Uttar Pradesh Circle
261001,27 Bn PAC SO,UP-Sitapur,UP,Sitapur,Uttar Pradesh,Non Delivery,Sitapur Division,Lucknow  HQ Region,Uttar Pradesh Circle
261001,Alamnagar SO,UP-Sitapur,UP,Sitapur,Uttar Pradesh,Non Delivery,Sitapur Division,Lucknow  HQ Region,Uttar Pradesh Circle
261121,HS Mills SO,UP-Sitapur,UP,Sitapur,Uttar Pradesh,Delivery,Sitapur Division,Lucknow  HQ Region,Uttar Pradesh Circle
261001,Lohar Bagh SO,UP-Sitapur,UP,Sitapur,Uttar Pradesh,Non Delivery,Sitapur Division,Lucknow  HQ Region,Uttar Pradesh Circle
261145,Manpur SO Sitapur,UP-Sitapur,UP,Sitapur,Uttar Pradesh,Delivery,Sitapur Division,Lucknow  HQ Region,Uttar Pradesh Circle
261401,Mishrikh Tirth SO,UP-Sitapur,UP,Sitapur,Uttar Pradesh,Non Delivery,Sitapur Division,Lucknow  HQ Region,Uttar Pradesh Circle
261151,Pisawan SO,UP-Sitapur,UP,Sitapur,Uttar Pradesh,Delivery,Sitapur Division,Lucknow  HQ Region,Uttar Pradesh Circle
261205,Reosa SO,UP-Sitapur,UP,Sitapur,Uttar Pradesh,Delivery,Sitapur Division,Lucknow  HQ Region,Uttar Pradesh Circle
261136,Singhnapur SO,UP-Sitapur,UP,Sitapur,Uttar Pradesh,Delivery,Sitapur Division,Lucknow  HQ Region,Uttar Pradesh Circle
261001,Xi Bn PAC SO,UP-Sitapur,UP,Sitapur,Uttar Pradesh,Non Delivery,Sitapur Division,Lucknow  HQ Region,Uttar Pradesh Circle
227806,Bazar Baldirai SO,UP-Sultanpur,UP,Sultanpur,Uttar Pradesh,Delivery,Sultanpur Division,Prayagraj Regional Office,Uttar Pradesh Circle
227407,Bisesarganj SO,UP-Amethi,UP,Amethi,Uttar Pradesh,Delivery,Sultanpur Division,Prayagraj Regional Office,Uttar Pradesh Circle
227408,Dhammaur SO,UP-Sultanpur,UP,Sultanpur,Uttar Pradesh,Delivery,Sultanpur Division,Prayagraj Regional Office,Uttar Pradesh Circle
227817,Jagdishpur Industrial Area SO,UP-Amethi,UP,Amethi,Uttar Pradesh,Delivery,Sultanpur Division,Prayagraj Regional Office,Uttar Pradesh Circle
228145,Kadipur SO,UP-Sultanpur,UP,Sultanpur,Uttar Pradesh,Delivery,Sultanpur Division,Prayagraj Regional Office,Uttar Pradesh Circle
228001,Khairabad SO Sultanpur,UP-Sultanpur,UP,Sultanpur,Uttar Pradesh,Non Delivery,Sultanpur Division,Prayagraj Regional Office,Uttar Pradesh Circle
227413,Tikarmafi SO,UP-Amethi,UP,Amethi,Uttar Pradesh,Delivery,Sultanpur Division,Prayagraj Regional Office,Uttar Pradesh Circle
263641,Baijnath SO Bageshwar,UK-Bageshwar,UK,Bageshwar,Uttarakhand,Delivery,Almora Division,DivReportingCircle,Uttarakhand Circle
263655,Daulaghat SO,UK-Almora,UK,Almora,Uttarakhand,Delivery,Almora Division,DivReportingCircle,Uttarakhand Circle
263639,Kausani SO,UK-Bageshwar,UK,Bageshwar,Uttarakhand,Delivery,Almora Division,DivReportingCircle,Uttarakhand Circle
263643,Kosi SO Almora,UK-Almora,UK,Almora,Uttarakhand,Delivery,Almora Division,DivReportingCircle,Uttarakhand Circle
263664,Deolikhet SO,UK-Almora,UK,Almora,Uttarakhand,Delivery,Almora Division,DivReportingCircle,Uttarakhand Circle
263658,Masi SO,UK-Almora,UK,Almora,Uttarakhand,Delivery,Almora Division,DivReportingCircle,Uttarakhand Circle
263645,Ranikhet Sadar Bazar SO,UK-Almora,UK,Almora,Uttarakhand,Non Delivery,Almora Division,DivReportingCircle,Uttarakhand Circle
246421,Augustmuni SO,UK-Rudra Prayag,UK,Rudra Prayag,Uttarakhand,Delivery,Chamoli Division,DivReportingCircle,Uttarakhand Circle
246424,Chamoli SO,UK-Chamoli,UK,Chamoli,Uttarakhand,Delivery,Chamoli Division,DivReportingCircle,Uttarakhand Circle
246435,Ghat SO,UK-Chamoli,UK,Chamoli,Uttarakhand,Delivery,Chamoli Division,DivReportingCircle,Uttarakhand Circle
246401,Gopeshwar Collectorate SO,UK-Chamoli,UK,Chamoli,Uttarakhand,Non Delivery,Chamoli Division,DivReportingCircle,Uttarakhand Circle
246141,Jakholi SO,UK-Rudra Prayag,UK,Rudra Prayag,Uttarakhand,Delivery,Chamoli Division,DivReportingCircle,Uttarakhand Circle
246431,Mehalchauri SO,UK-Chamoli,UK,Chamoli,Uttarakhand,Delivery,Chamoli Division,DivReportingCircle,Uttarakhand Circle
246449,Nandprayag SO,UK-Chamoli,UK,Chamoli,Uttarakhand,Delivery,Chamoli Division,DivReportingCircle,Uttarakhand Circle
246474,Simli SO,UK-Chamoli,UK,Chamoli,Uttarakhand,Delivery,Chamoli Division,DivReportingCircle,Uttarakhand Circle
246482,Talwari SO,UK-Chamoli,UK,Chamoli,Uttarakhand,Delivery,Chamoli Division,DivReportingCircle,Uttarakhand Circle
248125,Dakpathar SO,UK-Dehradun,UK,Dehradun,Uttarakhand,Delivery,Dehradun Division,DivReportingCircle,Uttarakhand Circle
248142,Herbertpur SO,UK-Dehradun,UK,Dehradun,Uttarakhand,Delivery,Dehradun Division,DivReportingCircle,Uttarakhand Circle
248006,INC SO,UK-Dehradun,UK,Dehradun,Uttarakhand,Non Delivery,Dehradun Division,DivReportingCircle,Uttarakhand Circle
248179,Mussoorie SO,UK-Dehradun,UK,Dehradun,Uttarakhand,Delivery,Dehradun Division,DivReportingCircle,Uttarakhand Circle
248197,Sahaspur SO Dehradun,UK-Dehradun,UK,Dehradun,Uttarakhand,Delivery,Dehradun Division,DivReportingCircle,Uttarakhand Circle
248011,Selaqui SO,UK-Dehradun,UK,Dehradun,Uttarakhand,Delivery,Dehradun Division,DivReportingCircle,Uttarakhand Circle
248015,Sudhowala SO,UK-Dehradun,UK,Dehradun,Uttarakhand,Delivery,Dehradun Division,DivReportingCircle,Uttarakhand Circle
248199,Tuini SO,UK-Dehradun,UK,Dehradun,Uttarakhand,Delivery,Dehradun Division,DivReportingCircle,Uttarakhand Circle
248001,Arhat Bazar SO,UK-Dehradun,UK,Dehradun,Uttarakhand,Non Delivery,Dehradun Division,DivReportingCircle,Uttarakhand Circle
248005,IIP SO,UK-Dehradun,UK,Dehradun,Uttarakhand,Delivery,Dehradun Division,DivReportingCircle,Uttarakhand Circle
249205,Raiwala SO,UK-Dehradun,UK,Dehradun,Uttarakhand,Delivery,Dehradun Division,DivReportingCircle,Uttarakhand Circle
249201,Rishikesh SO,UK-Dehradun,UK,Dehradun,Uttarakhand,Delivery,Dehradun Division,DivReportingCircle,Uttarakhand Circle
249403,BHEL SO Haridwar,UK-Haridwar,UK,Haridwar,Uttarakhand,Delivery,Dehradun Division,DivReportingCircle,Uttarakhand Circle
247667,Ganesh Vatika SO,UK-Haridwar,UK,Haridwar,Uttarakhand,Non Delivery,Dehradun Division,DivReportingCircle,Uttarakhand Circle
247667,Ganeshpur SO,UK-Haridwar,UK,Haridwar,Uttarakhand,Non Delivery,Dehradun Division,DivReportingCircle,Uttarakhand Circle
249404,Gurukul Pharmecy SO,UK-Haridwar,UK,Haridwar,Uttarakhand,Non Delivery,Dehradun Division,DivReportingCircle,Uttarakhand Circle
249407,Jwalapur Town SO,UK-Haridwar,UK,Haridwar,Uttarakhand,Non Delivery,Dehradun Division,DivReportingCircle,Uttarakhand Circle
247664,Landhaura SO,UK-Haridwar,UK,Haridwar,Uttarakhand,Delivery,Dehradun Division,DivReportingCircle,Uttarakhand Circle
247666,Milap Nagar SO,UK-Haridwar,UK,Haridwar,Uttarakhand,Delivery,Dehradun Division,DivReportingCircle,Uttarakhand Circle
249405,Patanjali Yogpeeth SO,UK-Haridwar,UK,Haridwar,Uttarakhand,Delivery,Dehradun Division,DivReportingCircle,Uttarakhand Circle
247667,Roorkee Kutchery SO,UK-Haridwar,UK,Haridwar,Uttarakhand,Non Delivery,Dehradun Division,DivReportingCircle,Uttarakhand Circle
249411,Shantikunj SO,UK-Haridwar,UK,Haridwar,Uttarakhand,Delivery,Dehradun Division,DivReportingCircle,Uttarakhand Circle
249403,Shivalik Nagar SO,UK-Haridwar,UK,Haridwar,Uttarakhand,Non Delivery,Dehradun Division,DivReportingCircle,Uttarakhand Circle
249412,Navoday Nagar S.O,UK-Haridwar,UK,Haridwar,Uttarakhand,Delivery,Dehradun Division,DivReportingCircle,Uttarakhand Circle
244712,Jaspur SO,UK-Udam Singh Nagar,UK,Udam Singh Nagar,Uttarakhand,Delivery,Nainital Division,DivReportingCircle,Uttarakhand Circle
263150,Kelakhera SO,UK-Udam Singh Nagar,UK,Udam Singh Nagar,Uttarakhand,Delivery,Nainital Division,DivReportingCircle,Uttarakhand Circle
263148,Kichha SO,UK-Udam Singh Nagar,UK,Udam Singh Nagar,Uttarakhand,Delivery,Nainital Division,DivReportingCircle,Uttarakhand Circle
263139,Kusumkhera SO,UK-Nainital,UK,Nainital,Uttarakhand,Non Delivery,Nainital Division,DivReportingCircle,Uttarakhand Circle
244717,SM Nadehi SO,UK-Udam Singh Nagar,UK,Udam Singh Nagar,Uttarakhand,Delivery,Nainital Division,DivReportingCircle,Uttarakhand Circle
244715,Vidyalayee Siksha Parisad Ramnagar,UK-Nainital,UK,Nainital,Uttarakhand,Non Delivery,Nainital Division,DivReportingCircle,Uttarakhand Circle
263136,Bhimtal SO,UK-Nainital,UK,Nainital,Uttarakhand,Delivery,Nainital Division,DivReportingCircle,Uttarakhand Circle
263135,Garampani SO,UK-Nainital,UK,Nainital,Uttarakhand,Delivery,Nainital Division,DivReportingCircle,Uttarakhand Circle
244713,Hariawala Chauraha SO,UK-Udam Singh Nagar,UK,Udam Singh Nagar,Uttarakhand,Non Delivery,Nainital Division,DivReportingCircle,Uttarakhand Circle
263001,Kumaon University Nainital SO,UK-Nainital,UK,Nainital,Uttarakhand,Non Delivery,Nainital Division,DivReportingCircle,Uttarakhand Circle
249306,Chila Colony SO,UK-Pauri Garhwal,UK,Pauri Garhwal,Uttarakhand,Delivery,Pauri Division,DivReportingCircle,Uttarakhand Circle
249304,Swargashram SO,UK-Pauri Garhwal,UK,Pauri Garhwal,Uttarakhand,Delivery,Pauri Division,DivReportingCircle,Uttarakhand Circle
246172,Satpuli SO,UK-Pauri Garhwal,UK,Pauri Garhwal,Uttarakhand,Delivery,Pauri Division,DivReportingCircle,Uttarakhand Circle
246123,Chipalghat A SO,UK-Pauri Garhwal,UK,Pauri Garhwal,Uttarakhand,Delivery,Pauri Division,DivReportingCircle,Uttarakhand Circle
246125,Dehalchauri SO,UK-Pauri Garhwal,UK,Pauri Garhwal,Uttarakhand,Delivery,Pauri Division,DivReportingCircle,Uttarakhand Circle
246194,GB Pant Engg College SO,UK-Pauri Garhwal,UK,Pauri Garhwal,Uttarakhand,Delivery,Pauri Division,DivReportingCircle,Uttarakhand Circle
246001,Kandoliya SO,UK-Pauri Garhwal,UK,Pauri Garhwal,Uttarakhand,Non Delivery,Pauri Division,DivReportingCircle,Uttarakhand Circle
246147,Khirshu SO,UK-Pauri Garhwal,UK,Pauri Garhwal,Uttarakhand,Delivery,Pauri Division,DivReportingCircle,Uttarakhand Circle
246163,Mawadhar SO,UK-Pauri Garhwal,UK,Pauri Garhwal,Uttarakhand,Delivery,Pauri Division,DivReportingCircle,Uttarakhand Circle
246164,Pabau B SO,UK-Pauri Garhwal,UK,Pauri Garhwal,Uttarakhand,Delivery,Pauri Division,DivReportingCircle,Uttarakhand Circle
246166,Parsundakhal SO,UK-Pauri Garhwal,UK,Pauri Garhwal,Uttarakhand,Delivery,Pauri Division,DivReportingCircle,Uttarakhand Circle
246167,Patisain SO,UK-Pauri Garhwal,UK,Pauri Garhwal,Uttarakhand,Delivery,Pauri Division,DivReportingCircle,Uttarakhand Circle
246285,Thalisain SO,UK-Pauri Garhwal,UK,Pauri Garhwal,Uttarakhand,Delivery,Pauri Division,DivReportingCircle,Uttarakhand Circle
246176,Toli SO,UK-Pauri Garhwal,UK,Pauri Garhwal,Uttarakhand,Delivery,Pauri Division,DivReportingCircle,Uttarakhand Circle
262525,Abbotmount SO,UK-Champawat,UK,Champawat,Uttarakhand,Delivery,Pithoragarh Division,DivReportingCircle,Uttarakhand Circle
262530,Aincholi SO,UK-Pithoragarh,UK,Pithoragarh,Uttarakhand,Delivery,Pithoragarh Division,DivReportingCircle,Uttarakhand Circle
262543,Askote SO,UK-Pithoragarh,UK,Pithoragarh,Uttarakhand,Delivery,Pithoragarh Division,DivReportingCircle,Uttarakhand Circle
262520,Bharkatia SO,UK-Pithoragarh,UK,Pithoragarh,Uttarakhand,Delivery,Pithoragarh Division,DivReportingCircle,Uttarakhand Circle
262526,Jhulaghat SO,UK-Pithoragarh,UK,Pithoragarh,Uttarakhand,Delivery,Pithoragarh Division,DivReportingCircle,Uttarakhand Circle
262541,Kanalichina SO,UK-Pithoragarh,UK,Pithoragarh,Uttarakhand,Delivery,Pithoragarh Division,DivReportingCircle,Uttarakhand Circle
262524,Lohaghat SO,UK-Champawat,UK,Champawat,Uttarakhand,Delivery,Pithoragarh Division,DivReportingCircle,Uttarakhand Circle
262533,Pankhu SO,UK-Pithoragarh,UK,Pithoragarh,Uttarakhand,Delivery,Pithoragarh Division,DivReportingCircle,Uttarakhand Circle
262521,Wadda SO,UK-Pithoragarh,UK,Pithoragarh,Uttarakhand,Delivery,Pithoragarh Division,DivReportingCircle,Uttarakhand Circle
249124,Bhagirathipuram SO,UK-Tehri Garhwal,UK,Tehri Garhwal,Uttarakhand,Delivery,Tehri Division,DivReportingCircle,Uttarakhand Circle
249145,Chamma SO,UK-Tehri Garhwal,UK,Tehri Garhwal,Uttarakhand,Delivery,Tehri Division,DivReportingCircle,Uttarakhand Circle
249146,Gajja SO,UK-Tehri Garhwal,UK,Tehri Garhwal,Uttarakhand,Delivery,Tehri Division,DivReportingCircle,Uttarakhand Circle
249122,Hindolakhal SO,UK-Tehri Garhwal,UK,Tehri Garhwal,Uttarakhand,Delivery,Tehri Division,DivReportingCircle,Uttarakhand Circle
249181,Pilkhi SO,UK-Tehri Garhwal,UK,Tehri Garhwal,Uttarakhand,Delivery,Tehri Division,DivReportingCircle,Uttarakhand Circle
249301,D P Bazar SO,UK-Tehri Garhwal,UK,Tehri Garhwal,Uttarakhand,Non Delivery,Tehri Division,DivReportingCircle,Uttarakhand Circle
700008,Barisha SO,WB-Kolkata,WB,Kolkata,West Bengal,Delivery,South Kolkata Division,Kolkata Region,West Bengal Circle
700018,Bartala SO,WB-Kolkata,WB,Kolkata,West Bengal,Delivery,South Kolkata Division,Kolkata Region,West Bengal Circle
700034,Behala Municipal Market SO,WB-Kolkata,WB,Kolkata,West Bengal,Non Delivery,South Kolkata Division,Kolkata Region,West Bengal Circle
700034,Behala SO,WB-Kolkata,WB,Kolkata,West Bengal,Delivery,South Kolkata Division,Kolkata Region,West Bengal Circle
700024,KCMills SO,WB-Kolkata,WB,Kolkata,West Bengal,Non Delivery,South Kolkata Division,Kolkata Region,West Bengal Circle
700053,Kalabagan SO,WB-Kolkata,WB,Kolkata,West Bengal,Non Delivery,South Kolkata Division,Kolkata Region,West Bengal Circle
700043,Sonai SO Kolkata,WB-Kolkata,WB,Kolkata,West Bengal,Non Delivery,South Kolkata Division,Kolkata Region,West Bengal Circle
700006,Manicktala SO,WB-Kolkata,WB,Kolkata,West Bengal,Non Delivery,Kolkata North Division,Kolkata Region,West Bengal Circle
743232,Bagdah SO,WB-24 Paraganas North,WB,24 Paraganas North,West Bengal,Delivery,Barasat Division,Kolkata Region,West Bengal Circle
700124,Barasat Bazar SO,WB-24 Paraganas North,WB,24 Paraganas North,West Bengal,Non Delivery,Barasat Division,Kolkata Region,West Bengal Circle
743234,Bira Ballavepara SO,WB-24 Paraganas North,WB,24 Paraganas North,West Bengal,Delivery,Barasat Division,Kolkata Region,West Bengal Circle
743294,Chhoto Jagulia SO,WB-24 Paraganas North,WB,24 Paraganas North,West Bengal,Delivery,Barasat Division,Kolkata Region,West Bengal Circle
743710,Goribpur SO,WB-24 Paraganas North,WB,24 Paraganas North,West Bengal,Delivery,Barasat Division,Kolkata Region,West Bengal Circle
743223,Haripur SO North 24 Parganas,WB-24 Paraganas North,WB,24 Paraganas North,West Bengal,Delivery,Barasat Division,Kolkata Region,West Bengal Circle
743270,Helencha Colony SO,WB-24 Paraganas North,WB,24 Paraganas North,West Bengal,Delivery,Barasat Division,Kolkata Region,West Bengal Circle
743272,Kalyangarh SO,WB-24 Paraganas North,WB,24 Paraganas North,West Bengal,Delivery,Barasat Division,Kolkata Region,West Bengal Circle
700131,Newbarrackpur SO,WB-24 Paraganas North,WB,24 Paraganas North,West Bengal,Delivery,Barasat Division,Kolkata Region,West Bengal Circle
700135,Rajarhat SO,WB-24 Paraganas North,WB,24 Paraganas North,West Bengal,Delivery,Barasat Division,Kolkata Region,West Bengal Circle
743297,Sindrani SO,WB-24 Paraganas North,WB,24 Paraganas North,West Bengal,Delivery,Barasat Division,Kolkata Region,West Bengal Circle
743412,Basirhat College SO,WB-24 Paraganas North,WB,24 Paraganas North,West Bengal,Delivery,Barasat Division,Kolkata Region,West Bengal Circle
743291,Champapukur SO,WB-24 Paraganas North,WB,24 Paraganas North,West Bengal,Delivery,Barasat Division,Kolkata Region,West Bengal Circle
743437,Dhanyakuria SO,WB-24 Paraganas North,WB,24 Paraganas North,West Bengal,Delivery,Barasat Division,Kolkata Region,West Bengal Circle
743427,Katiahat SO,WB-24 Paraganas North,WB,24 Paraganas North,West Bengal,Delivery,Barasat Division,Kolkata Region,West Bengal Circle
743446,Sandeshkhali SO,WB-24 Paraganas North,WB,24 Paraganas North,West Bengal,Delivery,Barasat Division,Kolkata Region,West Bengal Circle
731202,Baswa SO Birbhum,WB-Birbhum,WB,Birbhum,West Bengal,Delivery,Birbhum Division,Kolkata Region,West Bengal Circle
731241,Chandpara SO,WB-Birbhum,WB,Birbhum,West Bengal,Delivery,Birbhum Division,Kolkata Region,West Bengal Circle
731216,Mallarpur SO,WB-Birbhum,WB,Birbhum,West Bengal,Delivery,Birbhum Division,Kolkata Region,West Bengal Circle
731219,Murarai SO,WB-Birbhum,WB,Birbhum,West Bengal,Delivery,Birbhum Division,Kolkata Region,West Bengal Circle
731220,Nalhati SO,WB-Birbhum,WB,Birbhum,West Bengal,Delivery,Birbhum Division,Kolkata Region,West Bengal Circle
731243,Nalhati Township SO,WB-Birbhum,WB,Birbhum,West Bengal,Delivery,Birbhum Division,Kolkata Region,West Bengal Circle
731223,R K Sikshapith SO,WB-Birbhum,WB,Birbhum,West Bengal,Delivery,Birbhum Division,Kolkata Region,West Bengal Circle
731224,Railpar SO Birbhum,WB-Birbhum,WB,Birbhum,West Bengal,Non Delivery,Birbhum Division,Kolkata Region,West Bengal Circle
731104,BkTPP SO,WB-Birbhum,WB,Birbhum,West Bengal,Delivery,Birbhum Division,Kolkata Region,West Bengal Circle
731204,Bolpur Bazar SO,WB-Birbhum,WB,Birbhum,West Bengal,Non Delivery,Birbhum Division,Kolkata Region,West Bengal Circle
731204,Bolpur SO,WB-Birbhum,WB,Birbhum,West Bengal,Delivery,Birbhum Division,Kolkata Region,West Bengal Circle
731102,Hatjanbazar SO,WB-Birbhum,WB,Birbhum,West Bengal,Delivery,Birbhum Division,Kolkata Region,West Bengal Circle
731123,Jangaldubrajpur SO,WB-Birbhum,WB,Birbhum,West Bengal,Non Delivery,Birbhum Division,Kolkata Region,West Bengal Circle
731303,Labpur SO,WB-Birbhum,WB,Birbhum,West Bengal,Delivery,Birbhum Division,Kolkata Region,West Bengal Circle
731133,Panchrahat SO,WB-Birbhum,WB,Birbhum,West Bengal,Delivery,Birbhum Division,Kolkata Region,West Bengal Circle
731234,Rakhakalitala SO,WB-Birbhum,WB,Birbhum,West Bengal,Non Delivery,Birbhum Division,Kolkata Region,West Bengal Circle
700020,AJCBose Road SO,WB-Kolkata,WB,Kolkata,West Bengal,Non Delivery,South Kolkata Division,Kolkata Region,West Bengal Circle
700019,Ballygunge Sc College SO,WB-Kolkata,WB,Kolkata,West Bengal,Non Delivery,South Kolkata Division,Kolkata Region,West Bengal Circle
700031,Dhakuria SO,WB-Kolkata,WB,Kolkata,West Bengal,Delivery,South Kolkata Division,Kolkata Region,West Bengal Circle
700047,Garia BT SO,WB-Kolkata,WB,Kolkata,West Bengal,Non Delivery,South Kolkata Division,Kolkata Region,West Bengal Circle
700019,Gariahat Market SO,WB-Kolkata,WB,Kolkata,West Bengal,Non Delivery,South Kolkata Division,Kolkata Region,West Bengal Circle
700020,LRSarani SO,WB-Kolkata,WB,Kolkata,West Bengal,Delivery,South Kolkata Division,Kolkata Region,West Bengal Circle
700032,Pgh Shah Road SO,WB-Kolkata,WB,Kolkata,West Bengal,Non Delivery,South Kolkata Division,Kolkata Region,West Bengal Circle
700075,Santoshpur SO,WB-Kolkata,WB,Kolkata,West Bengal,Delivery,South Kolkata Division,Kolkata Region,West Bengal Circle
700041,Sirity SO,WB-Kolkata,WB,Kolkata,West Bengal,Non Delivery,South Kolkata Division,Kolkata Region,West Bengal Circle
700073,Chittaranjan Avenue SO Kolkata,WB-Kolkata,WB,Kolkata,West Bengal,Delivery,Kolkata Central Division,Kolkata Region,West Bengal Circle
700073,Pollock Street SO,WB-Kolkata,WB,Kolkata,West Bengal,Non Delivery,Kolkata Central Division,Kolkata Region,West Bengal Circle
700039,Bediadanga SO,WB-Kolkata,WB,Kolkata,West Bengal,Non Delivery,Kolkata East Division,Kolkata Region,West Bengal Circle
700064,Bidhan Nagar AE Market SO,WB-24 Paraganas North,WB,24 Paraganas North,West Bengal,Non Delivery,Kolkata East Division,Kolkata Region,West Bengal Circle
700091,Bidhan Nagar CK Market SO,WB-24 Paraganas North,WB,24 Paraganas North,West Bengal,Non Delivery,Kolkata East Division,Kolkata Region,West Bengal Circle
700106,Bidhan Nagar IB Market SO,WB-24 Paraganas North,WB,24 Paraganas North,West Bengal,Delivery,Kolkata East Division,Kolkata Region,West Bengal Circle
700014,Intally SO,WB-Kolkata,WB,Kolkata,West Bengal,Delivery,Kolkata East Division,Kolkata Region,West Bengal Circle
700017,Jhowtala SO,WB-Kolkata,WB,Kolkata,West Bengal,Non Delivery,Kolkata East Division,Kolkata Region,West Bengal Circle
700085,KG Bose Sarani SO,WB-Kolkata,WB,Kolkata,West Bengal,Delivery,Kolkata East Division,Kolkata Region,West Bengal Circle
700102,Krishnapur SO North 24 Parganas,WB-24 Paraganas North,WB,24 Paraganas North,West Bengal,Delivery,Kolkata East Division,Kolkata Region,West Bengal Circle
700039,Picnic Garden SO,WB-Kolkata,WB,Kolkata,West Bengal,Non Delivery,Kolkata East Division,Kolkata Region,West Bengal Circle
700012,Sankaritola SO,WB-Kolkata,WB,Kolkata,West Bengal,Non Delivery,Kolkata East Division,Kolkata Region,West Bengal Circle
700091,Sech Bhawan SO,WB-24 Paraganas North,WB,24 Paraganas North,West Bengal,Delivery,Kolkata East Division,Kolkata Region,West Bengal Circle
700014,Taltala SO,WB-Kolkata,WB,Kolkata,West Bengal,Non Delivery,Kolkata East Division,Kolkata Region,West Bengal Circle
700015,Tangra SO,WB-Kolkata,WB,Kolkata,West Bengal,Delivery,Kolkata East Division,Kolkata Region,West Bengal Circle
700039,Tiljala SO,WB-Kolkata,WB,Kolkata,West Bengal,Delivery,Kolkata East Division,Kolkata Region,West Bengal Circle
700160,New Town Action Area III,WB-24 Paraganas North,WB,24 Paraganas North,West Bengal,Delivery,Kolkata East Division,Kolkata Region,West Bengal Circle
700007,College Square SO,WB-Kolkata,WB,Kolkata,West Bengal,Non Delivery,Kolkata Central Division,Kolkata Region,West Bengal Circle
700073,Colootala  SO,WB-Kolkata,WB,Kolkata,West Bengal,Non Delivery,Kolkata Central Division,Kolkata Region,West Bengal Circle
700001,R N Mukherjee Road SO,WB-Kolkata,WB,Kolkata,West Bengal,Non Delivery,Kolkata Central Division,Kolkata Region,West Bengal Circle
700001,Writers Building SO,WB-Kolkata,WB,Kolkata,West Bengal,Non Delivery,Kolkata Central Division,Kolkata Region,West Bengal Circle
700002,Cossipore Gun Factory SO,WB-Kolkata,WB,Kolkata,West Bengal,Non Delivery,Kolkata North Division,Kolkata Region,West Bengal Circle
700065,Durganagar SO,WB-24 Paraganas North,WB,24 Paraganas North,West Bengal,Non Delivery,Kolkata North Division,Kolkata Region,West Bengal Circle
700074,Jawpore SO,WB-24 Paraganas North,WB,24 Paraganas North,West Bengal,Non Delivery,Kolkata North Division,Kolkata Region,West Bengal Circle
700028,Kamalapur SO,WB-24 Paraganas North,WB,24 Paraganas North,West Bengal,Non Delivery,Kolkata North Division,Kolkata Region,West Bengal Circle
700002,Paikpara SO,WB-Kolkata,WB,Kolkata,West Bengal,Non Delivery,Kolkata North Division,Kolkata Region,West Bengal Circle
700030,Purba Sinthee SO,WB-24 Paraganas North,WB,24 Paraganas North,West Bengal,Non Delivery,Kolkata North Division,Kolkata Region,West Bengal Circle
700002,Satchasipara SO,WB-Kolkata,WB,Kolkata,West Bengal,Non Delivery,Kolkata North Division,Kolkata Region,West Bengal Circle
700030,Sethbagan SO,WB-24 Paraganas North,WB,24 Paraganas North,West Bengal,Non Delivery,Kolkata North Division,Kolkata Region,West Bengal Circle
700050,Sinthee SO,WB-Kolkata,WB,Kolkata,West Bengal,Delivery,Kolkata North Division,Kolkata Region,West Bengal Circle
742101,Berhampore Station Road SO,WB-Murshidabad,WB,Murshidabad,West Bengal,Non Delivery,Murshidabad Division,Kolkata Region,West Bengal Circle
742104,DLSSJdham SO,WB-Murshidabad,WB,Murshidabad,West Bengal,Delivery,Murshidabad Division,Kolkata Region,West Bengal Circle
742103,Indraprastha SO,WB-Murshidabad,WB,Murshidabad,West Bengal,Non Delivery,Murshidabad Division,Kolkata Region,West Bengal Circle
742304,Islampore SO,WB-Murshidabad,WB,Murshidabad,West Bengal,Delivery,Murshidabad Division,Kolkata Region,West Bengal Circle
742101,Kansari Bazar SO,WB-Murshidabad,WB,Murshidabad,West Bengal,Non Delivery,Murshidabad Division,Kolkata Region,West Bengal Circle
742160,Nashipur Rajbati SO,WB-Murshidabad,WB,Murshidabad,West Bengal,Delivery,Murshidabad Division,Kolkata Region,West Bengal Circle
742175,Sabdarnagar SO,WB-Murshidabad,WB,Murshidabad,West Bengal,Delivery,Murshidabad Division,Kolkata Region,West Bengal Circle
742174,Sarbangapur SO,WB-Murshidabad,WB,Murshidabad,West Bengal,Delivery,Murshidabad Division,Kolkata Region,West Bengal Circle
742409,Shaikhpara SO,WB-Murshidabad,WB,Murshidabad,West Bengal,Delivery,Murshidabad Division,Kolkata Region,West Bengal Circle
742138,Bagdanga SO,WB-Murshidabad,WB,Murshidabad,West Bengal,Delivery,Murshidabad Division,Kolkata Region,West Bengal Circle
742132,Barwan SO Murshidabad,WB-Murshidabad,WB,Murshidabad,West Bengal,Delivery,Murshidabad Division,Kolkata Region,West Bengal Circle
742137,Kandi Bazar SO,WB-Murshidabad,WB,Murshidabad,West Bengal,Non Delivery,Murshidabad Division,Kolkata Region,West Bengal Circle
742147,Khargram SO,WB-Murshidabad,WB,Murshidabad,West Bengal,Delivery,Murshidabad Division,Kolkata Region,West Bengal Circle
742213,Chotkalia SO,WB-Murshidabad,WB,Murshidabad,West Bengal,Non Delivery,Murshidabad Division,Kolkata Region,West Bengal Circle
742227,Gankar SO,WB-Murshidabad,WB,Murshidabad,West Bengal,Delivery,Murshidabad Division,Kolkata Region,West Bengal Circle
742148,Lalgola SO,WB-Murshidabad,WB,Murshidabad,West Bengal,Delivery,Murshidabad Division,Kolkata Region,West Bengal Circle
742184,Nabagram SO Murshidabad,WB-Murshidabad,WB,Murshidabad,West Bengal,Delivery,Murshidabad Division,Kolkata Region,West Bengal Circle
742224,Nimtita SO,WB-Murshidabad,WB,Murshidabad,West Bengal,Delivery,Murshidabad Division,Kolkata Region,West Bengal Circle
742236,Ntpc Farakka SO,WB-Murshidabad,WB,Murshidabad,West Bengal,Non Delivery,Murshidabad Division,Kolkata Region,West Bengal Circle
741122,Bagchi Jamsherpur SO,WB-Nadia,WB,Nadia,West Bengal,Delivery,Nadia North Division,Kolkata Region,West Bengal Circle
741164,Dayer Bazar SO,WB-Nadia,WB,Nadia,West Bengal,Delivery,Nadia North Division,Kolkata Region,West Bengal Circle
741101,Nadia School Board SO,WB-Nadia,WB,Nadia,West Bengal,Non Delivery,Nadia North Division,Kolkata Region,West Bengal Circle
741101,Nagendranagar SO,WB-Nadia,WB,Nadia,West Bengal,Non Delivery,Nadia North Division,Kolkata Region,West Bengal Circle
741160,Tehatta SO,WB-Nadia,WB,Nadia,West Bengal,Delivery,Nadia North Division,Kolkata Region,West Bengal Circle
741137,Debagram SO,WB-Nadia,WB,Nadia,West Bengal,Delivery,Nadia North Division,Kolkata Region,West Bengal Circle
741138,Dharmada SO,WB-Nadia,WB,Nadia,West Bengal,Delivery,Nadia North Division,Kolkata Region,West Bengal Circle
741139,Dhubulia SO,WB-Nadia,WB,Nadia,West Bengal,Delivery,Nadia North Division,Kolkata Region,West Bengal Circle
741153,Matiari SO,WB-Nadia,WB,Nadia,West Bengal,Delivery,Nadia North Division,Kolkata Region,West Bengal Circle
741302,Nabadwip Dham RS SO,WB-Nadia,WB,Nadia,West Bengal,Non Delivery,Nadia North Division,Kolkata Region,West Bengal Circle
741302,Tegharipara SO,WB-Nadia,WB,Nadia,West Bengal,Non Delivery,Nadia North Division,Kolkata Region,West Bengal Circle
741235,Gandhi Memorial Hospital SO,WB-Nadia,WB,Nadia,West Bengal,Non Delivery,Nadia South Division,Kolkata Region,West Bengal Circle
741235,Kalyani Hospital SO,WB-Nadia,WB,Nadia,West Bengal,Non Delivery,Nadia South Division,Kolkata Region,West Bengal Circle
741250,Kataganj SO,WB-Nadia,WB,Nadia,West Bengal,Delivery,Nadia South Division,Kolkata Region,West Bengal Circle
741246,Mohanpur SO Nadia,WB-Nadia,WB,Nadia,West Bengal,Delivery,Nadia South Division,Kolkata Region,West Bengal Circle
741257,Nagarukhra SO,WB-Nadia,WB,Nadia,West Bengal,Delivery,Nadia South Division,Kolkata Region,West Bengal Circle
741223,Purbabishnupur SO,WB-Nadia,WB,Nadia,West Bengal,Delivery,Nadia South Division,Kolkata Region,West Bengal Circle
741248,Simurali SO,WB-Nadia,WB,Nadia,West Bengal,Delivery,Nadia South Division,Kolkata Region,West Bengal Circle
741501,Arangahta SO,WB-Nadia,WB,Nadia,West Bengal,Delivery,Nadia South Division,Kolkata Region,West Bengal Circle
741201,Biswaspara SO,WB-Nadia,WB,Nadia,West Bengal,Non Delivery,Nadia South Division,Kolkata Region,West Bengal Circle
741232,Coopers Camp SO,WB-Nadia,WB,Nadia,West Bengal,Delivery,Nadia South Division,Kolkata Region,West Bengal Circle
741404,Krishnakalitala SO,WB-Nadia,WB,Nadia,West Bengal,Non Delivery,Nadia South Division,Kolkata Region,West Bengal Circle
741404,Sutragarh SO,WB-Nadia,WB,Nadia,West Bengal,Non Delivery,Nadia South Division,Kolkata Region,West Bengal Circle
700119,Bishalakshi Ghat SO,WB-24 Paraganas North,WB,24 Paraganas North,West Bengal,Non Delivery,BARRACKPORE DIVISION,Kolkata Region,West Bengal Circle
743125,Gupter Bagan SO,WB-24 Paraganas North,WB,24 Paraganas North,West Bengal,Non Delivery,BARRACKPORE DIVISION,Kolkata Region,West Bengal Circle
743144,Ichapur Nawabganj SO,WB-24 Paraganas North,WB,24 Paraganas North,West Bengal,Delivery,BARRACKPORE DIVISION,Kolkata Region,West Bengal Circle
743145,Kanchrapara Loco Shop SO,WB-24 Paraganas North,WB,24 Paraganas North,West Bengal,Non Delivery,BARRACKPORE DIVISION,Kolkata Region,West Bengal Circle
743126,Kankinara SO,WB-24 Paraganas North,WB,24 Paraganas North,West Bengal,Delivery,BARRACKPORE DIVISION,Kolkata Region,West Bengal Circle
743144,Kantadhar SO,WB-24 Paraganas North,WB,24 Paraganas North,West Bengal,Non Delivery,BARRACKPORE DIVISION,Kolkata Region,West Bengal Circle
743127,Kowgachi SO,WB-24 Paraganas North,WB,24 Paraganas North,West Bengal,Non Delivery,BARRACKPORE DIVISION,Kolkata Region,West Bengal Circle
700109,Agarpara SO,WB-24 Paraganas North,WB,24 Paraganas North,West Bengal,Delivery,BARRACKPORE DIVISION,Kolkata Region,West Bengal Circle
700083,East Belghoria SO,WB-24 Paraganas North,WB,24 Paraganas North,West Bengal,Non Delivery,BARRACKPORE DIVISION,Kolkata Region,West Bengal Circle
700112,Pansila SO,WB-24 Paraganas North,WB,24 Paraganas North,West Bengal,Delivery,BARRACKPORE DIVISION,Kolkata Region,West Bengal Circle
700081,Rajbari Colony SO,WB-24 Paraganas North,WB,24 Paraganas North,West Bengal,Delivery,BARRACKPORE DIVISION,Kolkata Region,West Bengal Circle
700056,Rathtala SO,WB-24 Paraganas North,WB,24 Paraganas North,West Bengal,Non Delivery,BARRACKPORE DIVISION,Kolkata Region,West Bengal Circle
700115,Sukchar SO North 24 Parganas,WB-24 Paraganas North,WB,24 Paraganas North,West Bengal,Delivery,BARRACKPORE DIVISION,Kolkata Region,West Bengal Circle
743345,Bijoyganj Bazar SO,WB-24 Paraganas South,WB,24 Paraganas South,West Bengal,Delivery,Baruipur Division,Kolkata Region,West Bengal Circle
743318,Birlapur SO,WB-24 Paraganas South,WB,24 Paraganas South,West Bengal,Delivery,Baruipur Division,Kolkata Region,West Bengal Circle
743503,Bishnupur SO South 24 Parganas,WB-24 Paraganas South,WB,24 Paraganas South,West Bengal,Delivery,Baruipur Division,Kolkata Region,West Bengal Circle
743372,Dakshin Barasat SO,WB-24 Paraganas South,WB,24 Paraganas South,West Bengal,Delivery,Baruipur Division,Kolkata Region,West Bengal Circle
700084,Garia SO South 24 Parganas,WB-24 Paraganas South,WB,24 Paraganas South,West Bengal,Delivery,Baruipur Division,Kolkata Region,West Bengal Circle
700084,Kamda Hari SO,WB-24 Paraganas South,WB,24 Paraganas South,West Bengal,Non Delivery,Baruipur Division,Kolkata Region,West Bengal Circle
743349,Kashinagar SO South 24 Parganas,WB-24 Paraganas South,WB,24 Paraganas South,West Bengal,Delivery,Baruipur Division,Kolkata Region,West Bengal Circle
700145,Malancha Mahinagar SO,WB-24 Paraganas South,WB,24 Paraganas South,West Bengal,Delivery,Baruipur Division,Kolkata Region,West Bengal Circle
743611,Pathan Khali SO,WB-24 Paraganas South,WB,24 Paraganas South,West Bengal,Delivery,Baruipur Division,Kolkata Region,West Bengal Circle
700149,Rajpur SO South 24 Parganas,WB-24 Paraganas South,WB,24 Paraganas South,West Bengal,Delivery,Baruipur Division,Kolkata Region,West Bengal Circle
743395,South Bishnupur SO,WB-24 Paraganas South,WB,24 Paraganas South,West Bengal,Delivery,Baruipur Division,Kolkata Region,West Bengal Circle
743613,South Garia SO,WB-24 Paraganas South,WB,24 Paraganas South,West Bengal,Delivery,Baruipur Division,Kolkata Region,West Bengal Circle
743331,Diamond Harbour New Town SO,WB-24 Paraganas South,WB,24 Paraganas South,West Bengal,Non Delivery,Baruipur Division,Kolkata Region,West Bengal Circle
744201,Betapur S.O,AN-North And Middle Andaman,AN,North And Middle Andaman,Andaman and Nicobar Islands,Delivery,A - N Islands Division,DivReportingCircle,West Bengal Circle
744301,Carnicobar S.O,AN-Nicobars,AN,Nicobars,Andaman and Nicobar Islands,Delivery,A - N Islands Division,DivReportingCircle,West Bengal Circle
744102,Delanipur S.O,AN-South Andamans,AN,South Andamans,Andaman and Nicobar Islands,Non Delivery,A - N Islands Division,DivReportingCircle,West Bengal Circle
744304,Kapanga S.O,AN-Nicobars,AN,Nicobars,Andaman and Nicobar Islands,Delivery,A - N Islands Division,DivReportingCircle,West Bengal Circle
735215,Hasimara SO,WB-Alipurduar,WB,Alipurduar,West Bengal,Delivery,Cooch Behar Division,North Bengal Region,West Bengal Circle
736101,Kharimala Khagrbari SO,WB-Coochbehar,WB,Coochbehar,West Bengal,Non Delivery,Cooch Behar Division,North Bengal Region,West Bengal Circle
736101,Patakura SO Cooch Behar,WB-Coochbehar,WB,Coochbehar,West Bengal,Non Delivery,Cooch Behar Division,North Bengal Region,West Bengal Circle
736176,Sahebganj SO Cooch Behar,WB-Coochbehar,WB,Coochbehar,West Bengal,Delivery,Cooch Behar Division,North Bengal Region,West Bengal Circle
736206,Saontalpur SO,WB-Alipurduar,WB,Alipurduar,West Bengal,Delivery,Cooch Behar Division,North Bengal Region,West Bengal Circle
736160,Tufanganj New Town SO,WB-Coochbehar,WB,Coochbehar,West Bengal,Delivery,Cooch Behar Division,North Bengal Region,West Bengal Circle
734314,Algarah SO,WB-Kalimpong,WB,Kalimpong,West Bengal,Delivery,Darjeeling Division,North Bengal Region,West Bengal Circle
734101,Bhanugram SO,WB-Darjeeling,WB,Darjeeling,West Bengal,Non Delivery,Darjeeling Division,North Bengal Region,West Bengal Circle
734201,Bijanbari SO,WB-Darjeeling,WB,Darjeeling,West Bengal,Delivery,Darjeeling Division,North Bengal Region,West Bengal Circle
734101,Darjeeling Bazar SO,WB-Darjeeling,WB,Darjeeling,West Bengal,Non Delivery,Darjeeling Division,North Bengal Region,West Bengal Circle
734103,Jalapahar SO,WB-Darjeeling,WB,Darjeeling,West Bengal,Delivery,Darjeeling Division,North Bengal Region,West Bengal Circle
734215,Nagrispur SO,WB-Darjeeling,WB,Darjeeling,West Bengal,Delivery,Darjeeling Division,North Bengal Region,West Bengal Circle
734216,Pokhriabong SO,WB-Darjeeling,WB,Darjeeling,West Bengal,Delivery,Darjeeling Division,North Bengal Region,West Bengal Circle
734220,StMarys Hill SO,WB-Darjeeling,WB,Darjeeling,West Bengal,Delivery,Darjeeling Division,North Bengal Region,West Bengal Circle
734011,Kadamtala SO Darjiling,WB-Darjeeling,WB,Darjeeling,West Bengal,Delivery,Darjeeling Division,North Bengal Region,West Bengal Circle
734001,Mahananda Bridge SO,WB-Darjeeling,WB,Darjeeling,West Bengal,Non Delivery,Darjeeling Division,North Bengal Region,West Bengal Circle
734001,Subashpally SO,WB-Jalpaiguri,WB,Jalpaiguri,West Bengal,Non Delivery,Darjeeling Division,North Bengal Region,West Bengal Circle
734009,Sukna SO,WB-Darjeeling,WB,Darjeeling,West Bengal,Delivery,Darjeeling Division,North Bengal Region,West Bengal Circle
734001,Vivekanandapally SO,WB-Jalpaiguri,WB,Jalpaiguri,West Bengal,Non Delivery,Darjeeling Division,North Bengal Region,West Bengal Circle
735101,Bowbazar SO Jalpaiguri,WB-Jalpaiguri,WB,Jalpaiguri,West Bengal,Non Delivery,Jalpaiguri Division,North Bengal Region,West Bengal Circle
735302,Domohani SO,WB-Jalpaiguri,WB,Jalpaiguri,West Bengal,Delivery,Jalpaiguri Division,North Bengal Region,West Bengal Circle
735101,Jalpaiguri Bank SO,WB-Jalpaiguri,WB,Jalpaiguri,West Bengal,Non Delivery,Jalpaiguri Division,North Bengal Region,West Bengal Circle
735303,Jamaldah SO,WB-Coochbehar,WB,Coochbehar,West Bengal,Delivery,Jalpaiguri Division,North Bengal Region,West Bengal Circle
735101,Jpg Dist School Board SO,WB-Jalpaiguri,WB,Jalpaiguri,West Bengal,Non Delivery,Jalpaiguri Division,North Bengal Region,West Bengal Circle
735224,Maynaguri SO,WB-Jalpaiguri,WB,Jalpaiguri,West Bengal,Delivery,Jalpaiguri Division,North Bengal Region,West Bengal Circle
735101,Mohantapara SO,WB-Jalpaiguri,WB,Jalpaiguri,West Bengal,Non Delivery,Jalpaiguri Division,North Bengal Region,West Bengal Circle
735233,Nathuahat SO,WB-Jalpaiguri,WB,Jalpaiguri,West Bengal,Delivery,Jalpaiguri Division,North Bengal Region,West Bengal Circle
735101,Rajbari Para SO,WB-Jalpaiguri,WB,Jalpaiguri,West Bengal,Non Delivery,Jalpaiguri Division,North Bengal Region,West Bengal Circle
735232,Binnaguri Cantt SO,WB-Jalpaiguri,WB,Jalpaiguri,West Bengal,Delivery,Jalpaiguri Division,North Bengal Region,West Bengal Circle
735220,Madarihat SO,WB-Alipurduar,WB,Alipurduar,West Bengal,Delivery,Jalpaiguri Division,North Bengal Region,West Bengal Circle
735225,Nagrakata SO,WB-Jalpaiguri,WB,Jalpaiguri,West Bengal,Delivery,Jalpaiguri Division,North Bengal Region,West Bengal Circle
732101,Bansbari SO,WB-Maldah,WB,Maldah,West Bengal,Non Delivery,Malda Division,North Bengal Region,West Bengal Circle
732124,Gajol SO,WB-Maldah,WB,Maldah,West Bengal,Delivery,Malda Division,North Bengal Region,West Bengal Circle
732144,Kotwali SO Malda,WB-Maldah,WB,Maldah,West Bengal,Delivery,Malda Division,North Bengal Region,West Bengal Circle
732216,Mahadipur SO,WB-Maldah,WB,Maldah,West Bengal,Delivery,Malda Division,North Bengal Region,West Bengal Circle
732101,Malda Court SO,WB-Maldah,WB,Maldah,West Bengal,Non Delivery,Malda Division,North Bengal Region,West Bengal Circle
732203,Mathurapur SO Malda,WB-Maldah,WB,Maldah,West Bengal,Delivery,Malda Division,North Bengal Region,West Bengal Circle
732141,Narayanpur SO Malda,WB-Maldah,WB,Maldah,West Bengal,Delivery,Malda Division,North Bengal Region,West Bengal Circle
732215,Pubarun SO,WB-Maldah,WB,Maldah,West Bengal,Delivery,Malda Division,North Bengal Region,West Bengal Circle
732139,Samsi SO,WB-Maldah,WB,Maldah,West Bengal,Delivery,Malda Division,North Bengal Region,West Bengal Circle
737121,Naya Bazar SO West Sikkim,SK-West District,SK,West District,Sikkim,Delivery,Sikkim Division,DivReportingCircle,West Bengal Circle
737132,Rangpo SO,SK-Pakyong,SK,Pakyong,Sikkim,Delivery,Sikkim Division,DivReportingCircle,West Bengal Circle
737139,Ravangla SO,SK-South District,SK,South District,Sikkim,Delivery,Sikkim Division,DivReportingCircle,West Bengal Circle
737102,Tadong SO,SK-East District,SK,East District,Sikkim,Delivery,Sikkim Division,DivReportingCircle,West Bengal Circle
737103,Tashiling SO,SK-East District,SK,East District,Sikkim,Non Delivery,Sikkim Division,DivReportingCircle,West Bengal Circle
733101,Balurghat Market SO,WB-Dinajpur Dakshin,WB,Dinajpur Dakshin,West Bengal,Non Delivery,Dakshin Dinajpur Division,North Bengal Region,West Bengal Circle
733121,Buniadpur SO,WB-Dinajpur Dakshin,WB,Dinajpur Dakshin,West Bengal,Delivery,Dakshin Dinajpur Division,North Bengal Region,West Bengal Circle
733102,Chakvrigu SO,WB-Dinajpur Dakshin,WB,Dinajpur Dakshin,West Bengal,Delivery,Dakshin Dinajpur Division,North Bengal Region,West Bengal Circle
733141,Gopalganj SO,WB-Dinajpur Dakshin,WB,Dinajpur Dakshin,West Bengal,Delivery,Dakshin Dinajpur Division,North Bengal Region,West Bengal Circle
733125,Harirampur SO,WB-Dinajpur Dakshin,WB,Dinajpur Dakshin,West Bengal,Delivery,Dakshin Dinajpur Division,North Bengal Region,West Bengal Circle
733134,Industrial Market SO,WB-Dinajpur Uttar,WB,Dinajpur Uttar,West Bengal,Non Delivery,Uttar Dinajpur Division,North Bengal Region,West Bengal Circle
733209,Kanki SO,WB-Dinajpur Uttar,WB,Dinajpur Uttar,West Bengal,Delivery,Uttar Dinajpur Division,North Bengal Region,West Bengal Circle
733101,Narayanpur SO South Dinajpur,WB-Dinajpur Dakshin,WB,Dinajpur Dakshin,West Bengal,Non Delivery,Dakshin Dinajpur Division,North Bengal Region,West Bengal Circle
733134,Raiganj Bandar SO,WB-Dinajpur Uttar,WB,Dinajpur Uttar,West Bengal,Non Delivery,Uttar Dinajpur Division,North Bengal Region,West Bengal Circle
733101,School Para SO,WB-Dinajpur Dakshin,WB,Dinajpur Dakshin,West Bengal,Non Delivery,Dakshin Dinajpur Division,North Bengal Region,West Bengal Circle
713331,Amladahi SO,WB-Paschim Bardhaman,WB,Paschim Bardhaman,West Bengal,Non Delivery,Asansol Division,South Bengal Region,West Bengal Circle
713303,BBCollege SO,WB-Paschim Bardhaman,WB,Paschim Bardhaman,West Bengal,Non Delivery,Asansol Division,South Bengal Region,West Bengal Circle
713325,Burnpur Mkt SO,WB-Paschim Bardhaman,WB,Paschim Bardhaman,West Bengal,Non Delivery,Asansol Division,South Bengal Region,West Bengal Circle
713325,Burnpur SO,WB-Paschim Bardhaman,WB,Paschim Bardhaman,West Bengal,Delivery,Asansol Division,South Bengal Region,West Bengal Circle
713332,Devchandnagar SO,WB-Paschim Bardhaman,WB,Paschim Bardhaman,West Bengal,Delivery,Asansol Division,South Bengal Region,West Bengal Circle
713334,Domahani Bazar SO,WB-Paschim Bardhaman,WB,Paschim Bardhaman,West Bengal,Delivery,Asansol Division,South Bengal Region,West Bengal Circle
713340,Kalla Central Hospital SO,WB-Paschim Bardhaman,WB,Paschim Bardhaman,West Bengal,Delivery,Asansol Division,South Bengal Region,West Bengal Circle
713344,Nandi SO Bardhaman,WB-Paschim Bardhaman,WB,Paschim Bardhaman,West Bengal,Delivery,Asansol Division,South Bengal Region,West Bengal Circle
713302,Railpar SO Bardhaman,WB-Paschim Bardhaman,WB,Paschim Bardhaman,West Bengal,Non Delivery,Asansol Division,South Bengal Region,West Bengal Circle
713204,Benachity Market SO,WB-Paschim Bardhaman,WB,Paschim Bardhaman,West Bengal,Non Delivery,Asansol Division,South Bengal Region,West Bengal Circle
713215,Durgapur Brick Field SO,WB-Paschim Bardhaman,WB,Paschim Bardhaman,West Bengal,Non Delivery,Asansol Division,South Bengal Region,West Bengal Circle
713201,Durgapur RS SO,WB-Paschim Bardhaman,WB,Paschim Bardhaman,West Bengal,Non Delivery,Asansol Division,South Bengal Region,West Bengal Circle
713211,Durgapur Sagarbhanga Colony SO,WB-Paschim Bardhaman,WB,Paschim Bardhaman,West Bengal,Delivery,Asansol Division,South Bengal Region,West Bengal Circle
713210,V K Nagar SO,WB-Paschim Bardhaman,WB,Paschim Bardhaman,West Bengal,Non Delivery,Asansol Division,South Bengal Region,West Bengal Circle
713212,Durgapur Bidhannagar Postal Colony SO,WB-Paschim Bardhaman,WB,Paschim Bardhaman,West Bengal,Non Delivery,Asansol Division,South Bengal Region,West Bengal Circle
713376,Dhandadihi SO,WB-Paschim Bardhaman,WB,Paschim Bardhaman,West Bengal,Delivery,Asansol Division,South Bengal Region,West Bengal Circle
713385,Laudoha SO,WB-Paschim Bardhaman,WB,Paschim Bardhaman,West Bengal,Delivery,Asansol Division,South Bengal Region,West Bengal Circle
713363,Ukhra Puratanhattala SO,WB-Paschim Bardhaman,WB,Paschim Bardhaman,West Bengal,Non Delivery,Asansol Division,South Bengal Region,West Bengal Circle
722201,Akui SO,WB-Bankura,WB,Bankura,West Bengal,Delivery,Bankura Division,South Bengal Region,West Bengal Circle
722164,Bankadaha SO,WB-Bankura,WB,Bankura,West Bengal,Delivery,Bankura Division,South Bengal Region,West Bengal Circle
722121,Bheduasole SO,WB-Bankura,WB,Bankura,West Bengal,Delivery,Bankura Division,South Bengal Region,West Bengal Circle
722122,Bishnupur SO Bankura,WB-Bankura,WB,Bankura,West Bengal,Delivery,Bankura Division,South Bengal Region,West Bengal Circle
722122,Bishnupur Stn Rd SO,WB-Bankura,WB,Bankura,West Bengal,Non Delivery,Bankura Division,South Bengal Region,West Bengal Circle
722133,Gangajalghati SO,WB-Bankura,WB,Bankura,West Bengal,Delivery,Bankura Division,South Bengal Region,West Bengal Circle
722154,Gelia SO,WB-Bankura,WB,Bankura,West Bengal,Delivery,Bankura Division,South Bengal Region,West Bengal Circle
722102,Kenduadihi SO,WB-Bankura,WB,Bankura,West Bengal,Delivery,Bankura Division,South Bengal Region,West Bengal Circle
722122,Lalbandh SO,WB-Bankura,WB,Bankura,West Bengal,Non Delivery,Bankura Division,South Bengal Region,West Bengal Circle
722142,Maliara SO,WB-Bankura,WB,Bankura,West Bengal,Delivery,Bankura Division,South Bengal Region,West Bengal Circle
722143,Mejhia SO,WB-Bankura,WB,Bankura,West Bengal,Delivery,Bankura Division,South Bengal Region,West Bengal Circle
722101,Nutanchati SO,WB-Bankura,WB,Bankura,West Bengal,Non Delivery,Bankura Division,South Bengal Region,West Bengal Circle
722208,Pakhanna SO,WB-Bankura,WB,Bankura,West Bengal,Delivery,Bankura Division,South Bengal Region,West Bengal Circle
722206,Patrasayer SO,WB-Bankura,WB,Bankura,West Bengal,Delivery,Bankura Division,South Bengal Region,West Bengal Circle
722148,Ranibandh SO,WB-Bankura,WB,Bankura,West Bengal,Delivery,Bankura Division,South Bengal Region,West Bengal Circle
722122,Rasikganj SO,WB-Bankura,WB,Bankura,West Bengal,Non Delivery,Bankura Division,South Bengal Region,West Bengal Circle
722152,Taldangra SO,WB-Bankura,WB,Bankura,West Bengal,Delivery,Bankura Division,South Bengal Region,West Bengal Circle
713401,Ajhapur SO,WB-Purba Bardhaman,WB,Purba Bardhaman,West Bengal,Delivery,Burdwan Division,South Bengal Region,West Bengal Circle
713146,Bamunpara SO,WB-Purba Bardhaman,WB,Purba Bardhaman,West Bengal,Non Delivery,Burdwan Division,South Bengal Region,West Bengal Circle
713125,Bhatar SO,WB-Purba Bardhaman,WB,Purba Bardhaman,West Bengal,Delivery,Burdwan Division,South Bengal Region,West Bengal Circle
713126,Bhedia SO,WB-Purba Bardhaman,WB,Purba Bardhaman,West Bengal,Delivery,Burdwan Division,South Bengal Region,West Bengal Circle
713104,Burdwan Medical College SO,WB-Purba Bardhaman,WB,Purba Bardhaman,West Bengal,Non Delivery,Burdwan Division,South Bengal Region,West Bengal Circle
713101,Burdwan Rs SO,WB-Purba Bardhaman,WB,Purba Bardhaman,West Bengal,Non Delivery,Burdwan Division,South Bengal Region,West Bengal Circle
713128,Gushkara New Town SO,WB-Purba Bardhaman,WB,Purba Bardhaman,West Bengal,Non Delivery,Burdwan Division,South Bengal Region,West Bengal Circle
713104,Harisava SO,WB-Purba Bardhaman,WB,Purba Bardhaman,West Bengal,Non Delivery,Burdwan Division,South Bengal Region,West Bengal Circle
713408,Jamalpur SO Bardhaman,WB-Purba Bardhaman,WB,Purba Bardhaman,West Bengal,Delivery,Burdwan Division,South Bengal Region,West Bengal Circle
713142,Khandaghosh SO,WB-Purba Bardhaman,WB,Purba Bardhaman,West Bengal,Delivery,Burdwan Division,South Bengal Region,West Bengal Circle
713146,Memari SO,WB-Purba Bardhaman,WB,Purba Bardhaman,West Bengal,Delivery,Burdwan Division,South Bengal Region,West Bengal Circle
713166,Nabagram SO Bardhaman,WB-Purba Bardhaman,WB,Purba Bardhaman,West Bengal,Delivery,Burdwan Division,South Bengal Region,West Bengal Circle
713151,Rasulpur SO,WB-Purba Bardhaman,WB,Purba Bardhaman,West Bengal,Delivery,Burdwan Division,South Bengal Region,West Bengal Circle
713520,Nityanandapur SO,WB-Purba Bardhaman,WB,Purba Bardhaman,West Bengal,Delivery,Burdwan Division,South Bengal Region,West Bengal Circle
713409,Bhaduripara SO,WB-Purba Bardhaman,WB,Purba Bardhaman,West Bengal,Non Delivery,Burdwan Division,South Bengal Region,West Bengal Circle
713512,Patuli SO,WB-Purba Bardhaman,WB,Purba Bardhaman,West Bengal,Delivery,Burdwan Division,South Bengal Region,West Bengal Circle
713514,Singhi SO,WB-Purba Bardhaman,WB,Purba Bardhaman,West Bengal,Delivery,Burdwan Division,South Bengal Region,West Bengal Circle
713150,Srikhanda SO,WB-Purba Bardhaman,WB,Purba Bardhaman,West Bengal,Delivery,Burdwan Division,South Bengal Region,West Bengal Circle
721423,Balisai SO,WB-Medinipur East,WB,Medinipur East,West Bengal,Delivery,Contai Division,South Bengal Region,West Bengal Circle
721425,Bhupatinagar SO,WB-Medinipur East,WB,Medinipur East,West Bengal,Delivery,Contai Division,South Bengal Region,West Bengal Circle
721428,Digha SO East Midnapore,WB-Medinipur East,WB,Medinipur East,West Bengal,Delivery,Contai Division,South Bengal Region,West Bengal Circle
721429,Egra SO,WB-Medinipur East,WB,Medinipur East,West Bengal,Delivery,Contai Division,South Bengal Region,West Bengal Circle
721457,Gomunda SO,WB-Medinipur West,WB,Medinipur West,West Bengal,Delivery,Contai Division,South Bengal Region,West Bengal Circle
721435,Menkapur SO,WB-Medinipur West,WB,Medinipur West,West Bengal,Delivery,Contai Division,South Bengal Region,West Bengal Circle
721436,Mohanpur SO West Midnapore,WB-Medinipur West,WB,Medinipur West,West Bengal,Delivery,Contai Division,South Bengal Region,West Bengal Circle
721451,Nekurseni SO,WB-Medinipur West,WB,Medinipur West,West Bengal,Delivery,Contai Division,South Bengal Region,West Bengal Circle
721458,Palpara SO East Midnapore,WB-Medinipur East,WB,Medinipur East,West Bengal,Delivery,Contai Division,South Bengal Region,West Bengal Circle
721448,Paniparul SO,WB-Medinipur East,WB,Medinipur East,West Bengal,Delivery,Contai Division,South Bengal Region,West Bengal Circle
721439,Patashpur SO,WB-Medinipur East,WB,Medinipur East,West Bengal,Delivery,Contai Division,South Bengal Region,West Bengal Circle
721440,Pratapdighi SO,WB-Medinipur East,WB,Medinipur East,West Bengal,Delivery,Contai Division,South Bengal Region,West Bengal Circle
721446,Sagareswar SO,WB-Medinipur East,WB,Medinipur East,West Bengal,Delivery,Contai Division,South Bengal Region,West Bengal Circle
712122,Badanganj SO,WB-Hooghly,WB,Hooghly,West Bengal,Delivery,Hooghly North Division,South Bengal Region,West Bengal Circle
712615,Batanal SO,WB-Hooghly,WB,Hooghly,West Bengal,Delivery,Hooghly North Division,South Bengal Region,West Bengal Circle
712412,Helan SO,WB-Hooghly,WB,Hooghly,West Bengal,Delivery,Hooghly North Division,South Bengal Region,West Bengal Circle
712612,Kamarpukur SO,WB-Hooghly,WB,Hooghly,West Bengal,Delivery,Hooghly North Division,South Bengal Region,West Bengal Circle
712502,Bansberia SO,WB-Hooghly,WB,Hooghly,West Bengal,Delivery,Hooghly North Division,South Bengal Region,West Bengal Circle
712101,Chinsurah Court SO,WB-Hooghly,WB,Hooghly,West Bengal,Non Delivery,Hooghly North Division,South Bengal Region,West Bengal Circle
712302,Dhaniakhali SO,WB-Hooghly,WB,Hooghly,West Bengal,Delivery,Hooghly North Division,South Bengal Region,West Bengal Circle
712513,Nayasarai SO,WB-Hooghly,WB,Hooghly,West Bengal,Delivery,Hooghly North Division,South Bengal Region,West Bengal Circle
712101,Pratappur SO Hooghly,WB-Hooghly,WB,Hooghly,West Bengal,Non Delivery,Hooghly North Division,South Bengal Region,West Bengal Circle
712221,Angus SO,WB-Hooghly,WB,Hooghly,West Bengal,Delivery,Hooghly South Division,South Bengal Region,West Bengal Circle
712306,Begampur SO Hooghly,WB-Hooghly,WB,Hooghly,West Bengal,Delivery,Hooghly South Division,South Bengal Region,West Bengal Circle
712136,Kundughat SO,WB-Hooghly,WB,Hooghly,West Bengal,Non Delivery,Hooghly South Division,South Bengal Region,West Bengal Circle
712248,Mahesh 2 SO,WB-Hooghly,WB,Hooghly,West Bengal,Non Delivery,Hooghly South Division,South Bengal Region,West Bengal Circle
712250,Morepukur SO,WB-Hooghly,WB,Hooghly,West Bengal,Delivery,Hooghly South Division,South Bengal Region,West Bengal Circle
711401,Amta SO,WB-Howrah,WB,Howrah,West Bengal,Delivery,Howrah Division,South Bengal Region,West Bengal Circle
711302,Andul mouri SO,WB-Howrah,WB,Howrah,West Bengal,Delivery,Howrah Division,South Bengal Region,West Bengal Circle
711103,Andul Road SO,WB-Howrah,WB,Howrah,West Bengal,Non Delivery,Howrah Division,South Bengal Region,West Bengal Circle
711113,Balitikuri SO,WB-Howrah,WB,Howrah,West Bengal,Delivery,Howrah Division,South Bengal Region,West Bengal Circle
711403,Bankra SO,WB-Howrah,WB,Howrah,West Bengal,Delivery,Howrah Division,South Bengal Region,West Bengal Circle
711104,Chakraberia SO,WB-Howrah,WB,Howrah,West Bengal,Non Delivery,Howrah Division,South Bengal Region,West Bengal Circle
711102,Cows Ghat Rd SO,WB-Howrah,WB,Howrah,West Bengal,Non Delivery,Howrah Division,South Bengal Region,West Bengal Circle
711102,Dinabandhu Instt SO,WB-Howrah,WB,Howrah,West Bengal,Non Delivery,Howrah Division,South Bengal Region,West Bengal Circle
711312,Mugkalyan SO,WB-Howrah,WB,Howrah,West Bengal,Delivery,Howrah Division,South Bengal Region,West Bengal Circle
711101,Pachalbazar SO,WB-Howrah,WB,Howrah,West Bengal,Non Delivery,Howrah Division,South Bengal Region,West Bengal Circle
711101,Panchanantala Road SO,WB-Howrah,WB,Howrah,West Bengal,Non Delivery,Howrah Division,South Bengal Region,West Bengal Circle
711101,Ross Road SO,WB-Howrah,WB,Howrah,West Bengal,Non Delivery,Howrah Division,South Bengal Region,West Bengal Circle
711226,Udaynarayanpur SO,WB-Howrah,WB,Howrah,West Bengal,Delivery,Howrah Division,South Bengal Region,West Bengal Circle
711204,AGuha Road SO,WB-Howrah,WB,Howrah,West Bengal,Non Delivery,Howrah Division,South Bengal Region,West Bengal Circle
711201,Bally SO,WB-Howrah,WB,Howrah,West Bengal,Delivery,Howrah Division,South Bengal Region,West Bengal Circle
711202,Belur Math SO,WB-Howrah,WB,Howrah,West Bengal,Delivery,Howrah Division,South Bengal Region,West Bengal Circle
711203,Bhattanagar SO,WB-Howrah,WB,Howrah,West Bengal,Delivery,Howrah Division,South Bengal Region,West Bengal Circle
711106,Dharmatala Rd SO,WB-Howrah,WB,Howrah,West Bengal,Non Delivery,Howrah Division,South Bengal Region,West Bengal Circle
711106,Howrah Loco Depot SO,WB-Howrah,WB,Howrah,West Bengal,Non Delivery,Howrah Division,South Bengal Region,West Bengal Circle
711107,Howrah VicCotMill SO,WB-Howrah,WB,Howrah,West Bengal,Non Delivery,Howrah Division,South Bengal Region,West Bengal Circle
711108,Netajigarh SO,WB-Howrah,WB,Howrah,West Bengal,Delivery,Howrah Division,South Bengal Region,West Bengal Circle
711106,Qumaresh SO,WB-Howrah,WB,Howrah,West Bengal,Non Delivery,Howrah Division,South Bengal Region,West Bengal Circle
711115,Jagadishpurhat SO,WB-Howrah,WB,Howrah,West Bengal,Delivery,Howrah Division,South Bengal Region,West Bengal Circle
721135,Kultikri SO,WB-Jhargram,WB,Jhargram,West Bengal,Delivery,Midnapore Division,South Bengal Region,West Bengal Circle
721143,Rohini SO,WB-Jhargram,WB,Jhargram,West Bengal,Delivery,Midnapore Division,South Bengal Region,West Bengal Circle
721501,Belpahari SO,WB-Jhargram,WB,Jhargram,West Bengal,Delivery,Midnapore Division,South Bengal Region,West Bengal Circle
721304,Dhekia SO,WB-Medinipur West,WB,Medinipur West,West Bengal,Non Delivery,Midnapore Division,South Bengal Region,West Bengal Circle
721506,Gopi Ballavpur SO,WB-Jhargram,WB,Jhargram,West Bengal,Delivery,Midnapore Division,South Bengal Region,West Bengal Circle
721303,Kalaikunda A F SO,WB-Medinipur West,WB,Medinipur West,West Bengal,Delivery,Midnapore Division,South Bengal Region,West Bengal Circle
721517,Tapsia SO,WB-Jhargram,WB,Jhargram,West Bengal,Delivery,Midnapore Division,South Bengal Region,West Bengal Circle
721101,Dharma SO West Midnapore,WB-Medinipur West,WB,Medinipur West,West Bengal,Non Delivery,Midnapore Division,South Bengal Region,West Bengal Circle
721301,Gole Bazar SO,WB-Medinipur West,WB,Medinipur West,West Bengal,Non Delivery,Midnapore Division,South Bengal Region,West Bengal Circle
721305,Inda SO,WB-Medinipur West,WB,Medinipur West,West Bengal,Delivery,Midnapore Division,South Bengal Region,West Bengal Circle
721150,Keshpur SO,WB-Medinipur West,WB,Medinipur West,West Bengal,Delivery,Midnapore Division,South Bengal Region,West Bengal Circle
721301,Kharagpur SO,WB-Medinipur West,WB,Medinipur West,West Bengal,Delivery,Midnapore Division,South Bengal Region,West Bengal Circle
721301,Kharagpur Work Shop SO,WB-Medinipur West,WB,Medinipur West,West Bengal,Non Delivery,Midnapore Division,South Bengal Region,West Bengal Circle
721136,Lowada SO,WB-Medinipur West,WB,Medinipur West,West Bengal,Delivery,Midnapore Division,South Bengal Region,West Bengal Circle
721149,Madpur SO,WB-Medinipur West,WB,Medinipur West,West Bengal,Delivery,Midnapore Division,South Bengal Region,West Bengal Circle
721156,Marhtala SO,WB-Medinipur West,WB,Medinipur West,West Bengal,Delivery,Midnapore Division,South Bengal Region,West Bengal Circle
721301,Mathurakati SO,WB-Medinipur West,WB,Medinipur West,West Bengal,Non Delivery,Midnapore Division,South Bengal Region,West Bengal Circle
721101,Midnapore Collectorate SO,WB-Medinipur West,WB,Medinipur West,West Bengal,Non Delivery,Midnapore Division,South Bengal Region,West Bengal Circle
721101,Midnapore Police Line SO,WB-Medinipur West,WB,Medinipur West,West Bengal,Non Delivery,Midnapore Division,South Bengal Region,West Bengal Circle
721101,Midnapore Sitala SO,WB-Medinipur West,WB,Medinipur West,West Bengal,Non Delivery,Midnapore Division,South Bengal Region,West Bengal Circle
721146,Sekendari SO,WB-Medinipur West,WB,Medinipur West,West Bengal,Delivery,Midnapore Division,South Bengal Region,West Bengal Circle
721147,Shalboni SO,WB-Medinipur West,WB,Medinipur West,West Bengal,Delivery,Midnapore Division,South Bengal Region,West Bengal Circle
723121,Adra Market SO,WB-Purulia,WB,Purulia,West Bengal,Non Delivery,Purulia Division,South Bengal Region,West Bengal Circle
723121,Adra SO,WB-Purulia,WB,Purulia,West Bengal,Delivery,Purulia Division,South Bengal Region,West Bengal Circle
723128,Balakdih SO,WB-Purulia,WB,Purulia,West Bengal,Delivery,Purulia Division,South Bengal Region,West Bengal Circle
723201,Garjaipur SO,WB-Purulia,WB,Purulia,West Bengal,Delivery,Purulia Division,South Bengal Region,West Bengal Circle
723213,Jiudaru SO,WB-Purulia,WB,Purulia,West Bengal,Delivery,Purulia Division,South Bengal Region,West Bengal Circle
723153,Kantadih SO,WB-Purulia,WB,Purulia,West Bengal,Delivery,Purulia Division,South Bengal Region,West Bengal Circle
723103,Namopara SO,WB-Purulia,WB,Purulia,West Bengal,Delivery,Purulia Division,South Bengal Region,West Bengal Circle
723132,Panchakotraj SO,WB-Purulia,WB,Purulia,West Bengal,Delivery,Purulia Division,South Bengal Region,West Bengal Circle
723145,Santaldih SO,WB-Purulia,WB,Purulia,West Bengal,Delivery,Purulia Division,South Bengal Region,West Bengal Circle
721653,Chanserpur SO,WB-Medinipur East,WB,Medinipur East,West Bengal,Delivery,Tamluk Division,South Bengal Region,West Bengal Circle
721606,HIT SO,WB-Medinipur East,WB,Medinipur East,West Bengal,Non Delivery,Tamluk Division,South Bengal Region,West Bengal Circle
721606,Haldia OR SO,WB-Medinipur East,WB,Medinipur East,West Bengal,Delivery,Tamluk Division,South Bengal Region,West Bengal Circle
721604,Haldia SO,WB-Medinipur East,WB,Medinipur East,West Bengal,Delivery,Tamluk Division,South Bengal Region,West Bengal Circle
721627,Kelomal SO,WB-Medinipur East,WB,Medinipur East,West Bengal,Delivery,Tamluk Division,South Bengal Region,West Bengal Circle
721134,Kolaghat RS SO,WB-Medinipur East,WB,Medinipur East,West Bengal,Non Delivery,Tamluk Division,South Bengal Region,West Bengal Circle
721171,Ktpp TS SO,WB-Medinipur East,WB,Medinipur East,West Bengal,Delivery,Tamluk Division,South Bengal Region,West Bengal Circle
721649,Mirikpur SO,WB-Medinipur East,WB,Medinipur East,West Bengal,Delivery,Tamluk Division,South Bengal Region,West Bengal Circle
721629,Moyna SO,WB-Medinipur East,WB,Medinipur East,West Bengal,Delivery,Tamluk Division,South Bengal Region,West Bengal Circle
721633,Narghat SO,WB-Medinipur East,WB,Medinipur East,West Bengal,Delivery,Tamluk Division,South Bengal Region,West Bengal Circle
721152,Panskura RS SO,WB-Medinipur East,WB,Medinipur East,West Bengal,Delivery,Tamluk Division,South Bengal Region,West Bengal Circle
721634,Raghunathbari SO,WB-Medinipur East,WB,Medinipur East,West Bengal,Delivery,Tamluk Division,South Bengal Region,West Bengal Circle
721647,Ramchandrapur SO East Midnapore,WB-Medinipur East,WB,Medinipur East,West Bengal,Delivery,Tamluk Division,South Bengal Region,West Bengal Circle
721651,Srirampur Mid SO,WB-Medinipur East,WB,Medinipur East,West Bengal,Delivery,Tamluk Division,South Bengal Region,West Bengal Circle
721638,Gopinathpur SO,WB-Medinipur East,WB,Medinipur East,West Bengal,Delivery,Tamluk Division,South Bengal Region,West Bengal Circle
